_ts,@timestamp,TimeCreated,EventID,Hostname,Channel,Level,Task,Keywords,ProviderGuid,SourceName,UtcTime,ProcessGuid,ProcessId,Image,CommandLine,CurrentDirectory,SubjectUserName,Hashes,ParentProcessGuid,ParentProcessId,ParentImage,ParentCommandLine,IntegrityLevel,SubjectLogonId,LogonGuid,TerminalSessionId,TargetFilename,CreationUtcTime,EventType,TargetObject,Details,NewName,Protocol,Initiated,SourceIsIpv6,SourceIp,SourceHostname,SourcePort,SourcePortName,DestinationIsIpv6,DestinationIp,DestinationHostname,DestinationPort,DestinationPortName,ImageLoaded,Signed,Signature,SignatureStatus,Company,Product,Description,FileVersion,OriginalFileName,SourceProcessGuid,SourceProcessId,SourceThreadId,SourceImage,TargetProcessGuid,TargetProcessId,TargetImage,GrantedAccess,CallTrace,PipeName,QueryName,QueryStatus,QueryResults,RuleName,ClientId,_Source
1.78169E+12,,,,,,,,,,,2026-06-17 9:43:27, {f4ba3e13-6893-6a32-1400-000000002400},1064,C:\Windows\System32\svchost.exe,,,NT AUTHORITY\NETWORK SERVICE,,,,,,,,,,,,,,,,,,,,,,,,,,,,,,,,,,,,,,,,,,,,,,,_ldap._tcp.Default-First-Site-Name._sites.dc._msdcs.APT.LOCAL.,1460,-,-,C.4f04b5de911bf0cd,C.4f04b5de911bf0cd
1.78169E+12,,,,,,,,,,,2026-06-17 9:44:07, {f4ba3e13-6c66-6a32-af00-000000002400},2148,C:\Users\Administrator\Desktop\068af8016c36fce5cf1e1a4722c1dc0d6e02cb6ed58b61c2ba99a54d294cc274.exe,"""C:\Users\Administrator\Desktop\068af8016c36fce5cf1e1a4722c1dc0d6e02cb6ed58b61c2ba99a54d294cc274.exe"" ",C:\Users\Administrator\Desktop\,CHILD\Administrator,"MD5=F0B9F50C6A247AC5CA9CC95135B83DCF,SHA256=068AF8016C36FCE5CF1E1A4722C1DC0D6E02CB6ED58B61C2BA99A54D294CC274,IMPHASH=E24946FD3B548D18411EA3DC85666A69", {f4ba3e13-6a2d-6a32-5d00-000000002400},4052,C:\Windows\explorer.exe,C:\Windows\Explorer.EXE /NOUACCHECK,High,0x42463, {f4ba3e13-6a29-6a32-6324-040000000000},1,,,,,,,,,,,,,,,,,,,,,,,-,-,-,-,-,,,,,,,,,,,,,,-,C.4f04b5de911bf0cd,C.4f04b5de911bf0cd
1.78169E+12,,,,,,,,,,,2026-06-17 9:44:07, {f4ba3e13-6893-6a32-1100-000000002400},432,C:\Windows\System32\svchost.exe,,,NT AUTHORITY\SYSTEM,,,,,,,,,,,,SetValue,HKU\S-1-5-21-1708988400-3611681687-2257486301-500\SOFTWARE\Microsoft\Windows NT\CurrentVersion\AppCompatFlags\Compatibility Assistant\Store\C:\Users\Administrator\Desktop\068af8016c36fce5cf1e1a4722c1dc0d6e02cb6ed58b61c2ba99a54d294cc274.exe,Binary Data,,,,,,,,,,,,,,,,,,,,,,,,,,,,,,,,,,,,InvDB,C.4f04b5de911bf0cd,C.4f04b5de911bf0cd
1.78169E+12,,,,,,,,,,,2026-06-17 9:44:38, {f4ba3e13-6c66-6a32-af00-000000002400},2148,C:\Users\Administrator\Desktop\068af8016c36fce5cf1e1a4722c1dc0d6e02cb6ed58b61c2ba99a54d294cc274.exe,,,CHILD\Administrator,,,,,,,,,,C:\Users\Administrator\AppData\Roaming\winapp\057ae7005b25ebd4be0d0a3611b0cb0c5d01ba5dc47a50b1aa88a43c183bb163.exe,2026-06-17 9:44:38,,,,,,,,,,,,,,,,,,,,,,,,,,,,,,,,,,,,,,,EXE,C.4f04b5de911bf0cd,C.4f04b5de911bf0cd
1.78169E+12,,,,,,,,,,,2026-06-17 9:44:43, {f4ba3e13-6c8b-6a32-b000-000000002400},4784,C:\Users\Administrator\AppData\Roaming\winapp\057ae7005b25ebd4be0d0a3611b0cb0c5d01ba5dc47a50b1aa88a43c183bb163.exe,C:\Users\Administrator\AppData\Roaming\winapp\057ae7005b25ebd4be0d0a3611b0cb0c5d01ba5dc47a50b1aa88a43c183bb163.exe,C:\Users\Administrator\AppData\Roaming\winapp\,CHILD\Administrator,"MD5=F0B9F50C6A247AC5CA9CC95135B83DCF,SHA256=068AF8016C36FCE5CF1E1A4722C1DC0D6E02CB6ED58B61C2BA99A54D294CC274,IMPHASH=E24946FD3B548D18411EA3DC85666A69", {f4ba3e13-6c66-6a32-af00-000000002400},2148,C:\Users\Administrator\Desktop\068af8016c36fce5cf1e1a4722c1dc0d6e02cb6ed58b61c2ba99a54d294cc274.exe,"""C:\Users\Administrator\Desktop\068af8016c36fce5cf1e1a4722c1dc0d6e02cb6ed58b61c2ba99a54d294cc274.exe"" ",High,0x42463, {f4ba3e13-6a29-6a32-6324-040000000000},1,,,,,,,,,,,,,,,,,,,,,,,-,-,-,-,-,,,,,,,,,,,,,,-,C.4f04b5de911bf0cd,C.4f04b5de911bf0cd
1.78169E+12,,,,,,,,,,,2026-06-17 9:44:43, {f4ba3e13-6c66-6a32-af00-000000002400},2148,C:\Users\Administrator\Desktop\068af8016c36fce5cf1e1a4722c1dc0d6e02cb6ed58b61c2ba99a54d294cc274.exe,,,CHILD\Administrator,,,,,,,,,,,,,,,,,,,,,,,,,,,,,,,,,,,,,,,,,,,,,,,,,,-,C.4f04b5de911bf0cd,C.4f04b5de911bf0cd
1.78169E+12,,,,,,,,,,,2026-06-17 9:45:14, {f4ba3e13-6caa-6a32-b100-000000002400},4528,C:\Windows\System32\svchost.exe,svchost.exe -k netsvcs,C:\Users\Administrator\AppData\Roaming\winapp\,CHILD\Administrator,"MD5=36F670D89040709013F6A460176767EC,SHA256=438B6CCD84F4DD32D9684ED7D58FD7D1E5A75FE3F3D12AB6C788E6BB0FFAD5E7,IMPHASH=2CED93915677390B76EE1916B92F3EF6", {f4ba3e13-6c8b-6a32-b000-000000002400},4784,C:\Users\Administrator\AppData\Roaming\winapp\057ae7005b25ebd4be0d0a3611b0cb0c5d01ba5dc47a50b1aa88a43c183bb163.exe,C:\Users\Administrator\AppData\Roaming\winapp\057ae7005b25ebd4be0d0a3611b0cb0c5d01ba5dc47a50b1aa88a43c183bb163.exe,High,0x42463, {f4ba3e13-6a29-6a32-6324-040000000000},1,,,,,,,,,,,,,,,,,,,,,,,Microsoft Corporation,Microsoft® Windows® Operating System,Host Process for Windows Services,10.0.14393.0 (rs1_release.160715-1616),svchost.exe,,,,,,,,,,,,,,-,C.4f04b5de911bf0cd,C.4f04b5de911bf0cd
1.78169E+12,,,,,,,,,,,2026-06-17 9:45:14, {f4ba3e13-6c8b-6a32-b000-000000002400},4784,C:\Users\Administrator\AppData\Roaming\winapp\057ae7005b25ebd4be0d0a3611b0cb0c5d01ba5dc47a50b1aa88a43c183bb163.exe,,,CHILD\Administrator,,,,,,,,,,,,,,,,,,,,,,,,,,,,,,,,,,,,,,,,,,,,,,,,,,-,C.4f04b5de911bf0cd,C.4f04b5de911bf0cd
1.78169E+12,,,,,,,,,,,2026-06-17 9:45:15, {f4ba3e13-6893-6a32-1000-000000002400},392,C:\Windows\system32\svchost.exe,,,NT AUTHORITY\SYSTEM,,,,,,,,,,C:\Windows\System32\Tasks\services update,2026-06-17 9:45:15,,,,,,,,,,,,,,,,,,,,,,,,,,,,,,,,,,,,,,,T1053,C.4f04b5de911bf0cd,C.4f04b5de911bf0cd
1.78169E+12,,,,,,,,,,,2026-06-17 9:45:15, {f4ba3e13-6cab-6a32-b200-000000002400},2656,C:\Program Files\Windows Defender\MpCmdRun.exe,"""C:\Program Files\Windows Defender\\MpCmdRun.exe"" GetDeviceTicket -AccessKey 7B472202-AB3E-1B4D-1F20-3B0A5F6EC854 ",C:\Windows\system32\,NT AUTHORITY\NETWORK SERVICE,"MD5=C37ADF3801F599EDF3180354BBAB2560,SHA256=1C90A322F55D574EF703B9CB0ADFB379CEFA33A2B5D72F04A6E9AAA2F209F6B5,IMPHASH=5F980D25420E31451E189C1082EF5045", {f4ba3e13-689c-6a32-2200-000000002400},1180,C:\Program Files\Windows Defender\MsMpEng.exe,"""C:\Program Files\Windows Defender\MsMpEng.exe""",System,0x3E4, {f4ba3e13-6890-6a32-e403-000000000000},0,,,,,,,,,,,,,,,,,,,,,,,Microsoft Corporation,Microsoft® Windows® Operating System,Microsoft Malware Protection Command Line Utility,4.10.14393.0 (rs1_release.160715-1616),MpCmdRun.exe,,,,,,,,,,,,,,-,C.4f04b5de911bf0cd,C.4f04b5de911bf0cd
1.78169E+12,,,,,,,,,,,2026-06-17 9:45:16, {f4ba3e13-6893-6a32-1100-000000002400},432,C:\Windows\System32\svchost.exe,,,NT AUTHORITY\SYSTEM,,,,,,,,,,,,SetValue,HKU\S-1-5-21-1708988400-3611681687-2257486301-500\SOFTWARE\Microsoft\Windows NT\CurrentVersion\AppCompatFlags\Compatibility Assistant\Store\C:\Users\Administrator\Desktop\068af8016c36fce5cf1e1a4722c1dc0d6e02cb6ed58b61c2ba99a54d294cc274.exe,Binary Data,,,,,,,,,,,,,,,,,,,,,,,,,,,,,,,,,,,,InvDB,C.4f04b5de911bf0cd,C.4f04b5de911bf0cd
1.78169E+12,,,,,,,,,,,2026-06-17 9:45:28, {f4ba3e13-6cb8-6a32-b300-000000002400},2440,C:\Program Files\Windows Defender\MpCmdRun.exe,"""C:\Program Files\Windows Defender\\MpCmdRun.exe"" GetDeviceTicket -AccessKey DBCA9E83-C6B8-C8C3-1958-3DA8DE8A4EF9 ",C:\Windows\system32\,NT AUTHORITY\NETWORK SERVICE,"MD5=C37ADF3801F599EDF3180354BBAB2560,SHA256=1C90A322F55D574EF703B9CB0ADFB379CEFA33A2B5D72F04A6E9AAA2F209F6B5,IMPHASH=5F980D25420E31451E189C1082EF5045", {f4ba3e13-689c-6a32-2200-000000002400},1180,C:\Program Files\Windows Defender\MsMpEng.exe,"""C:\Program Files\Windows Defender\MsMpEng.exe""",System,0x3E4, {f4ba3e13-6890-6a32-e403-000000000000},0,,,,,,,,,,,,,,,,,,,,,,,Microsoft Corporation,Microsoft® Windows® Operating System,Microsoft Malware Protection Command Line Utility,4.10.14393.0 (rs1_release.160715-1616),MpCmdRun.exe,,,,,,,,,,,,,,-,C.4f04b5de911bf0cd,C.4f04b5de911bf0cd
1.78169E+12,,,,,,,,,,,2026-06-17 9:46:45, {f4ba3e13-6d05-6a32-b500-000000002400},2660,C:\Windows\System32\svchost.exe,svchost.exe -k netsvcs,C:\Windows\system32\,NT AUTHORITY\SYSTEM,"MD5=36F670D89040709013F6A460176767EC,SHA256=438B6CCD84F4DD32D9684ED7D58FD7D1E5A75FE3F3D12AB6C788E6BB0FFAD5E7,IMPHASH=2CED93915677390B76EE1916B92F3EF6", {f4ba3e13-6ce6-6a32-b400-000000002400},4884,C:\Users\Administrator\AppData\Roaming\winapp\057ae7005b25ebd4be0d0a3611b0cb0c5d01ba5dc47a50b1aa88a43c183bb163.exe,C:\Users\Administrator\AppData\Roaming\winapp\057ae7005b25ebd4be0d0a3611b0cb0c5d01ba5dc47a50b1aa88a43c183bb163.exe,System,0x3E7, {f4ba3e13-6880-6a32-e703-000000000000},0,,,,,,,,,,,,,,,,,,,,,,,Microsoft Corporation,Microsoft® Windows® Operating System,Host Process for Windows Services,10.0.14393.0 (rs1_release.160715-1616),svchost.exe,,,,,,,,,,,,,,-,C.4f04b5de911bf0cd,C.4f04b5de911bf0cd
1.78169E+12,,,,,,,,,,,2026-06-17 9:46:45, {f4ba3e13-6ce6-6a32-b400-000000002400},4884,C:\Users\Administrator\AppData\Roaming\winapp\057ae7005b25ebd4be0d0a3611b0cb0c5d01ba5dc47a50b1aa88a43c183bb163.exe,,,NT AUTHORITY\SYSTEM,,,,,,,,,,,,,,,,,,,,,,,,,,,,,,,,,,,,,,,,,,,,,,,,,,-,C.4f04b5de911bf0cd,C.4f04b5de911bf0cd
1.78169E+12,,,,,,,,,,,2026-06-17 9:46:45, {f4ba3e13-6d05-6a32-b500-000000002400},2660,C:\Windows\System32\svchost.exe,,,NT AUTHORITY\SYSTEM,,,,,,,,,,,,,,,,,,,,,,,,,,,,,,,,,,,,,,,,,,,,,,,icanhazip.com,0,::ffff:192.169.34.199;,-,C.4f04b5de911bf0cd,C.4f04b5de911bf0cd
1.78169E+12,,,,,,,,,,,2026-06-17 9:48:08, {f4ba3e13-6893-6a32-1400-000000002400},1064,C:\Windows\System32\svchost.exe,,,NT AUTHORITY\NETWORK SERVICE,,,,,,,,,,,,,,,,,,,,,,,,,,,,,,,,,,,,,,,,,,,,,,,icanhazip.com,0,192.169.34.199;,-,C.4f04b5de911bf0cd,C.4f04b5de911bf0cd
1.78169E+12,,,,,,,,,,,2026-06-17 9:48:16, {f4ba3e13-6d60-6a32-ba00-000000002400},3992,C:\Windows\System32\svchost.exe,svchost.exe -k netsvcs,C:\Windows\system32\,NT AUTHORITY\SYSTEM,"MD5=36F670D89040709013F6A460176767EC,SHA256=438B6CCD84F4DD32D9684ED7D58FD7D1E5A75FE3F3D12AB6C788E6BB0FFAD5E7,IMPHASH=2CED93915677390B76EE1916B92F3EF6", {f4ba3e13-6d41-6a32-b600-000000002400},1172,C:\Users\Administrator\AppData\Roaming\winapp\057ae7005b25ebd4be0d0a3611b0cb0c5d01ba5dc47a50b1aa88a43c183bb163.exe,C:\Users\Administrator\AppData\Roaming\winapp\057ae7005b25ebd4be0d0a3611b0cb0c5d01ba5dc47a50b1aa88a43c183bb163.exe,System,0x3E7, {f4ba3e13-6880-6a32-e703-000000000000},0,,,,,,,,,,,,,,,,,,,,,,,Microsoft Corporation,Microsoft® Windows® Operating System,Host Process for Windows Services,10.0.14393.0 (rs1_release.160715-1616),svchost.exe,,,,,,,,,,,,,,-,C.4f04b5de911bf0cd,C.4f04b5de911bf0cd
1.78169E+12,,,,,,,,,,,2026-06-17 9:48:16, {f4ba3e13-6d41-6a32-b600-000000002400},1172,C:\Users\Administrator\AppData\Roaming\winapp\057ae7005b25ebd4be0d0a3611b0cb0c5d01ba5dc47a50b1aa88a43c183bb163.exe,,,NT AUTHORITY\SYSTEM,,,,,,,,,,,,,,,,,,,,,,,,,,,,,,,,,,,,,,,,,,,,,,,,,,-,C.4f04b5de911bf0cd,C.4f04b5de911bf0cd
1.78169E+12,,,,,,,,,,,2026-06-17 9:49:36, {f4ba3e13-6db0-6a32-bd00-000000002400},5044,C:\Windows\servicing\TrustedInstaller.exe,C:\Windows\servicing\TrustedInstaller.exe,C:\Windows\system32\,NT AUTHORITY\SYSTEM,"MD5=09440FA30C020B4443391FAFCF4876E3,SHA256=208C7725F70C75D8C96CCAF5B22F83B8B1C66D8C9FFF48465B1C9F4A77425569,IMPHASH=ADD58937BFC44F19A4BE092C99370CF5", {f4ba3e13-687e-6a32-0a00-000000002400},668,C:\Windows\System32\services.exe,C:\Windows\system32\services.exe,System,0x3E7, {f4ba3e13-6880-6a32-e703-000000000000},0,,,,,,,,,,,,,,,,,,,,,,,Microsoft Corporation,Microsoft® Windows® Operating System,Windows Modules Installer,10.0.14393.479 (rs1_release.161110-2025),TrustedInstaller.exe,,,,,,,,,,,,,,-,C.4f04b5de911bf0cd,C.4f04b5de911bf0cd
1.78169E+12,,,,,,,,,,,2026-06-17 9:49:36, {f4ba3e13-6db0-6a32-be00-000000002400},2148,C:\Windows\WinSxS\amd64_microsoft-windows-servicingstack_31bf3856ad364e35_10.0.14393.693_none_42ff55c9655f38bf\TiWorker.exe,C:\Windows\winsxs\amd64_microsoft-windows-servicingstack_31bf3856ad364e35_10.0.14393.693_none_42ff55c9655f38bf\TiWorker.exe -Embedding,C:\Windows\system32\,NT AUTHORITY\SYSTEM,"MD5=4E1F1311824BD84323DA62DECE642B62,SHA256=B6E333F2C1AA300E86F4E81A7A0E05734152F858F56AC0E008E3B104BE60DE74,IMPHASH=38FF53C1CCC1EE4C508C0F83A88C4E19", {f4ba3e13-688e-6a32-0c00-000000002400},884,C:\Windows\System32\svchost.exe,C:\Windows\system32\svchost.exe -k DcomLaunch,System,0x3E7, {f4ba3e13-6880-6a32-e703-000000000000},0,,,,,,,,,,,,,,,,,,,,,,,Microsoft Corporation,Microsoft® Windows® Operating System,Windows Modules Installer Worker,10.0.14393.693 (rs1_release.161220-1747),TiWorker.exe,,,,,,,,,,,,,,-,C.4f04b5de911bf0cd,C.4f04b5de911bf0cd
1.78169E+12,,,,,,,,,,,2026-06-17 9:51:17, {f4ba3e13-6e14-6a32-c200-000000002400},3096,C:\Windows\System32\svchost.exe,svchost.exe -k netsvcs,C:\Windows\system32\,NT AUTHORITY\SYSTEM,"MD5=36F670D89040709013F6A460176767EC,SHA256=438B6CCD84F4DD32D9684ED7D58FD7D1E5A75FE3F3D12AB6C788E6BB0FFAD5E7,IMPHASH=2CED93915677390B76EE1916B92F3EF6", {f4ba3e13-6df5-6a32-c100-000000002400},4888,C:\Users\Administrator\AppData\Roaming\winapp\057ae7005b25ebd4be0d0a3611b0cb0c5d01ba5dc47a50b1aa88a43c183bb163.exe,C:\Users\Administrator\AppData\Roaming\winapp\057ae7005b25ebd4be0d0a3611b0cb0c5d01ba5dc47a50b1aa88a43c183bb163.exe,System,0x3E7, {f4ba3e13-6880-6a32-e703-000000000000},0,,,,,,,,,,,,,,,,,,,,,,,Microsoft Corporation,Microsoft® Windows® Operating System,Host Process for Windows Services,10.0.14393.0 (rs1_release.160715-1616),svchost.exe,,,,,,,,,,,,,,-,C.4f04b5de911bf0cd,C.4f04b5de911bf0cd
1.78169E+12,,,,,,,,,,,2026-06-17 9:51:17, {f4ba3e13-6df5-6a32-c100-000000002400},4888,C:\Users\Administrator\AppData\Roaming\winapp\057ae7005b25ebd4be0d0a3611b0cb0c5d01ba5dc47a50b1aa88a43c183bb163.exe,,,NT AUTHORITY\SYSTEM,,,,,,,,,,,,,,,,,,,,,,,,,,,,,,,,,,,,,,,,,,,,,,,,,,-,C.4f04b5de911bf0cd,C.4f04b5de911bf0cd
1.78169E+12,,,,,,,,,,,2026-06-17 9:54:17, {f4ba3e13-6ec8-6a32-c400-000000002400},4140,C:\Windows\System32\svchost.exe,svchost.exe -k netsvcs,C:\Windows\system32\,NT AUTHORITY\SYSTEM,"MD5=36F670D89040709013F6A460176767EC,SHA256=438B6CCD84F4DD32D9684ED7D58FD7D1E5A75FE3F3D12AB6C788E6BB0FFAD5E7,IMPHASH=2CED93915677390B76EE1916B92F3EF6", {f4ba3e13-6ea9-6a32-c300-000000002400},388,C:\Users\Administrator\AppData\Roaming\winapp\057ae7005b25ebd4be0d0a3611b0cb0c5d01ba5dc47a50b1aa88a43c183bb163.exe,C:\Users\Administrator\AppData\Roaming\winapp\057ae7005b25ebd4be0d0a3611b0cb0c5d01ba5dc47a50b1aa88a43c183bb163.exe,System,0x3E7, {f4ba3e13-6880-6a32-e703-000000000000},0,,,,,,,,,,,,,,,,,,,,,,,Microsoft Corporation,Microsoft® Windows® Operating System,Host Process for Windows Services,10.0.14393.0 (rs1_release.160715-1616),svchost.exe,,,,,,,,,,,,,,-,C.4f04b5de911bf0cd,C.4f04b5de911bf0cd
1.78169E+12,,,,,,,,,,,2026-06-17 9:54:17, {f4ba3e13-6ea9-6a32-c300-000000002400},388,C:\Users\Administrator\AppData\Roaming\winapp\057ae7005b25ebd4be0d0a3611b0cb0c5d01ba5dc47a50b1aa88a43c183bb163.exe,,,NT AUTHORITY\SYSTEM,,,,,,,,,,,,,,,,,,,,,,,,,,,,,,,,,,,,,,,,,,,,,,,,,,-,C.4f04b5de911bf0cd,C.4f04b5de911bf0cd
1.78169E+12,,,,,,,,,,,2026-06-17 9:57:17, {f4ba3e13-6f7c-6a32-c600-000000002400},3428,C:\Windows\System32\svchost.exe,svchost.exe -k netsvcs,C:\Windows\system32\,NT AUTHORITY\SYSTEM,"MD5=36F670D89040709013F6A460176767EC,SHA256=438B6CCD84F4DD32D9684ED7D58FD7D1E5A75FE3F3D12AB6C788E6BB0FFAD5E7,IMPHASH=2CED93915677390B76EE1916B92F3EF6", {f4ba3e13-6f5d-6a32-c500-000000002400},4752,C:\Users\Administrator\AppData\Roaming\winapp\057ae7005b25ebd4be0d0a3611b0cb0c5d01ba5dc47a50b1aa88a43c183bb163.exe,C:\Users\Administrator\AppData\Roaming\winapp\057ae7005b25ebd4be0d0a3611b0cb0c5d01ba5dc47a50b1aa88a43c183bb163.exe,System,0x3E7, {f4ba3e13-6880-6a32-e703-000000000000},0,,,,,,,,,,,,,,,,,,,,,,,Microsoft Corporation,Microsoft® Windows® Operating System,Host Process for Windows Services,10.0.14393.0 (rs1_release.160715-1616),svchost.exe,,,,,,,,,,,,,,-,C.4f04b5de911bf0cd,C.4f04b5de911bf0cd
1.78169E+12,,,,,,,,,,,2026-06-17 9:57:17, {f4ba3e13-6f5d-6a32-c500-000000002400},4752,C:\Users\Administrator\AppData\Roaming\winapp\057ae7005b25ebd4be0d0a3611b0cb0c5d01ba5dc47a50b1aa88a43c183bb163.exe,,,NT AUTHORITY\SYSTEM,,,,,,,,,,,,,,,,,,,,,,,,,,,,,,,,,,,,,,,,,,,,,,,,,,-,C.4f04b5de911bf0cd,C.4f04b5de911bf0cd
1.78169E+12,,,,,,,,,,,2026-06-17 9:58:19, {f4ba3e13-6fbb-6a32-c700-000000002400},1172,C:\Program Files\Windows Defender\MpCmdRun.exe,"""C:\Program Files\Windows Defender\\MpCmdRun.exe"" SignatureUpdate -ScheduleJob -RestrictPrivileges",C:\Windows\system32\,NT AUTHORITY\SYSTEM,"MD5=C37ADF3801F599EDF3180354BBAB2560,SHA256=1C90A322F55D574EF703B9CB0ADFB379CEFA33A2B5D72F04A6E9AAA2F209F6B5,IMPHASH=5F980D25420E31451E189C1082EF5045", {f4ba3e13-689c-6a32-2200-000000002400},1180,C:\Program Files\Windows Defender\MsMpEng.exe,"""C:\Program Files\Windows Defender\MsMpEng.exe""",System,0x3E7, {f4ba3e13-6880-6a32-e703-000000000000},0,,,,,,,,,,,,,,,,,,,,,,,Microsoft Corporation,Microsoft® Windows® Operating System,Microsoft Malware Protection Command Line Utility,4.10.14393.0 (rs1_release.160715-1616),MpCmdRun.exe,,,,,,,,,,,,,,-,C.4f04b5de911bf0cd,C.4f04b5de911bf0cd
1.78169E+12,,,,,,,,,,,2026-06-17 9:58:19, {f4ba3e13-6fbb-6a32-c900-000000002400},3728,C:\Program Files\Windows Defender\MpCmdRun.exe,"""C:\Program Files\Windows Defender\\MpCmdRun.exe"" SignatureUpdate -ScheduleJob -RestrictPrivileges -Reinvoke",C:\Windows\system32\,NT AUTHORITY\NETWORK SERVICE,"MD5=C37ADF3801F599EDF3180354BBAB2560,SHA256=1C90A322F55D574EF703B9CB0ADFB379CEFA33A2B5D72F04A6E9AAA2F209F6B5,IMPHASH=5F980D25420E31451E189C1082EF5045", {f4ba3e13-6fbb-6a32-c700-000000002400},1172,C:\Program Files\Windows Defender\MpCmdRun.exe,"""C:\Program Files\Windows Defender\\MpCmdRun.exe"" SignatureUpdate -ScheduleJob -RestrictPrivileges",System,0x3E4, {f4ba3e13-6890-6a32-e403-000000000000},0,,,,,,,,,,,,,,,,,,,,,,,Microsoft Corporation,Microsoft® Windows® Operating System,Microsoft Malware Protection Command Line Utility,4.10.14393.0 (rs1_release.160715-1616),MpCmdRun.exe,,,,,,,,,,,,,,-,C.4f04b5de911bf0cd,C.4f04b5de911bf0cd
1.78169E+12,,,,,,,,,,,2026-06-17 9:58:19, {f4ba3e13-6fbb-6a32-ca00-000000002400},5020,C:\Program Files\Windows Defender\MpCmdRun.exe,"""C:\Program Files\Windows Defender\\MpCmdRun.exe"" SignaturesUpdateService -ScheduleJob -UnmanagedUpdate",C:\Windows\system32\,NT AUTHORITY\SYSTEM,"MD5=C37ADF3801F599EDF3180354BBAB2560,SHA256=1C90A322F55D574EF703B9CB0ADFB379CEFA33A2B5D72F04A6E9AAA2F209F6B5,IMPHASH=5F980D25420E31451E189C1082EF5045", {f4ba3e13-689c-6a32-2200-000000002400},1180,C:\Program Files\Windows Defender\MsMpEng.exe,"""C:\Program Files\Windows Defender\MsMpEng.exe""",System,0x3E7, {f4ba3e13-6880-6a32-e703-000000000000},0,,,,,,,,,,,,,,,,,,,,,,,Microsoft Corporation,Microsoft® Windows® Operating System,Microsoft Malware Protection Command Line Utility,4.10.14393.0 (rs1_release.160715-1616),MpCmdRun.exe,,,,,,,,,,,,,,-,C.4f04b5de911bf0cd,C.4f04b5de911bf0cd
1.78169E+12,,,,,,,,,,,2026-06-17 9:58:19, {f4ba3e13-6fbb-6a32-c900-000000002400},3728,C:\Program Files\Windows Defender\MpCmdRun.exe,,,NT AUTHORITY\NETWORK SERVICE,,,,,,,,,,C:\Windows\SERVIC~2\NETWOR~1\AppData\Local\Temp\mpam-20009ac6.exe,2026-06-17 9:58:19,,,,,,,,,,,,,,,,,,,,,,,,,,,,,,,,,,,,,,,EXE,C.4f04b5de911bf0cd,C.4f04b5de911bf0cd
1.78169E+12,,,,,,,,,,,2026-06-17 9:58:19, {f4ba3e13-6fbb-6a32-c900-000000002400},3728,C:\Program Files\Windows Defender\MpCmdRun.exe,,,NT AUTHORITY\NETWORK SERVICE,,,,,,,,,,C:\Windows\SERVIC~2\NETWOR~1\AppData\Local\Temp\mpam-693debde.exe,2026-06-17 9:58:19,,,,,,,,,,,,,,,,,,,,,,,,,,,,,,,,,,,,,,,EXE,C.4f04b5de911bf0cd,C.4f04b5de911bf0cd
1.78169E+12,,,,,,,,,,,2026-06-17 9:59:10, {f4ba3e13-6893-6a32-1400-000000002400},1064,C:\Windows\System32\svchost.exe,,,NT AUTHORITY\NETWORK SERVICE,,,,,,,,,,,,,,,,,,,,,,,,,,,,,,,,,,,,,,,,,,,,,,,DC01.CHILD.APT.LOCAL,9501,-,-,C.4f04b5de911bf0cd,C.4f04b5de911bf0cd
1.78169E+12,,,,,,,,,,,2026-06-17 10:00:17, {f4ba3e13-7030-6a32-cf00-000000002400},4244,C:\Windows\System32\svchost.exe,svchost.exe -k netsvcs,C:\Windows\system32\,NT AUTHORITY\SYSTEM,"MD5=36F670D89040709013F6A460176767EC,SHA256=438B6CCD84F4DD32D9684ED7D58FD7D1E5A75FE3F3D12AB6C788E6BB0FFAD5E7,IMPHASH=2CED93915677390B76EE1916B92F3EF6", {f4ba3e13-7011-6a32-cd00-000000002400},4904,C:\Users\Administrator\AppData\Roaming\winapp\057ae7005b25ebd4be0d0a3611b0cb0c5d01ba5dc47a50b1aa88a43c183bb163.exe,C:\Users\Administrator\AppData\Roaming\winapp\057ae7005b25ebd4be0d0a3611b0cb0c5d01ba5dc47a50b1aa88a43c183bb163.exe,System,0x3E7, {f4ba3e13-6880-6a32-e703-000000000000},0,,,,,,,,,,,,,,,,,,,,,,,Microsoft Corporation,Microsoft® Windows® Operating System,Host Process for Windows Services,10.0.14393.0 (rs1_release.160715-1616),svchost.exe,,,,,,,,,,,,,,-,C.4f04b5de911bf0cd,C.4f04b5de911bf0cd
1.78169E+12,,,,,,,,,,,2026-06-17 10:00:17, {f4ba3e13-7011-6a32-cd00-000000002400},4904,C:\Users\Administrator\AppData\Roaming\winapp\057ae7005b25ebd4be0d0a3611b0cb0c5d01ba5dc47a50b1aa88a43c183bb163.exe,,,NT AUTHORITY\SYSTEM,,,,,,,,,,,,,,,,,,,,,,,,,,,,,,,,,,,,,,,,,,,,,,,,,,-,C.4f04b5de911bf0cd,C.4f04b5de911bf0cd
1.78221E+12,,,,,,,,,,,2026-06-23 9:41:03, {f4ba3e13-54af-6a3a-8200-000000002600},4308,C:\Windows\System32\VSSVC.exe,C:\Windows\system32\vssvc.exe,C:\Windows\system32\,NT AUTHORITY\SYSTEM,"MD5=01FFD5AF533F2CFDF26DDDC9313731C1,SHA256=BFF0F2E57CD2358AC8F519F6F5692A46D97EC4E9B763D47101CEF31712FD4738,IMPHASH=23F8C470949D103A704869EF2FEB7087", {f4ba3e13-5088-6a3a-0a00-000000002600},644,C:\Windows\System32\services.exe,C:\Windows\system32\services.exe,System,0x3E7, {f4ba3e13-5089-6a3a-e703-000000000000},0,,,,,,,,,,,,,,,,,,,,,,,Microsoft Corporation,Microsoft® Windows® Operating System,Microsoft® Volume Shadow Copy Service,10.0.14393.0 (rs1_release.160715-1616),VSSVC.EXE,,,,,,,,,,,,,,-,C.4f04b5de911bf0cd,C.4f04b5de911bf0cd
1.78221E+12,,,,,,,,,,,2026-06-23 9:41:04, {f4ba3e13-54af-6a3a-8400-000000002600},4584,C:\Windows\sysmon64.exe,C:\Windows\sysmon64.exe -c,C:\Windows\system32\,NT AUTHORITY\SYSTEM,"MD5=B1581E884727B450C4DBFA9360F3DB7C,SHA256=D8115212A7747010593DE813404B02D05B915E4B1D0231502B856B9ACE9274E8,IMPHASH=5C31CFDE3181A762CA91D21902DEF1B4", {f4ba3e13-5137-6a3a-4600-000000002600},664,C:\Program Files\Velociraptor\Velociraptor.exe,"""C:\Program Files\Velociraptor\Velociraptor.exe""  --config ""C:\Program Files\Velociraptor\/client.config.yaml"" service run ",System,0x3E7, {f4ba3e13-5089-6a3a-e703-000000000000},0,,,,,,,,,,,,,,,,,,,,,,,Sysinternals - www.sysinternals.com,Sysinternals Sysmon,System activity monitor,15.2,-,,,,,,,,,,,,,,-,C.4f04b5de911bf0cd,C.4f04b5de911bf0cd
1.78221E+12,,,,,,,,,,,2026-06-23 9:41:04, {f4ba3e13-54af-6a3a-8600-000000002600},4496,C:\Windows\System32\sc.exe,sc.exe start sysmon64,C:\Windows\system32\,NT AUTHORITY\SYSTEM,"MD5=BD31EB150F6547D18329E5F00801D1CD,SHA256=8A775B86CE1A057E290CCD26C59C96070684468A3119790743A346CD54F4DFDF,IMPHASH=A68324ADB4F5664AF8A79E04062F4A92", {f4ba3e13-5137-6a3a-4600-000000002600},664,C:\Program Files\Velociraptor\Velociraptor.exe,"""C:\Program Files\Velociraptor\Velociraptor.exe""  --config ""C:\Program Files\Velociraptor\/client.config.yaml"" service run ",System,0x3E7, {f4ba3e13-5089-6a3a-e703-000000000000},0,,,,,,,,,,,,,,,,,,,,,,,Microsoft Corporation,Microsoft® Windows® Operating System,Service Control Manager Configuration Tool,10.0.14393.0 (rs1_release.160715-1616),sc.exe,,,,,,,,,,,,,,-,C.4f04b5de911bf0cd,C.4f04b5de911bf0cd
1.78221E+12,,,,,,,,,,,2026-06-23 9:41:23, {f4ba3e13-54c2-6a3a-9000-000000002600},4288,C:\Windows\servicing\TrustedInstaller.exe,C:\Windows\servicing\TrustedInstaller.exe,C:\Windows\system32\,NT AUTHORITY\SYSTEM,"MD5=09440FA30C020B4443391FAFCF4876E3,SHA256=208C7725F70C75D8C96CCAF5B22F83B8B1C66D8C9FFF48465B1C9F4A77425569,IMPHASH=ADD58937BFC44F19A4BE092C99370CF5", {f4ba3e13-5088-6a3a-0a00-000000002600},644,C:\Windows\System32\services.exe,C:\Windows\system32\services.exe,System,0x3E7, {f4ba3e13-5089-6a3a-e703-000000000000},0,,,,,,,,,,,,,,,,,,,,,,,Microsoft Corporation,Microsoft® Windows® Operating System,Windows Modules Installer,10.0.14393.479 (rs1_release.161110-2025),TrustedInstaller.exe,,,,,,,,,,,,,,-,C.4f04b5de911bf0cd,C.4f04b5de911bf0cd
1.78221E+12,,,,,,,,,,,2026-06-23 9:41:23, {f4ba3e13-54c2-6a3a-9100-000000002600},4776,C:\Windows\WinSxS\amd64_microsoft-windows-servicingstack_31bf3856ad364e35_10.0.14393.693_none_42ff55c9655f38bf\TiWorker.exe,C:\Windows\winsxs\amd64_microsoft-windows-servicingstack_31bf3856ad364e35_10.0.14393.693_none_42ff55c9655f38bf\TiWorker.exe -Embedding,C:\Windows\system32\,NT AUTHORITY\SYSTEM,"MD5=4E1F1311824BD84323DA62DECE642B62,SHA256=B6E333F2C1AA300E86F4E81A7A0E05734152F858F56AC0E008E3B104BE60DE74,IMPHASH=38FF53C1CCC1EE4C508C0F83A88C4E19", {f4ba3e13-508c-6a3a-0c00-000000002600},864,C:\Windows\System32\svchost.exe,C:\Windows\system32\svchost.exe -k DcomLaunch,System,0x3E7, {f4ba3e13-5089-6a3a-e703-000000000000},0,,,,,,,,,,,,,,,,,,,,,,,Microsoft Corporation,Microsoft® Windows® Operating System,Windows Modules Installer Worker,10.0.14393.693 (rs1_release.161220-1747),TiWorker.exe,,,,,,,,,,,,,,-,C.4f04b5de911bf0cd,C.4f04b5de911bf0cd
1.78221E+12,,,,,,,,,,,2026-06-23 9:41:24, {f4ba3e13-54c3-6a3a-9300-000000002600},4796,C:\Windows\system32\taskhostw.exe,,,CHILD\Administrator,,,,,,,,,,C:\Windows\Temp\SDIAG_e120d79c-48a4-44d0-b9de-fd42db81f54d\CL_Utility.ps1,2026-06-23 9:41:24,,,,,,,,,,,,,,,,,,,,,,,,,,,,,,,,,,,,,,,-,C.4f04b5de911bf0cd,C.4f04b5de911bf0cd
1.78221E+12,,,,,,,,,,,2026-06-23 9:41:24, {f4ba3e13-54c4-6a3a-aa00-000000002600},4544,C:\Program Files\Windows Defender\MpUXSrv.exe,"""C:\Program Files\Windows Defender\MpUxSrv.exe"" -Embedding",C:\Windows\system32\,CHILD\Administrator,"MD5=F3B38050C0DEA9449894290161782E6C,SHA256=F35B2E2C13016412DE49FF61B1C5FDFA5DF5CD3635C1008F57AA294C5DFD777E,IMPHASH=9604292E99521224ED9FC20B92EE1DE8", {f4ba3e13-508c-6a3a-0c00-000000002600},864,C:\Windows\System32\svchost.exe,C:\Windows\system32\svchost.exe -k DcomLaunch,High,0x51609, {f4ba3e13-5335-6a3a-0916-050000000000},1,,,,,,,,,,,,,,,,,,,,,,,Microsoft Corporation,Microsoft® Windows® Operating System,WD modern host server,4.10.14393.0 (rs1_release.160715-1616),MpUxSrv.exe,,,,,,,,,,,,,,-,C.4f04b5de911bf0cd,C.4f04b5de911bf0cd
1.78221E+12,,,,,,,,,,,2026-06-23 9:41:24, {f4ba3e13-54c3-6a3a-9300-000000002600},4796,C:\Windows\system32\taskhostw.exe,,,CHILD\Administrator,,,,,,,,,,C:\Windows\Temp\SDIAG_e120d79c-48a4-44d0-b9de-fd42db81f54d\DiagPackage.dll,2026-06-23 9:41:24,,,,,,,,,,,,,,,,,,,,,,,,,,,,,,,,,,,,,,,DLL,C.4f04b5de911bf0cd,C.4f04b5de911bf0cd
1.78221E+12,,,,,,,,,,,2026-06-23 9:41:24, {f4ba3e13-54c3-6a3a-9300-000000002600},4796,C:\Windows\system32\taskhostw.exe,,,CHILD\Administrator,,,,,,,,,,C:\Windows\Temp\SDIAG_e120d79c-48a4-44d0-b9de-fd42db81f54d\RS_AdminDiagnosticHistory.ps1,2026-06-23 9:41:24,,,,,,,,,,,,,,,,,,,,,,,,,,,,,,,,,,,,,,,-,C.4f04b5de911bf0cd,C.4f04b5de911bf0cd
1.78221E+12,,,,,,,,,,,2026-06-23 9:41:24, {f4ba3e13-54c3-6a3a-9300-000000002600},4796,C:\Windows\system32\taskhostw.exe,,,CHILD\Administrator,,,,,,,,,,C:\Windows\Temp\SDIAG_e120d79c-48a4-44d0-b9de-fd42db81f54d\RS_MachineWERQueue.ps1,2026-06-23 9:41:24,,,,,,,,,,,,,,,,,,,,,,,,,,,,,,,,,,,,,,,-,C.4f04b5de911bf0cd,C.4f04b5de911bf0cd
1.78221E+12,,,,,,,,,,,2026-06-23 9:41:24, {f4ba3e13-54c3-6a3a-9300-000000002600},4796,C:\Windows\system32\taskhostw.exe,,,CHILD\Administrator,,,,,,,,,,C:\Windows\Temp\SDIAG_e120d79c-48a4-44d0-b9de-fd42db81f54d\RS_SyncSystemTime.ps1,2026-06-23 9:41:24,,,,,,,,,,,,,,,,,,,,,,,,,,,,,,,,,,,,,,,-,C.4f04b5de911bf0cd,C.4f04b5de911bf0cd
1.78221E+12,,,,,,,,,,,2026-06-23 9:41:24, {f4ba3e13-54c3-6a3a-9300-000000002600},4796,C:\Windows\system32\taskhostw.exe,,,CHILD\Administrator,,,,,,,,,,C:\Windows\Temp\SDIAG_e120d79c-48a4-44d0-b9de-fd42db81f54d\RS_UserDiagnosticHistory.ps1,2026-06-23 9:41:24,,,,,,,,,,,,,,,,,,,,,,,,,,,,,,,,,,,,,,,-,C.4f04b5de911bf0cd,C.4f04b5de911bf0cd
1.78221E+12,,,,,,,,,,,2026-06-23 9:41:24, {f4ba3e13-54c3-6a3a-9300-000000002600},4796,C:\Windows\system32\taskhostw.exe,,,CHILD\Administrator,,,,,,,,,,C:\Windows\Temp\SDIAG_e120d79c-48a4-44d0-b9de-fd42db81f54d\RS_UserWERQueue.ps1,2026-06-23 9:41:24,,,,,,,,,,,,,,,,,,,,,,,,,,,,,,,,,,,,,,,-,C.4f04b5de911bf0cd,C.4f04b5de911bf0cd
1.78221E+12,,,,,,,,,,,2026-06-23 9:41:24, {f4ba3e13-54c3-6a3a-9300-000000002600},4796,C:\Windows\system32\taskhostw.exe,,,CHILD\Administrator,,,,,,,,,,C:\Windows\Temp\SDIAG_e120d79c-48a4-44d0-b9de-fd42db81f54d\TS_DiagnosticHistory.ps1,2026-06-23 9:41:24,,,,,,,,,,,,,,,,,,,,,,,,,,,,,,,,,,,,,,,-,C.4f04b5de911bf0cd,C.4f04b5de911bf0cd
1.78221E+12,,,,,,,,,,,2026-06-23 9:41:24, {f4ba3e13-54c3-6a3a-9300-000000002600},4796,C:\Windows\system32\taskhostw.exe,,,CHILD\Administrator,,,,,,,,,,C:\Windows\Temp\SDIAG_e120d79c-48a4-44d0-b9de-fd42db81f54d\TS_InaccurateSystemTime.ps1,2026-06-23 9:41:24,,,,,,,,,,,,,,,,,,,,,,,,,,,,,,,,,,,,,,,-,C.4f04b5de911bf0cd,C.4f04b5de911bf0cd
1.78221E+12,,,,,,,,,,,2026-06-23 9:41:24, {f4ba3e13-54c3-6a3a-9300-000000002600},4796,C:\Windows\system32\taskhostw.exe,,,CHILD\Administrator,,,,,,,,,,C:\Windows\Temp\SDIAG_e120d79c-48a4-44d0-b9de-fd42db81f54d\TS_WERQueue.ps1,2026-06-23 9:41:24,,,,,,,,,,,,,,,,,,,,,,,,,,,,,,,,,,,,,,,-,C.4f04b5de911bf0cd,C.4f04b5de911bf0cd
1.78221E+12,,,,,,,,,,,2026-06-23 9:41:25, {f4ba3e13-54c4-6a3a-ae00-000000002600},5212,C:\Windows\System32\sdiagnhost.exe,C:\Windows\System32\sdiagnhost.exe -Embedding,C:\Windows\system32\,CHILD\Administrator,"MD5=C91529A7EB209224BF6D6D47A4620865,SHA256=6FEDAAF41148F8E0803451B44AA5270AE6F96BF6D31CB81B3FE9459D2239E54E,IMPHASH=A625AFC217C115D82C4B28A4564D88A8", {f4ba3e13-508c-6a3a-0c00-000000002600},864,C:\Windows\System32\svchost.exe,C:\Windows\system32\svchost.exe -k DcomLaunch,High,0x51609, {f4ba3e13-5335-6a3a-0916-050000000000},1,,,,,,,,,,,,,,,,,,,,,,,Microsoft Corporation,Microsoft® Windows® Operating System,Scripted Diagnostics Native Host,10.0.14393.0 (rs1_release.160715-1616),sdiagnhost.exe,,,,,,,,,,,,,,-,C.4f04b5de911bf0cd,C.4f04b5de911bf0cd
1.78221E+12,,,,,,,,,,,2026-06-23 9:41:25, {f4ba3e13-54c4-6a3a-b000-000000002600},5284,C:\Windows\Microsoft.NET\Framework\v4.0.30319\ngentask.exe,"""C:\Windows\Microsoft.NET\Framework\v4.0.30319\NGenTask.exe"" /RuntimeWide /StopEvent:680",C:\Windows\system32\,NT AUTHORITY\SYSTEM,"MD5=5DBECC126D5E97B35E18B5A4896B61E6,SHA256=440325DCE391A78DAA1A4752B079424C57E4D9EFA6D7426BFD310707B7100AB7,IMPHASH=F34D5F2D4577ED6D9CEEC516C1F5A744", {f4ba3e13-54c3-6a3a-9200-000000002600},4908,C:\Windows\System32\taskhostw.exe,taskhostw.exe,System,0x3E7, {f4ba3e13-5089-6a3a-e703-000000000000},0,,,,,,,,,,,,,,,,,,,,,,,Microsoft Corporation,Microsoft® .NET Framework,Microsoft .NET Framework optimization service,4.6.1586.0 built by: NETFXREL2,NGenTask.exe,,,,,,,,,,,,,,-,C.4f04b5de911bf0cd,C.4f04b5de911bf0cd
1.78221E+12,,,,,,,,,,,2026-06-23 9:41:25, {f4ba3e13-54c4-6a3a-b100-000000002600},5304,C:\Windows\Microsoft.NET\Framework64\v4.0.30319\ngentask.exe,"""C:\Windows\Microsoft.NET\Framework64\v4.0.30319\NGenTask.exe"" /RuntimeWide /StopEvent:740",C:\Windows\system32\,NT AUTHORITY\SYSTEM,"MD5=5B5D60D15944B63A5D0A126FD9212D7E,SHA256=C3B2AAD66713B8E5BF312A02A166C3960B5A8DDF2713E9B2590F17DFB8661A19,IMPHASH=00000000000000000000000000000000", {f4ba3e13-54c3-6a3a-9200-000000002600},4908,C:\Windows\System32\taskhostw.exe,taskhostw.exe,System,0x3E7, {f4ba3e13-5089-6a3a-e703-000000000000},0,,,,,,,,,,,,,,,,,,,,,,,Microsoft Corporation,Microsoft® .NET Framework,Microsoft .NET Framework optimization service,4.6.1586.0 built by: NETFXREL2,NGenTask.exe,,,,,,,,,,,,,,-,C.4f04b5de911bf0cd,C.4f04b5de911bf0cd
1.78221E+12,,,,,,,,,,,2026-06-23 9:41:26, {f4ba3e13-50a9-6a3a-2c00-000000002600},2436,C:\Program Files\Windows Defender\MsMpEng.exe,,,NT AUTHORITY\SYSTEM,,,,,,,,,,C:\Windows\Temp\15A15CD8-F8BC-4D24-8999-F8EED56C33E3\AppxProvider.dll,2026-06-23 9:41:26,,,,,,,,,,,,,,,,,,,,,,,,,,,,,,,,,,,,,,,DLL,C.4f04b5de911bf0cd,C.4f04b5de911bf0cd
1.78221E+12,,,,,,,,,,,2026-06-23 9:41:26, {f4ba3e13-50a9-6a3a-2c00-000000002600},2436,C:\Program Files\Windows Defender\MsMpEng.exe,,,NT AUTHORITY\SYSTEM,,,,,,,,,,C:\Windows\Temp\15A15CD8-F8BC-4D24-8999-F8EED56C33E3\AssocProvider.dll,2026-06-23 9:41:26,,,,,,,,,,,,,,,,,,,,,,,,,,,,,,,,,,,,,,,DLL,C.4f04b5de911bf0cd,C.4f04b5de911bf0cd
1.78221E+12,,,,,,,,,,,2026-06-23 9:41:26, {f4ba3e13-50a9-6a3a-2c00-000000002600},2436,C:\Program Files\Windows Defender\MsMpEng.exe,,,NT AUTHORITY\SYSTEM,,,,,,,,,,C:\Windows\Temp\15A15CD8-F8BC-4D24-8999-F8EED56C33E3\CbsProvider.dll,2026-06-23 9:41:26,,,,,,,,,,,,,,,,,,,,,,,,,,,,,,,,,,,,,,,DLL,C.4f04b5de911bf0cd,C.4f04b5de911bf0cd
1.78221E+12,,,,,,,,,,,2026-06-23 9:41:26, {f4ba3e13-50a9-6a3a-2c00-000000002600},2436,C:\Program Files\Windows Defender\MsMpEng.exe,,,NT AUTHORITY\SYSTEM,,,,,,,,,,C:\Windows\Temp\15A15CD8-F8BC-4D24-8999-F8EED56C33E3\CompatProvider.dll,2026-06-23 9:41:26,,,,,,,,,,,,,,,,,,,,,,,,,,,,,,,,,,,,,,,DLL,C.4f04b5de911bf0cd,C.4f04b5de911bf0cd
1.78221E+12,,,,,,,,,,,2026-06-23 9:41:26, {f4ba3e13-50a9-6a3a-2c00-000000002600},2436,C:\Program Files\Windows Defender\MsMpEng.exe,,,NT AUTHORITY\SYSTEM,,,,,,,,,,C:\Windows\Temp\15A15CD8-F8BC-4D24-8999-F8EED56C33E3\DismCore.dll,2026-06-23 9:41:26,,,,,,,,,,,,,,,,,,,,,,,,,,,,,,,,,,,,,,,DLL,C.4f04b5de911bf0cd,C.4f04b5de911bf0cd
1.78221E+12,,,,,,,,,,,2026-06-23 9:41:26, {f4ba3e13-50a9-6a3a-2c00-000000002600},2436,C:\Program Files\Windows Defender\MsMpEng.exe,,,NT AUTHORITY\SYSTEM,,,,,,,,,,C:\Windows\Temp\15A15CD8-F8BC-4D24-8999-F8EED56C33E3\DismCorePS.dll,2026-06-23 9:41:26,,,,,,,,,,,,,,,,,,,,,,,,,,,,,,,,,,,,,,,DLL,C.4f04b5de911bf0cd,C.4f04b5de911bf0cd
1.78221E+12,,,,,,,,,,,2026-06-23 9:41:26, {f4ba3e13-50a9-6a3a-2c00-000000002600},2436,C:\Program Files\Windows Defender\MsMpEng.exe,,,NT AUTHORITY\SYSTEM,,,,,,,,,,C:\Windows\Temp\15A15CD8-F8BC-4D24-8999-F8EED56C33E3\DismHost.exe,2026-06-23 9:41:26,,,,,,,,,,,,,,,,,,,,,,,,,,,,,,,,,,,,,,,EXE,C.4f04b5de911bf0cd,C.4f04b5de911bf0cd
1.78221E+12,,,,,,,,,,,2026-06-23 9:41:26, {f4ba3e13-50a9-6a3a-2c00-000000002600},2436,C:\Program Files\Windows Defender\MsMpEng.exe,,,NT AUTHORITY\SYSTEM,,,,,,,,,,C:\Windows\Temp\15A15CD8-F8BC-4D24-8999-F8EED56C33E3\DismProv.dll,2026-06-23 9:41:26,,,,,,,,,,,,,,,,,,,,,,,,,,,,,,,,,,,,,,,DLL,C.4f04b5de911bf0cd,C.4f04b5de911bf0cd
1.78221E+12,,,,,,,,,,,2026-06-23 9:41:26, {f4ba3e13-50a9-6a3a-2c00-000000002600},2436,C:\Program Files\Windows Defender\MsMpEng.exe,,,NT AUTHORITY\SYSTEM,,,,,,,,,,C:\Windows\Temp\15A15CD8-F8BC-4D24-8999-F8EED56C33E3\DmiProvider.dll,2026-06-23 9:41:26,,,,,,,,,,,,,,,,,,,,,,,,,,,,,,,,,,,,,,,DLL,C.4f04b5de911bf0cd,C.4f04b5de911bf0cd
1.78221E+12,,,,,,,,,,,2026-06-23 9:41:26, {f4ba3e13-50a9-6a3a-2c00-000000002600},2436,C:\Program Files\Windows Defender\MsMpEng.exe,,,NT AUTHORITY\SYSTEM,,,,,,,,,,C:\Windows\Temp\15A15CD8-F8BC-4D24-8999-F8EED56C33E3\FfuProvider.dll,2026-06-23 9:41:26,,,,,,,,,,,,,,,,,,,,,,,,,,,,,,,,,,,,,,,DLL,C.4f04b5de911bf0cd,C.4f04b5de911bf0cd
1.78221E+12,,,,,,,,,,,2026-06-23 9:41:26, {f4ba3e13-50a9-6a3a-2c00-000000002600},2436,C:\Program Files\Windows Defender\MsMpEng.exe,,,NT AUTHORITY\SYSTEM,,,,,,,,,,C:\Windows\Temp\15A15CD8-F8BC-4D24-8999-F8EED56C33E3\FolderProvider.dll,2026-06-23 9:41:26,,,,,,,,,,,,,,,,,,,,,,,,,,,,,,,,,,,,,,,DLL,C.4f04b5de911bf0cd,C.4f04b5de911bf0cd
1.78221E+12,,,,,,,,,,,2026-06-23 9:41:26, {f4ba3e13-50a9-6a3a-2c00-000000002600},2436,C:\Program Files\Windows Defender\MsMpEng.exe,,,NT AUTHORITY\SYSTEM,,,,,,,,,,C:\Windows\Temp\15A15CD8-F8BC-4D24-8999-F8EED56C33E3\GenericProvider.dll,2026-06-23 9:41:26,,,,,,,,,,,,,,,,,,,,,,,,,,,,,,,,,,,,,,,DLL,C.4f04b5de911bf0cd,C.4f04b5de911bf0cd
1.78221E+12,,,,,,,,,,,2026-06-23 9:41:26, {f4ba3e13-50a9-6a3a-2c00-000000002600},2436,C:\Program Files\Windows Defender\MsMpEng.exe,,,NT AUTHORITY\SYSTEM,,,,,,,,,,C:\Windows\Temp\15A15CD8-F8BC-4D24-8999-F8EED56C33E3\IBSProvider.dll,2026-06-23 9:41:26,,,,,,,,,,,,,,,,,,,,,,,,,,,,,,,,,,,,,,,DLL,C.4f04b5de911bf0cd,C.4f04b5de911bf0cd
1.78221E+12,,,,,,,,,,,2026-06-23 9:41:26, {f4ba3e13-50a9-6a3a-2c00-000000002600},2436,C:\Program Files\Windows Defender\MsMpEng.exe,,,NT AUTHORITY\SYSTEM,,,,,,,,,,C:\Windows\Temp\15A15CD8-F8BC-4D24-8999-F8EED56C33E3\ImagingProvider.dll,2026-06-23 9:41:26,,,,,,,,,,,,,,,,,,,,,,,,,,,,,,,,,,,,,,,DLL,C.4f04b5de911bf0cd,C.4f04b5de911bf0cd
1.78221E+12,,,,,,,,,,,2026-06-23 9:41:26, {f4ba3e13-50a9-6a3a-2c00-000000002600},2436,C:\Program Files\Windows Defender\MsMpEng.exe,,,NT AUTHORITY\SYSTEM,,,,,,,,,,C:\Windows\Temp\15A15CD8-F8BC-4D24-8999-F8EED56C33E3\IntlProvider.dll,2026-06-23 9:41:26,,,,,,,,,,,,,,,,,,,,,,,,,,,,,,,,,,,,,,,DLL,C.4f04b5de911bf0cd,C.4f04b5de911bf0cd
1.78221E+12,,,,,,,,,,,2026-06-23 9:41:26, {f4ba3e13-50a9-6a3a-2c00-000000002600},2436,C:\Program Files\Windows Defender\MsMpEng.exe,,,NT AUTHORITY\SYSTEM,,,,,,,,,,C:\Windows\Temp\15A15CD8-F8BC-4D24-8999-F8EED56C33E3\LogProvider.dll,2026-06-23 9:41:26,,,,,,,,,,,,,,,,,,,,,,,,,,,,,,,,,,,,,,,DLL,C.4f04b5de911bf0cd,C.4f04b5de911bf0cd
1.78221E+12,,,,,,,,,,,2026-06-23 9:41:26, {f4ba3e13-50a9-6a3a-2c00-000000002600},2436,C:\Program Files\Windows Defender\MsMpEng.exe,,,NT AUTHORITY\SYSTEM,,,,,,,,,,C:\Windows\Temp\15A15CD8-F8BC-4D24-8999-F8EED56C33E3\MsiProvider.dll,2026-06-23 9:41:26,,,,,,,,,,,,,,,,,,,,,,,,,,,,,,,,,,,,,,,DLL,C.4f04b5de911bf0cd,C.4f04b5de911bf0cd
1.78221E+12,,,,,,,,,,,2026-06-23 9:41:26, {f4ba3e13-50a9-6a3a-2c00-000000002600},2436,C:\Program Files\Windows Defender\MsMpEng.exe,,,NT AUTHORITY\SYSTEM,,,,,,,,,,C:\Windows\Temp\15A15CD8-F8BC-4D24-8999-F8EED56C33E3\OfflineSetupProvider.dll,2026-06-23 9:41:26,,,,,,,,,,,,,,,,,,,,,,,,,,,,,,,,,,,,,,,DLL,C.4f04b5de911bf0cd,C.4f04b5de911bf0cd
1.78221E+12,,,,,,,,,,,2026-06-23 9:41:26, {f4ba3e13-50a9-6a3a-2c00-000000002600},2436,C:\Program Files\Windows Defender\MsMpEng.exe,,,NT AUTHORITY\SYSTEM,,,,,,,,,,C:\Windows\Temp\15A15CD8-F8BC-4D24-8999-F8EED56C33E3\OSProvider.dll,2026-06-23 9:41:26,,,,,,,,,,,,,,,,,,,,,,,,,,,,,,,,,,,,,,,DLL,C.4f04b5de911bf0cd,C.4f04b5de911bf0cd
1.78221E+12,,,,,,,,,,,2026-06-23 9:41:26, {f4ba3e13-50a9-6a3a-2c00-000000002600},2436,C:\Program Files\Windows Defender\MsMpEng.exe,,,NT AUTHORITY\SYSTEM,,,,,,,,,,C:\Windows\Temp\15A15CD8-F8BC-4D24-8999-F8EED56C33E3\ProvProvider.dll,2026-06-23 9:41:26,,,,,,,,,,,,,,,,,,,,,,,,,,,,,,,,,,,,,,,DLL,C.4f04b5de911bf0cd,C.4f04b5de911bf0cd
1.78221E+12,,,,,,,,,,,2026-06-23 9:41:26, {f4ba3e13-50a9-6a3a-2c00-000000002600},2436,C:\Program Files\Windows Defender\MsMpEng.exe,,,NT AUTHORITY\SYSTEM,,,,,,,,,,C:\Windows\Temp\15A15CD8-F8BC-4D24-8999-F8EED56C33E3\SmiProvider.dll,2026-06-23 9:41:26,,,,,,,,,,,,,,,,,,,,,,,,,,,,,,,,,,,,,,,DLL,C.4f04b5de911bf0cd,C.4f04b5de911bf0cd
1.78221E+12,,,,,,,,,,,2026-06-23 9:41:26, {f4ba3e13-50a9-6a3a-2c00-000000002600},2436,C:\Program Files\Windows Defender\MsMpEng.exe,,,NT AUTHORITY\SYSTEM,,,,,,,,,,C:\Windows\Temp\15A15CD8-F8BC-4D24-8999-F8EED56C33E3\TransmogProvider.dll,2026-06-23 9:41:26,,,,,,,,,,,,,,,,,,,,,,,,,,,,,,,,,,,,,,,DLL,C.4f04b5de911bf0cd,C.4f04b5de911bf0cd
1.78221E+12,,,,,,,,,,,2026-06-23 9:41:26, {f4ba3e13-50a9-6a3a-2c00-000000002600},2436,C:\Program Files\Windows Defender\MsMpEng.exe,,,NT AUTHORITY\SYSTEM,,,,,,,,,,C:\Windows\Temp\15A15CD8-F8BC-4D24-8999-F8EED56C33E3\UnattendProvider.dll,2026-06-23 9:41:26,,,,,,,,,,,,,,,,,,,,,,,,,,,,,,,,,,,,,,,DLL,C.4f04b5de911bf0cd,C.4f04b5de911bf0cd
1.78221E+12,,,,,,,,,,,2026-06-23 9:41:26, {f4ba3e13-50a9-6a3a-2c00-000000002600},2436,C:\Program Files\Windows Defender\MsMpEng.exe,,,NT AUTHORITY\SYSTEM,,,,,,,,,,C:\Windows\Temp\15A15CD8-F8BC-4D24-8999-F8EED56C33E3\VhdProvider.dll,2026-06-23 9:41:26,,,,,,,,,,,,,,,,,,,,,,,,,,,,,,,,,,,,,,,DLL,C.4f04b5de911bf0cd,C.4f04b5de911bf0cd
1.78221E+12,,,,,,,,,,,2026-06-23 9:41:26, {f4ba3e13-50a9-6a3a-2c00-000000002600},2436,C:\Program Files\Windows Defender\MsMpEng.exe,,,NT AUTHORITY\SYSTEM,,,,,,,,,,C:\Windows\Temp\15A15CD8-F8BC-4D24-8999-F8EED56C33E3\WimProvider.dll,2026-06-23 9:41:26,,,,,,,,,,,,,,,,,,,,,,,,,,,,,,,,,,,,,,,DLL,C.4f04b5de911bf0cd,C.4f04b5de911bf0cd
1.78221E+12,,,,,,,,,,,2026-06-23 9:41:26, {f4ba3e13-50a9-6a3a-2c00-000000002600},2436,C:\Program Files\Windows Defender\MsMpEng.exe,,,NT AUTHORITY\SYSTEM,,,,,,,,,,C:\Windows\Temp\15A15CD8-F8BC-4D24-8999-F8EED56C33E3\api-ms-win-base-util-l1-1-0.dll,2026-06-23 9:41:26,,,,,,,,,,,,,,,,,,,,,,,,,,,,,,,,,,,,,,,DLL,C.4f04b5de911bf0cd,C.4f04b5de911bf0cd
1.78221E+12,,,,,,,,,,,2026-06-23 9:41:26, {f4ba3e13-50a9-6a3a-2c00-000000002600},2436,C:\Program Files\Windows Defender\MsMpEng.exe,,,NT AUTHORITY\SYSTEM,,,,,,,,,,C:\Windows\Temp\15A15CD8-F8BC-4D24-8999-F8EED56C33E3\api-ms-win-core-com-l1-1-0.dll,2026-06-23 9:41:26,,,,,,,,,,,,,,,,,,,,,,,,,,,,,,,,,,,,,,,DLL,C.4f04b5de911bf0cd,C.4f04b5de911bf0cd
1.78221E+12,,,,,,,,,,,2026-06-23 9:41:26, {f4ba3e13-50a9-6a3a-2c00-000000002600},2436,C:\Program Files\Windows Defender\MsMpEng.exe,,,NT AUTHORITY\SYSTEM,,,,,,,,,,C:\Windows\Temp\15A15CD8-F8BC-4D24-8999-F8EED56C33E3\api-ms-win-core-comm-l1-1-0.dll,2026-06-23 9:41:26,,,,,,,,,,,,,,,,,,,,,,,,,,,,,,,,,,,,,,,DLL,C.4f04b5de911bf0cd,C.4f04b5de911bf0cd
1.78221E+12,,,,,,,,,,,2026-06-23 9:41:26, {f4ba3e13-50a9-6a3a-2c00-000000002600},2436,C:\Program Files\Windows Defender\MsMpEng.exe,,,NT AUTHORITY\SYSTEM,,,,,,,,,,C:\Windows\Temp\15A15CD8-F8BC-4D24-8999-F8EED56C33E3\api-ms-win-core-console-l1-1-0.dll,2026-06-23 9:41:26,,,,,,,,,,,,,,,,,,,,,,,,,,,,,,,,,,,,,,,DLL,C.4f04b5de911bf0cd,C.4f04b5de911bf0cd
1.78221E+12,,,,,,,,,,,2026-06-23 9:41:26, {f4ba3e13-50a9-6a3a-2c00-000000002600},2436,C:\Program Files\Windows Defender\MsMpEng.exe,,,NT AUTHORITY\SYSTEM,,,,,,,,,,C:\Windows\Temp\15A15CD8-F8BC-4D24-8999-F8EED56C33E3\api-ms-win-core-datetime-l1-1-0.dll,2026-06-23 9:41:26,,,,,,,,,,,,,,,,,,,,,,,,,,,,,,,,,,,,,,,DLL,C.4f04b5de911bf0cd,C.4f04b5de911bf0cd
1.78221E+12,,,,,,,,,,,2026-06-23 9:41:26, {f4ba3e13-50a9-6a3a-2c00-000000002600},2436,C:\Program Files\Windows Defender\MsMpEng.exe,,,NT AUTHORITY\SYSTEM,,,,,,,,,,C:\Windows\Temp\15A15CD8-F8BC-4D24-8999-F8EED56C33E3\api-ms-win-core-datetime-l1-1-1.dll,2026-06-23 9:41:26,,,,,,,,,,,,,,,,,,,,,,,,,,,,,,,,,,,,,,,DLL,C.4f04b5de911bf0cd,C.4f04b5de911bf0cd
1.78221E+12,,,,,,,,,,,2026-06-23 9:41:26, {f4ba3e13-50a9-6a3a-2c00-000000002600},2436,C:\Program Files\Windows Defender\MsMpEng.exe,,,NT AUTHORITY\SYSTEM,,,,,,,,,,C:\Windows\Temp\15A15CD8-F8BC-4D24-8999-F8EED56C33E3\api-ms-win-core-debug-l1-1-0.dll,2026-06-23 9:41:26,,,,,,,,,,,,,,,,,,,,,,,,,,,,,,,,,,,,,,,DLL,C.4f04b5de911bf0cd,C.4f04b5de911bf0cd
1.78221E+12,,,,,,,,,,,2026-06-23 9:41:26, {f4ba3e13-50a9-6a3a-2c00-000000002600},2436,C:\Program Files\Windows Defender\MsMpEng.exe,,,NT AUTHORITY\SYSTEM,,,,,,,,,,C:\Windows\Temp\15A15CD8-F8BC-4D24-8999-F8EED56C33E3\api-ms-win-core-debug-l1-1-1.dll,2026-06-23 9:41:26,,,,,,,,,,,,,,,,,,,,,,,,,,,,,,,,,,,,,,,DLL,C.4f04b5de911bf0cd,C.4f04b5de911bf0cd
1.78221E+12,,,,,,,,,,,2026-06-23 9:41:26, {f4ba3e13-50a9-6a3a-2c00-000000002600},2436,C:\Program Files\Windows Defender\MsMpEng.exe,,,NT AUTHORITY\SYSTEM,,,,,,,,,,C:\Windows\Temp\15A15CD8-F8BC-4D24-8999-F8EED56C33E3\api-ms-win-core-delayload-l1-1-0.dll,2026-06-23 9:41:26,,,,,,,,,,,,,,,,,,,,,,,,,,,,,,,,,,,,,,,DLL,C.4f04b5de911bf0cd,C.4f04b5de911bf0cd
1.78221E+12,,,,,,,,,,,2026-06-23 9:41:26, {f4ba3e13-50a9-6a3a-2c00-000000002600},2436,C:\Program Files\Windows Defender\MsMpEng.exe,,,NT AUTHORITY\SYSTEM,,,,,,,,,,C:\Windows\Temp\15A15CD8-F8BC-4D24-8999-F8EED56C33E3\api-ms-win-core-errorhandling-l1-1-0.dll,2026-06-23 9:41:26,,,,,,,,,,,,,,,,,,,,,,,,,,,,,,,,,,,,,,,DLL,C.4f04b5de911bf0cd,C.4f04b5de911bf0cd
1.78221E+12,,,,,,,,,,,2026-06-23 9:41:26, {f4ba3e13-50a9-6a3a-2c00-000000002600},2436,C:\Program Files\Windows Defender\MsMpEng.exe,,,NT AUTHORITY\SYSTEM,,,,,,,,,,C:\Windows\Temp\15A15CD8-F8BC-4D24-8999-F8EED56C33E3\api-ms-win-core-errorhandling-l1-1-1.dll,2026-06-23 9:41:26,,,,,,,,,,,,,,,,,,,,,,,,,,,,,,,,,,,,,,,DLL,C.4f04b5de911bf0cd,C.4f04b5de911bf0cd
1.78221E+12,,,,,,,,,,,2026-06-23 9:41:26, {f4ba3e13-50a9-6a3a-2c00-000000002600},2436,C:\Program Files\Windows Defender\MsMpEng.exe,,,NT AUTHORITY\SYSTEM,,,,,,,,,,C:\Windows\Temp\15A15CD8-F8BC-4D24-8999-F8EED56C33E3\api-ms-win-core-fibers-l1-1-0.dll,2026-06-23 9:41:26,,,,,,,,,,,,,,,,,,,,,,,,,,,,,,,,,,,,,,,DLL,C.4f04b5de911bf0cd,C.4f04b5de911bf0cd
1.78221E+12,,,,,,,,,,,2026-06-23 9:41:26, {f4ba3e13-50a9-6a3a-2c00-000000002600},2436,C:\Program Files\Windows Defender\MsMpEng.exe,,,NT AUTHORITY\SYSTEM,,,,,,,,,,C:\Windows\Temp\15A15CD8-F8BC-4D24-8999-F8EED56C33E3\api-ms-win-core-fibers-l1-1-1.dll,2026-06-23 9:41:26,,,,,,,,,,,,,,,,,,,,,,,,,,,,,,,,,,,,,,,DLL,C.4f04b5de911bf0cd,C.4f04b5de911bf0cd
1.78221E+12,,,,,,,,,,,2026-06-23 9:41:26, {f4ba3e13-50a9-6a3a-2c00-000000002600},2436,C:\Program Files\Windows Defender\MsMpEng.exe,,,NT AUTHORITY\SYSTEM,,,,,,,,,,C:\Windows\Temp\15A15CD8-F8BC-4D24-8999-F8EED56C33E3\api-ms-win-core-file-l1-1-0.dll,2026-06-23 9:41:26,,,,,,,,,,,,,,,,,,,,,,,,,,,,,,,,,,,,,,,DLL,C.4f04b5de911bf0cd,C.4f04b5de911bf0cd
1.78221E+12,,,,,,,,,,,2026-06-23 9:41:26, {f4ba3e13-50a9-6a3a-2c00-000000002600},2436,C:\Program Files\Windows Defender\MsMpEng.exe,,,NT AUTHORITY\SYSTEM,,,,,,,,,,C:\Windows\Temp\15A15CD8-F8BC-4D24-8999-F8EED56C33E3\api-ms-win-core-file-l1-2-0.dll,2026-06-23 9:41:26,,,,,,,,,,,,,,,,,,,,,,,,,,,,,,,,,,,,,,,DLL,C.4f04b5de911bf0cd,C.4f04b5de911bf0cd
1.78221E+12,,,,,,,,,,,2026-06-23 9:41:26, {f4ba3e13-50a9-6a3a-2c00-000000002600},2436,C:\Program Files\Windows Defender\MsMpEng.exe,,,NT AUTHORITY\SYSTEM,,,,,,,,,,C:\Windows\Temp\15A15CD8-F8BC-4D24-8999-F8EED56C33E3\api-ms-win-core-file-l1-2-1.dll,2026-06-23 9:41:26,,,,,,,,,,,,,,,,,,,,,,,,,,,,,,,,,,,,,,,DLL,C.4f04b5de911bf0cd,C.4f04b5de911bf0cd
1.78221E+12,,,,,,,,,,,2026-06-23 9:41:26, {f4ba3e13-50a9-6a3a-2c00-000000002600},2436,C:\Program Files\Windows Defender\MsMpEng.exe,,,NT AUTHORITY\SYSTEM,,,,,,,,,,C:\Windows\Temp\15A15CD8-F8BC-4D24-8999-F8EED56C33E3\API-MS-Win-core-file-l2-1-0.dll,2026-06-23 9:41:26,,,,,,,,,,,,,,,,,,,,,,,,,,,,,,,,,,,,,,,DLL,C.4f04b5de911bf0cd,C.4f04b5de911bf0cd
1.78221E+12,,,,,,,,,,,2026-06-23 9:41:26, {f4ba3e13-50a9-6a3a-2c00-000000002600},2436,C:\Program Files\Windows Defender\MsMpEng.exe,,,NT AUTHORITY\SYSTEM,,,,,,,,,,C:\Windows\Temp\15A15CD8-F8BC-4D24-8999-F8EED56C33E3\API-MS-Win-core-file-l2-1-1.dll,2026-06-23 9:41:26,,,,,,,,,,,,,,,,,,,,,,,,,,,,,,,,,,,,,,,DLL,C.4f04b5de911bf0cd,C.4f04b5de911bf0cd
1.78221E+12,,,,,,,,,,,2026-06-23 9:41:26, {f4ba3e13-50a9-6a3a-2c00-000000002600},2436,C:\Program Files\Windows Defender\MsMpEng.exe,,,NT AUTHORITY\SYSTEM,,,,,,,,,,C:\Windows\Temp\15A15CD8-F8BC-4D24-8999-F8EED56C33E3\api-ms-win-core-handle-l1-1-0.dll,2026-06-23 9:41:26,,,,,,,,,,,,,,,,,,,,,,,,,,,,,,,,,,,,,,,DLL,C.4f04b5de911bf0cd,C.4f04b5de911bf0cd
1.78221E+12,,,,,,,,,,,2026-06-23 9:41:26, {f4ba3e13-50a9-6a3a-2c00-000000002600},2436,C:\Program Files\Windows Defender\MsMpEng.exe,,,NT AUTHORITY\SYSTEM,,,,,,,,,,C:\Windows\Temp\15A15CD8-F8BC-4D24-8999-F8EED56C33E3\api-ms-win-core-heap-l1-1-0.dll,2026-06-23 9:41:26,,,,,,,,,,,,,,,,,,,,,,,,,,,,,,,,,,,,,,,DLL,C.4f04b5de911bf0cd,C.4f04b5de911bf0cd
1.78221E+12,,,,,,,,,,,2026-06-23 9:41:26, {f4ba3e13-50a9-6a3a-2c00-000000002600},2436,C:\Program Files\Windows Defender\MsMpEng.exe,,,NT AUTHORITY\SYSTEM,,,,,,,,,,C:\Windows\Temp\15A15CD8-F8BC-4D24-8999-F8EED56C33E3\API-MS-Win-Core-Heap-Obsolete-L1-1-0.dll,2026-06-23 9:41:26,,,,,,,,,,,,,,,,,,,,,,,,,,,,,,,,,,,,,,,DLL,C.4f04b5de911bf0cd,C.4f04b5de911bf0cd
1.78221E+12,,,,,,,,,,,2026-06-23 9:41:26, {f4ba3e13-50a9-6a3a-2c00-000000002600},2436,C:\Program Files\Windows Defender\MsMpEng.exe,,,NT AUTHORITY\SYSTEM,,,,,,,,,,C:\Windows\Temp\15A15CD8-F8BC-4D24-8999-F8EED56C33E3\api-ms-win-core-interlocked-l1-1-0.dll,2026-06-23 9:41:26,,,,,,,,,,,,,,,,,,,,,,,,,,,,,,,,,,,,,,,DLL,C.4f04b5de911bf0cd,C.4f04b5de911bf0cd
1.78221E+12,,,,,,,,,,,2026-06-23 9:41:26, {f4ba3e13-50a9-6a3a-2c00-000000002600},2436,C:\Program Files\Windows Defender\MsMpEng.exe,,,NT AUTHORITY\SYSTEM,,,,,,,,,,C:\Windows\Temp\15A15CD8-F8BC-4D24-8999-F8EED56C33E3\api-ms-win-core-io-l1-1-0.dll,2026-06-23 9:41:26,,,,,,,,,,,,,,,,,,,,,,,,,,,,,,,,,,,,,,,DLL,C.4f04b5de911bf0cd,C.4f04b5de911bf0cd
1.78221E+12,,,,,,,,,,,2026-06-23 9:41:26, {f4ba3e13-50a9-6a3a-2c00-000000002600},2436,C:\Program Files\Windows Defender\MsMpEng.exe,,,NT AUTHORITY\SYSTEM,,,,,,,,,,C:\Windows\Temp\15A15CD8-F8BC-4D24-8999-F8EED56C33E3\api-ms-win-core-io-l1-1-1.dll,2026-06-23 9:41:26,,,,,,,,,,,,,,,,,,,,,,,,,,,,,,,,,,,,,,,DLL,C.4f04b5de911bf0cd,C.4f04b5de911bf0cd
1.78221E+12,,,,,,,,,,,2026-06-23 9:41:26, {f4ba3e13-50a9-6a3a-2c00-000000002600},2436,C:\Program Files\Windows Defender\MsMpEng.exe,,,NT AUTHORITY\SYSTEM,,,,,,,,,,C:\Windows\Temp\15A15CD8-F8BC-4D24-8999-F8EED56C33E3\api-ms-win-core-kernel32-legacy-l1-1-0.dll,2026-06-23 9:41:26,,,,,,,,,,,,,,,,,,,,,,,,,,,,,,,,,,,,,,,DLL,C.4f04b5de911bf0cd,C.4f04b5de911bf0cd
1.78221E+12,,,,,,,,,,,2026-06-23 9:41:26, {f4ba3e13-50a9-6a3a-2c00-000000002600},2436,C:\Program Files\Windows Defender\MsMpEng.exe,,,NT AUTHORITY\SYSTEM,,,,,,,,,,C:\Windows\Temp\15A15CD8-F8BC-4D24-8999-F8EED56C33E3\api-ms-win-core-kernel32-legacy-l1-1-1.dll,2026-06-23 9:41:26,,,,,,,,,,,,,,,,,,,,,,,,,,,,,,,,,,,,,,,DLL,C.4f04b5de911bf0cd,C.4f04b5de911bf0cd
1.78221E+12,,,,,,,,,,,2026-06-23 9:41:26, {f4ba3e13-50a9-6a3a-2c00-000000002600},2436,C:\Program Files\Windows Defender\MsMpEng.exe,,,NT AUTHORITY\SYSTEM,,,,,,,,,,C:\Windows\Temp\15A15CD8-F8BC-4D24-8999-F8EED56C33E3\API-MS-Win-Core-Kernel32-Private-L1-1-0.dll,2026-06-23 9:41:26,,,,,,,,,,,,,,,,,,,,,,,,,,,,,,,,,,,,,,,DLL,C.4f04b5de911bf0cd,C.4f04b5de911bf0cd
1.78221E+12,,,,,,,,,,,2026-06-23 9:41:26, {f4ba3e13-50a9-6a3a-2c00-000000002600},2436,C:\Program Files\Windows Defender\MsMpEng.exe,,,NT AUTHORITY\SYSTEM,,,,,,,,,,C:\Windows\Temp\15A15CD8-F8BC-4D24-8999-F8EED56C33E3\API-MS-Win-Core-Kernel32-Private-L1-1-1.dll,2026-06-23 9:41:26,,,,,,,,,,,,,,,,,,,,,,,,,,,,,,,,,,,,,,,DLL,C.4f04b5de911bf0cd,C.4f04b5de911bf0cd
1.78221E+12,,,,,,,,,,,2026-06-23 9:41:26, {f4ba3e13-50a9-6a3a-2c00-000000002600},2436,C:\Program Files\Windows Defender\MsMpEng.exe,,,NT AUTHORITY\SYSTEM,,,,,,,,,,C:\Windows\Temp\15A15CD8-F8BC-4D24-8999-F8EED56C33E3\api-ms-win-core-libraryloader-l1-1-0.dll,2026-06-23 9:41:26,,,,,,,,,,,,,,,,,,,,,,,,,,,,,,,,,,,,,,,DLL,C.4f04b5de911bf0cd,C.4f04b5de911bf0cd
1.78221E+12,,,,,,,,,,,2026-06-23 9:41:26, {f4ba3e13-50a9-6a3a-2c00-000000002600},2436,C:\Program Files\Windows Defender\MsMpEng.exe,,,NT AUTHORITY\SYSTEM,,,,,,,,,,C:\Windows\Temp\15A15CD8-F8BC-4D24-8999-F8EED56C33E3\api-ms-win-core-libraryloader-l1-1-1.dll,2026-06-23 9:41:26,,,,,,,,,,,,,,,,,,,,,,,,,,,,,,,,,,,,,,,DLL,C.4f04b5de911bf0cd,C.4f04b5de911bf0cd
1.78221E+12,,,,,,,,,,,2026-06-23 9:41:26, {f4ba3e13-50a9-6a3a-2c00-000000002600},2436,C:\Program Files\Windows Defender\MsMpEng.exe,,,NT AUTHORITY\SYSTEM,,,,,,,,,,C:\Windows\Temp\15A15CD8-F8BC-4D24-8999-F8EED56C33E3\api-ms-win-core-localization-l1-2-0.dll,2026-06-23 9:41:26,,,,,,,,,,,,,,,,,,,,,,,,,,,,,,,,,,,,,,,DLL,C.4f04b5de911bf0cd,C.4f04b5de911bf0cd
1.78221E+12,,,,,,,,,,,2026-06-23 9:41:26, {f4ba3e13-50a9-6a3a-2c00-000000002600},2436,C:\Program Files\Windows Defender\MsMpEng.exe,,,NT AUTHORITY\SYSTEM,,,,,,,,,,C:\Windows\Temp\15A15CD8-F8BC-4D24-8999-F8EED56C33E3\api-ms-win-core-localization-l1-2-1.dll,2026-06-23 9:41:26,,,,,,,,,,,,,,,,,,,,,,,,,,,,,,,,,,,,,,,DLL,C.4f04b5de911bf0cd,C.4f04b5de911bf0cd
1.78221E+12,,,,,,,,,,,2026-06-23 9:41:26, {f4ba3e13-50a9-6a3a-2c00-000000002600},2436,C:\Program Files\Windows Defender\MsMpEng.exe,,,NT AUTHORITY\SYSTEM,,,,,,,,,,C:\Windows\Temp\15A15CD8-F8BC-4D24-8999-F8EED56C33E3\API-MS-Win-core-localization-obsolete-l1-2-0.dll,2026-06-23 9:41:26,,,,,,,,,,,,,,,,,,,,,,,,,,,,,,,,,,,,,,,DLL,C.4f04b5de911bf0cd,C.4f04b5de911bf0cd
1.78221E+12,,,,,,,,,,,2026-06-23 9:41:26, {f4ba3e13-50a9-6a3a-2c00-000000002600},2436,C:\Program Files\Windows Defender\MsMpEng.exe,,,NT AUTHORITY\SYSTEM,,,,,,,,,,C:\Windows\Temp\15A15CD8-F8BC-4D24-8999-F8EED56C33E3\api-ms-win-core-memory-l1-1-0.dll,2026-06-23 9:41:26,,,,,,,,,,,,,,,,,,,,,,,,,,,,,,,,,,,,,,,DLL,C.4f04b5de911bf0cd,C.4f04b5de911bf0cd
1.78221E+12,,,,,,,,,,,2026-06-23 9:41:26, {f4ba3e13-50a9-6a3a-2c00-000000002600},2436,C:\Program Files\Windows Defender\MsMpEng.exe,,,NT AUTHORITY\SYSTEM,,,,,,,,,,C:\Windows\Temp\15A15CD8-F8BC-4D24-8999-F8EED56C33E3\api-ms-win-core-memory-l1-1-1.dll,2026-06-23 9:41:26,,,,,,,,,,,,,,,,,,,,,,,,,,,,,,,,,,,,,,,DLL,C.4f04b5de911bf0cd,C.4f04b5de911bf0cd
1.78221E+12,,,,,,,,,,,2026-06-23 9:41:26, {f4ba3e13-50a9-6a3a-2c00-000000002600},2436,C:\Program Files\Windows Defender\MsMpEng.exe,,,NT AUTHORITY\SYSTEM,,,,,,,,,,C:\Windows\Temp\15A15CD8-F8BC-4D24-8999-F8EED56C33E3\api-ms-win-core-memory-l1-1-2.dll,2026-06-23 9:41:26,,,,,,,,,,,,,,,,,,,,,,,,,,,,,,,,,,,,,,,DLL,C.4f04b5de911bf0cd,C.4f04b5de911bf0cd
1.78221E+12,,,,,,,,,,,2026-06-23 9:41:27, {f4ba3e13-50a9-6a3a-2c00-000000002600},2436,C:\Program Files\Windows Defender\MsMpEng.exe,,,NT AUTHORITY\SYSTEM,,,,,,,,,,C:\Windows\Temp\15A15CD8-F8BC-4D24-8999-F8EED56C33E3\api-ms-win-core-namedpipe-l1-1-0.dll,2026-06-23 9:41:27,,,,,,,,,,,,,,,,,,,,,,,,,,,,,,,,,,,,,,,DLL,C.4f04b5de911bf0cd,C.4f04b5de911bf0cd
1.78221E+12,,,,,,,,,,,2026-06-23 9:41:27, {f4ba3e13-50a9-6a3a-2c00-000000002600},2436,C:\Program Files\Windows Defender\MsMpEng.exe,,,NT AUTHORITY\SYSTEM,,,,,,,,,,C:\Windows\Temp\15A15CD8-F8BC-4D24-8999-F8EED56C33E3\api-ms-win-core-privateprofile-l1-1-0.dll,2026-06-23 9:41:27,,,,,,,,,,,,,,,,,,,,,,,,,,,,,,,,,,,,,,,DLL,C.4f04b5de911bf0cd,C.4f04b5de911bf0cd
1.78221E+12,,,,,,,,,,,2026-06-23 9:41:27, {f4ba3e13-50a9-6a3a-2c00-000000002600},2436,C:\Program Files\Windows Defender\MsMpEng.exe,,,NT AUTHORITY\SYSTEM,,,,,,,,,,C:\Windows\Temp\15A15CD8-F8BC-4D24-8999-F8EED56C33E3\api-ms-win-core-privateprofile-l1-1-1.dll,2026-06-23 9:41:27,,,,,,,,,,,,,,,,,,,,,,,,,,,,,,,,,,,,,,,DLL,C.4f04b5de911bf0cd,C.4f04b5de911bf0cd
1.78221E+12,,,,,,,,,,,2026-06-23 9:41:27, {f4ba3e13-50a9-6a3a-2c00-000000002600},2436,C:\Program Files\Windows Defender\MsMpEng.exe,,,NT AUTHORITY\SYSTEM,,,,,,,,,,C:\Windows\Temp\15A15CD8-F8BC-4D24-8999-F8EED56C33E3\api-ms-win-core-processenvironment-l1-1-0.dll,2026-06-23 9:41:27,,,,,,,,,,,,,,,,,,,,,,,,,,,,,,,,,,,,,,,DLL,C.4f04b5de911bf0cd,C.4f04b5de911bf0cd
1.78221E+12,,,,,,,,,,,2026-06-23 9:41:27, {f4ba3e13-50a9-6a3a-2c00-000000002600},2436,C:\Program Files\Windows Defender\MsMpEng.exe,,,NT AUTHORITY\SYSTEM,,,,,,,,,,C:\Windows\Temp\15A15CD8-F8BC-4D24-8999-F8EED56C33E3\api-ms-win-core-processenvironment-l1-2-0.dll,2026-06-23 9:41:27,,,,,,,,,,,,,,,,,,,,,,,,,,,,,,,,,,,,,,,DLL,C.4f04b5de911bf0cd,C.4f04b5de911bf0cd
1.78221E+12,,,,,,,,,,,2026-06-23 9:41:27, {f4ba3e13-50a9-6a3a-2c00-000000002600},2436,C:\Program Files\Windows Defender\MsMpEng.exe,,,NT AUTHORITY\SYSTEM,,,,,,,,,,C:\Windows\Temp\15A15CD8-F8BC-4D24-8999-F8EED56C33E3\api-ms-win-core-processthreads-l1-1-0.dll,2026-06-23 9:41:27,,,,,,,,,,,,,,,,,,,,,,,,,,,,,,,,,,,,,,,DLL,C.4f04b5de911bf0cd,C.4f04b5de911bf0cd
1.78221E+12,,,,,,,,,,,2026-06-23 9:41:27, {f4ba3e13-50a9-6a3a-2c00-000000002600},2436,C:\Program Files\Windows Defender\MsMpEng.exe,,,NT AUTHORITY\SYSTEM,,,,,,,,,,C:\Windows\Temp\15A15CD8-F8BC-4D24-8999-F8EED56C33E3\api-ms-win-core-processthreads-l1-1-1.dll,2026-06-23 9:41:27,,,,,,,,,,,,,,,,,,,,,,,,,,,,,,,,,,,,,,,DLL,C.4f04b5de911bf0cd,C.4f04b5de911bf0cd
1.78221E+12,,,,,,,,,,,2026-06-23 9:41:27, {f4ba3e13-50a9-6a3a-2c00-000000002600},2436,C:\Program Files\Windows Defender\MsMpEng.exe,,,NT AUTHORITY\SYSTEM,,,,,,,,,,C:\Windows\Temp\15A15CD8-F8BC-4D24-8999-F8EED56C33E3\api-ms-win-core-processthreads-l1-1-2.dll,2026-06-23 9:41:27,,,,,,,,,,,,,,,,,,,,,,,,,,,,,,,,,,,,,,,DLL,C.4f04b5de911bf0cd,C.4f04b5de911bf0cd
1.78221E+12,,,,,,,,,,,2026-06-23 9:41:27, {f4ba3e13-50a9-6a3a-2c00-000000002600},2436,C:\Program Files\Windows Defender\MsMpEng.exe,,,NT AUTHORITY\SYSTEM,,,,,,,,,,C:\Windows\Temp\15A15CD8-F8BC-4D24-8999-F8EED56C33E3\api-ms-win-core-processtopology-obsolete-l1-1-0.dll,2026-06-23 9:41:27,,,,,,,,,,,,,,,,,,,,,,,,,,,,,,,,,,,,,,,DLL,C.4f04b5de911bf0cd,C.4f04b5de911bf0cd
1.78221E+12,,,,,,,,,,,2026-06-23 9:41:27, {f4ba3e13-50a9-6a3a-2c00-000000002600},2436,C:\Program Files\Windows Defender\MsMpEng.exe,,,NT AUTHORITY\SYSTEM,,,,,,,,,,C:\Windows\Temp\15A15CD8-F8BC-4D24-8999-F8EED56C33E3\api-ms-win-core-profile-l1-1-0.dll,2026-06-23 9:41:27,,,,,,,,,,,,,,,,,,,,,,,,,,,,,,,,,,,,,,,DLL,C.4f04b5de911bf0cd,C.4f04b5de911bf0cd
1.78221E+12,,,,,,,,,,,2026-06-23 9:41:27, {f4ba3e13-50a9-6a3a-2c00-000000002600},2436,C:\Program Files\Windows Defender\MsMpEng.exe,,,NT AUTHORITY\SYSTEM,,,,,,,,,,C:\Windows\Temp\15A15CD8-F8BC-4D24-8999-F8EED56C33E3\api-ms-win-core-realtime-l1-1-0.dll,2026-06-23 9:41:27,,,,,,,,,,,,,,,,,,,,,,,,,,,,,,,,,,,,,,,DLL,C.4f04b5de911bf0cd,C.4f04b5de911bf0cd
1.78221E+12,,,,,,,,,,,2026-06-23 9:41:27, {f4ba3e13-50a9-6a3a-2c00-000000002600},2436,C:\Program Files\Windows Defender\MsMpEng.exe,,,NT AUTHORITY\SYSTEM,,,,,,,,,,C:\Windows\Temp\15A15CD8-F8BC-4D24-8999-F8EED56C33E3\api-ms-win-core-registry-l1-1-0.dll,2026-06-23 9:41:27,,,,,,,,,,,,,,,,,,,,,,,,,,,,,,,,,,,,,,,DLL,C.4f04b5de911bf0cd,C.4f04b5de911bf0cd
1.78221E+12,,,,,,,,,,,2026-06-23 9:41:27, {f4ba3e13-50a9-6a3a-2c00-000000002600},2436,C:\Program Files\Windows Defender\MsMpEng.exe,,,NT AUTHORITY\SYSTEM,,,,,,,,,,C:\Windows\Temp\15A15CD8-F8BC-4D24-8999-F8EED56C33E3\api-ms-win-core-registry-l2-1-0.dll,2026-06-23 9:41:27,,,,,,,,,,,,,,,,,,,,,,,,,,,,,,,,,,,,,,,DLL,C.4f04b5de911bf0cd,C.4f04b5de911bf0cd
1.78221E+12,,,,,,,,,,,2026-06-23 9:41:27, {f4ba3e13-50a9-6a3a-2c00-000000002600},2436,C:\Program Files\Windows Defender\MsMpEng.exe,,,NT AUTHORITY\SYSTEM,,,,,,,,,,C:\Windows\Temp\15A15CD8-F8BC-4D24-8999-F8EED56C33E3\api-ms-win-core-rtlsupport-l1-1-0.dll,2026-06-23 9:41:27,,,,,,,,,,,,,,,,,,,,,,,,,,,,,,,,,,,,,,,DLL,C.4f04b5de911bf0cd,C.4f04b5de911bf0cd
1.78221E+12,,,,,,,,,,,2026-06-23 9:41:27, {f4ba3e13-50a9-6a3a-2c00-000000002600},2436,C:\Program Files\Windows Defender\MsMpEng.exe,,,NT AUTHORITY\SYSTEM,,,,,,,,,,C:\Windows\Temp\15A15CD8-F8BC-4D24-8999-F8EED56C33E3\api-ms-win-core-shlwapi-legacy-l1-1-0.dll,2026-06-23 9:41:27,,,,,,,,,,,,,,,,,,,,,,,,,,,,,,,,,,,,,,,DLL,C.4f04b5de911bf0cd,C.4f04b5de911bf0cd
1.78221E+12,,,,,,,,,,,2026-06-23 9:41:27, {f4ba3e13-50a9-6a3a-2c00-000000002600},2436,C:\Program Files\Windows Defender\MsMpEng.exe,,,NT AUTHORITY\SYSTEM,,,,,,,,,,C:\Windows\Temp\15A15CD8-F8BC-4D24-8999-F8EED56C33E3\api-ms-win-core-shlwapi-obsolete-l1-1-0.dll,2026-06-23 9:41:27,,,,,,,,,,,,,,,,,,,,,,,,,,,,,,,,,,,,,,,DLL,C.4f04b5de911bf0cd,C.4f04b5de911bf0cd
1.78221E+12,,,,,,,,,,,2026-06-23 9:41:27, {f4ba3e13-50a9-6a3a-2c00-000000002600},2436,C:\Program Files\Windows Defender\MsMpEng.exe,,,NT AUTHORITY\SYSTEM,,,,,,,,,,C:\Windows\Temp\15A15CD8-F8BC-4D24-8999-F8EED56C33E3\api-ms-win-core-shutdown-l1-1-0.dll,2026-06-23 9:41:27,,,,,,,,,,,,,,,,,,,,,,,,,,,,,,,,,,,,,,,DLL,C.4f04b5de911bf0cd,C.4f04b5de911bf0cd
1.78221E+12,,,,,,,,,,,2026-06-23 9:41:27, {f4ba3e13-50a9-6a3a-2c00-000000002600},2436,C:\Program Files\Windows Defender\MsMpEng.exe,,,NT AUTHORITY\SYSTEM,,,,,,,,,,C:\Windows\Temp\15A15CD8-F8BC-4D24-8999-F8EED56C33E3\api-ms-win-core-string-l1-1-0.dll,2026-06-23 9:41:27,,,,,,,,,,,,,,,,,,,,,,,,,,,,,,,,,,,,,,,DLL,C.4f04b5de911bf0cd,C.4f04b5de911bf0cd
1.78221E+12,,,,,,,,,,,2026-06-23 9:41:27, {f4ba3e13-50a9-6a3a-2c00-000000002600},2436,C:\Program Files\Windows Defender\MsMpEng.exe,,,NT AUTHORITY\SYSTEM,,,,,,,,,,C:\Windows\Temp\15A15CD8-F8BC-4D24-8999-F8EED56C33E3\API-MS-Win-core-string-l2-1-0.dll,2026-06-23 9:41:27,,,,,,,,,,,,,,,,,,,,,,,,,,,,,,,,,,,,,,,DLL,C.4f04b5de911bf0cd,C.4f04b5de911bf0cd
1.78221E+12,,,,,,,,,,,2026-06-23 9:41:27, {f4ba3e13-50a9-6a3a-2c00-000000002600},2436,C:\Program Files\Windows Defender\MsMpEng.exe,,,NT AUTHORITY\SYSTEM,,,,,,,,,,C:\Windows\Temp\15A15CD8-F8BC-4D24-8999-F8EED56C33E3\API-MS-Win-core-string-obsolete-l1-1-0.dll,2026-06-23 9:41:27,,,,,,,,,,,,,,,,,,,,,,,,,,,,,,,,,,,,,,,DLL,C.4f04b5de911bf0cd,C.4f04b5de911bf0cd
1.78221E+12,,,,,,,,,,,2026-06-23 9:41:27, {f4ba3e13-50a9-6a3a-2c00-000000002600},2436,C:\Program Files\Windows Defender\MsMpEng.exe,,,NT AUTHORITY\SYSTEM,,,,,,,,,,C:\Windows\Temp\15A15CD8-F8BC-4D24-8999-F8EED56C33E3\api-ms-win-core-stringansi-l1-1-0.dll,2026-06-23 9:41:27,,,,,,,,,,,,,,,,,,,,,,,,,,,,,,,,,,,,,,,DLL,C.4f04b5de911bf0cd,C.4f04b5de911bf0cd
1.78221E+12,,,,,,,,,,,2026-06-23 9:41:27, {f4ba3e13-50a9-6a3a-2c00-000000002600},2436,C:\Program Files\Windows Defender\MsMpEng.exe,,,NT AUTHORITY\SYSTEM,,,,,,,,,,C:\Windows\Temp\15A15CD8-F8BC-4D24-8999-F8EED56C33E3\api-ms-win-core-stringloader-l1-1-1.dll,2026-06-23 9:41:27,,,,,,,,,,,,,,,,,,,,,,,,,,,,,,,,,,,,,,,DLL,C.4f04b5de911bf0cd,C.4f04b5de911bf0cd
1.78221E+12,,,,,,,,,,,2026-06-23 9:41:27, {f4ba3e13-50a9-6a3a-2c00-000000002600},2436,C:\Program Files\Windows Defender\MsMpEng.exe,,,NT AUTHORITY\SYSTEM,,,,,,,,,,C:\Windows\Temp\15A15CD8-F8BC-4D24-8999-F8EED56C33E3\api-ms-win-core-synch-l1-1-0.dll,2026-06-23 9:41:27,,,,,,,,,,,,,,,,,,,,,,,,,,,,,,,,,,,,,,,DLL,C.4f04b5de911bf0cd,C.4f04b5de911bf0cd
1.78221E+12,,,,,,,,,,,2026-06-23 9:41:27, {f4ba3e13-50a9-6a3a-2c00-000000002600},2436,C:\Program Files\Windows Defender\MsMpEng.exe,,,NT AUTHORITY\SYSTEM,,,,,,,,,,C:\Windows\Temp\15A15CD8-F8BC-4D24-8999-F8EED56C33E3\api-ms-win-core-synch-l1-2-0.dll,2026-06-23 9:41:27,,,,,,,,,,,,,,,,,,,,,,,,,,,,,,,,,,,,,,,DLL,C.4f04b5de911bf0cd,C.4f04b5de911bf0cd
1.78221E+12,,,,,,,,,,,2026-06-23 9:41:27, {f4ba3e13-50a9-6a3a-2c00-000000002600},2436,C:\Program Files\Windows Defender\MsMpEng.exe,,,NT AUTHORITY\SYSTEM,,,,,,,,,,C:\Windows\Temp\15A15CD8-F8BC-4D24-8999-F8EED56C33E3\api-ms-win-core-sysinfo-l1-1-0.dll,2026-06-23 9:41:27,,,,,,,,,,,,,,,,,,,,,,,,,,,,,,,,,,,,,,,DLL,C.4f04b5de911bf0cd,C.4f04b5de911bf0cd
1.78221E+12,,,,,,,,,,,2026-06-23 9:41:27, {f4ba3e13-50a9-6a3a-2c00-000000002600},2436,C:\Program Files\Windows Defender\MsMpEng.exe,,,NT AUTHORITY\SYSTEM,,,,,,,,,,C:\Windows\Temp\15A15CD8-F8BC-4D24-8999-F8EED56C33E3\api-ms-win-core-sysinfo-l1-2-0.dll,2026-06-23 9:41:27,,,,,,,,,,,,,,,,,,,,,,,,,,,,,,,,,,,,,,,DLL,C.4f04b5de911bf0cd,C.4f04b5de911bf0cd
1.78221E+12,,,,,,,,,,,2026-06-23 9:41:27, {f4ba3e13-50a9-6a3a-2c00-000000002600},2436,C:\Program Files\Windows Defender\MsMpEng.exe,,,NT AUTHORITY\SYSTEM,,,,,,,,,,C:\Windows\Temp\15A15CD8-F8BC-4D24-8999-F8EED56C33E3\api-ms-win-core-sysinfo-l1-2-1.dll,2026-06-23 9:41:27,,,,,,,,,,,,,,,,,,,,,,,,,,,,,,,,,,,,,,,DLL,C.4f04b5de911bf0cd,C.4f04b5de911bf0cd
1.78221E+12,,,,,,,,,,,2026-06-23 9:41:27, {f4ba3e13-50a9-6a3a-2c00-000000002600},2436,C:\Program Files\Windows Defender\MsMpEng.exe,,,NT AUTHORITY\SYSTEM,,,,,,,,,,C:\Windows\Temp\15A15CD8-F8BC-4D24-8999-F8EED56C33E3\api-ms-win-core-threadpool-l1-2-0.dll,2026-06-23 9:41:27,,,,,,,,,,,,,,,,,,,,,,,,,,,,,,,,,,,,,,,DLL,C.4f04b5de911bf0cd,C.4f04b5de911bf0cd
1.78221E+12,,,,,,,,,,,2026-06-23 9:41:27, {f4ba3e13-50a9-6a3a-2c00-000000002600},2436,C:\Program Files\Windows Defender\MsMpEng.exe,,,NT AUTHORITY\SYSTEM,,,,,,,,,,C:\Windows\Temp\15A15CD8-F8BC-4D24-8999-F8EED56C33E3\api-ms-win-core-threadpool-legacy-l1-1-0.dll,2026-06-23 9:41:27,,,,,,,,,,,,,,,,,,,,,,,,,,,,,,,,,,,,,,,DLL,C.4f04b5de911bf0cd,C.4f04b5de911bf0cd
1.78221E+12,,,,,,,,,,,2026-06-23 9:41:27, {f4ba3e13-50a9-6a3a-2c00-000000002600},2436,C:\Program Files\Windows Defender\MsMpEng.exe,,,NT AUTHORITY\SYSTEM,,,,,,,,,,C:\Windows\Temp\15A15CD8-F8BC-4D24-8999-F8EED56C33E3\api-ms-win-core-threadpool-private-l1-1-0.dll,2026-06-23 9:41:27,,,,,,,,,,,,,,,,,,,,,,,,,,,,,,,,,,,,,,,DLL,C.4f04b5de911bf0cd,C.4f04b5de911bf0cd
1.78221E+12,,,,,,,,,,,2026-06-23 9:41:27, {f4ba3e13-50a9-6a3a-2c00-000000002600},2436,C:\Program Files\Windows Defender\MsMpEng.exe,,,NT AUTHORITY\SYSTEM,,,,,,,,,,C:\Windows\Temp\15A15CD8-F8BC-4D24-8999-F8EED56C33E3\api-ms-win-core-timezone-l1-1-0.dll,2026-06-23 9:41:27,,,,,,,,,,,,,,,,,,,,,,,,,,,,,,,,,,,,,,,DLL,C.4f04b5de911bf0cd,C.4f04b5de911bf0cd
1.78221E+12,,,,,,,,,,,2026-06-23 9:41:27, {f4ba3e13-50a9-6a3a-2c00-000000002600},2436,C:\Program Files\Windows Defender\MsMpEng.exe,,,NT AUTHORITY\SYSTEM,,,,,,,,,,C:\Windows\Temp\15A15CD8-F8BC-4D24-8999-F8EED56C33E3\api-ms-win-core-url-l1-1-0.dll,2026-06-23 9:41:27,,,,,,,,,,,,,,,,,,,,,,,,,,,,,,,,,,,,,,,DLL,C.4f04b5de911bf0cd,C.4f04b5de911bf0cd
1.78221E+12,,,,,,,,,,,2026-06-23 9:41:27, {f4ba3e13-50a9-6a3a-2c00-000000002600},2436,C:\Program Files\Windows Defender\MsMpEng.exe,,,NT AUTHORITY\SYSTEM,,,,,,,,,,C:\Windows\Temp\15A15CD8-F8BC-4D24-8999-F8EED56C33E3\api-ms-win-core-util-l1-1-0.dll,2026-06-23 9:41:27,,,,,,,,,,,,,,,,,,,,,,,,,,,,,,,,,,,,,,,DLL,C.4f04b5de911bf0cd,C.4f04b5de911bf0cd
1.78221E+12,,,,,,,,,,,2026-06-23 9:41:27, {f4ba3e13-50a9-6a3a-2c00-000000002600},2436,C:\Program Files\Windows Defender\MsMpEng.exe,,,NT AUTHORITY\SYSTEM,,,,,,,,,,C:\Windows\Temp\15A15CD8-F8BC-4D24-8999-F8EED56C33E3\api-ms-win-core-version-l1-1-0.dll,2026-06-23 9:41:27,,,,,,,,,,,,,,,,,,,,,,,,,,,,,,,,,,,,,,,DLL,C.4f04b5de911bf0cd,C.4f04b5de911bf0cd
1.78221E+12,,,,,,,,,,,2026-06-23 9:41:27, {f4ba3e13-50a9-6a3a-2c00-000000002600},2436,C:\Program Files\Windows Defender\MsMpEng.exe,,,NT AUTHORITY\SYSTEM,,,,,,,,,,C:\Windows\Temp\15A15CD8-F8BC-4D24-8999-F8EED56C33E3\api-ms-win-core-wow64-l1-1-0.dll,2026-06-23 9:41:27,,,,,,,,,,,,,,,,,,,,,,,,,,,,,,,,,,,,,,,DLL,C.4f04b5de911bf0cd,C.4f04b5de911bf0cd
1.78221E+12,,,,,,,,,,,2026-06-23 9:41:27, {f4ba3e13-50a9-6a3a-2c00-000000002600},2436,C:\Program Files\Windows Defender\MsMpEng.exe,,,NT AUTHORITY\SYSTEM,,,,,,,,,,C:\Windows\Temp\15A15CD8-F8BC-4D24-8999-F8EED56C33E3\api-ms-win-core-xstate-l1-1-0.dll,2026-06-23 9:41:27,,,,,,,,,,,,,,,,,,,,,,,,,,,,,,,,,,,,,,,DLL,C.4f04b5de911bf0cd,C.4f04b5de911bf0cd
1.78221E+12,,,,,,,,,,,2026-06-23 9:41:27, {f4ba3e13-50a9-6a3a-2c00-000000002600},2436,C:\Program Files\Windows Defender\MsMpEng.exe,,,NT AUTHORITY\SYSTEM,,,,,,,,,,C:\Windows\Temp\15A15CD8-F8BC-4D24-8999-F8EED56C33E3\API-MS-Win-core-xstate-l2-1-0.dll,2026-06-23 9:41:27,,,,,,,,,,,,,,,,,,,,,,,,,,,,,,,,,,,,,,,DLL,C.4f04b5de911bf0cd,C.4f04b5de911bf0cd
1.78221E+12,,,,,,,,,,,2026-06-23 9:41:27, {f4ba3e13-50a9-6a3a-2c00-000000002600},2436,C:\Program Files\Windows Defender\MsMpEng.exe,,,NT AUTHORITY\SYSTEM,,,,,,,,,,C:\Windows\Temp\15A15CD8-F8BC-4D24-8999-F8EED56C33E3\API-MS-Win-devices-config-L1-1-0.dll,2026-06-23 9:41:27,,,,,,,,,,,,,,,,,,,,,,,,,,,,,,,,,,,,,,,DLL,C.4f04b5de911bf0cd,C.4f04b5de911bf0cd
1.78221E+12,,,,,,,,,,,2026-06-23 9:41:27, {f4ba3e13-50a9-6a3a-2c00-000000002600},2436,C:\Program Files\Windows Defender\MsMpEng.exe,,,NT AUTHORITY\SYSTEM,,,,,,,,,,C:\Windows\Temp\15A15CD8-F8BC-4D24-8999-F8EED56C33E3\API-MS-Win-devices-config-L1-1-1.dll,2026-06-23 9:41:27,,,,,,,,,,,,,,,,,,,,,,,,,,,,,,,,,,,,,,,DLL,C.4f04b5de911bf0cd,C.4f04b5de911bf0cd
1.78221E+12,,,,,,,,,,,2026-06-23 9:41:27, {f4ba3e13-50a9-6a3a-2c00-000000002600},2436,C:\Program Files\Windows Defender\MsMpEng.exe,,,NT AUTHORITY\SYSTEM,,,,,,,,,,C:\Windows\Temp\15A15CD8-F8BC-4D24-8999-F8EED56C33E3\API-MS-Win-Eventing-ClassicProvider-L1-1-0.dll,2026-06-23 9:41:27,,,,,,,,,,,,,,,,,,,,,,,,,,,,,,,,,,,,,,,DLL,C.4f04b5de911bf0cd,C.4f04b5de911bf0cd
1.78221E+12,,,,,,,,,,,2026-06-23 9:41:27, {f4ba3e13-50a9-6a3a-2c00-000000002600},2436,C:\Program Files\Windows Defender\MsMpEng.exe,,,NT AUTHORITY\SYSTEM,,,,,,,,,,C:\Windows\Temp\15A15CD8-F8BC-4D24-8999-F8EED56C33E3\api-ms-win-eventing-consumer-l1-1-0.dll,2026-06-23 9:41:27,,,,,,,,,,,,,,,,,,,,,,,,,,,,,,,,,,,,,,,DLL,C.4f04b5de911bf0cd,C.4f04b5de911bf0cd
1.78221E+12,,,,,,,,,,,2026-06-23 9:41:27, {f4ba3e13-50a9-6a3a-2c00-000000002600},2436,C:\Program Files\Windows Defender\MsMpEng.exe,,,NT AUTHORITY\SYSTEM,,,,,,,,,,C:\Windows\Temp\15A15CD8-F8BC-4D24-8999-F8EED56C33E3\API-MS-Win-Eventing-Controller-L1-1-0.dll,2026-06-23 9:41:27,,,,,,,,,,,,,,,,,,,,,,,,,,,,,,,,,,,,,,,DLL,C.4f04b5de911bf0cd,C.4f04b5de911bf0cd
1.78221E+12,,,,,,,,,,,2026-06-23 9:41:27, {f4ba3e13-50a9-6a3a-2c00-000000002600},2436,C:\Program Files\Windows Defender\MsMpEng.exe,,,NT AUTHORITY\SYSTEM,,,,,,,,,,C:\Windows\Temp\15A15CD8-F8BC-4D24-8999-F8EED56C33E3\API-MS-Win-Eventing-Legacy-L1-1-0.dll,2026-06-23 9:41:27,,,,,,,,,,,,,,,,,,,,,,,,,,,,,,,,,,,,,,,DLL,C.4f04b5de911bf0cd,C.4f04b5de911bf0cd
1.78221E+12,,,,,,,,,,,2026-06-23 9:41:27, {f4ba3e13-50a9-6a3a-2c00-000000002600},2436,C:\Program Files\Windows Defender\MsMpEng.exe,,,NT AUTHORITY\SYSTEM,,,,,,,,,,C:\Windows\Temp\15A15CD8-F8BC-4D24-8999-F8EED56C33E3\API-MS-Win-Eventing-Provider-L1-1-0.dll,2026-06-23 9:41:27,,,,,,,,,,,,,,,,,,,,,,,,,,,,,,,,,,,,,,,DLL,C.4f04b5de911bf0cd,C.4f04b5de911bf0cd
1.78221E+12,,,,,,,,,,,2026-06-23 9:41:27, {f4ba3e13-50a9-6a3a-2c00-000000002600},2436,C:\Program Files\Windows Defender\MsMpEng.exe,,,NT AUTHORITY\SYSTEM,,,,,,,,,,C:\Windows\Temp\15A15CD8-F8BC-4D24-8999-F8EED56C33E3\API-MS-Win-EventLog-Legacy-L1-1-0.dll,2026-06-23 9:41:27,,,,,,,,,,,,,,,,,,,,,,,,,,,,,,,,,,,,,,,DLL,C.4f04b5de911bf0cd,C.4f04b5de911bf0cd
1.78221E+12,,,,,,,,,,,2026-06-23 9:41:27, {f4ba3e13-50a9-6a3a-2c00-000000002600},2436,C:\Program Files\Windows Defender\MsMpEng.exe,,,NT AUTHORITY\SYSTEM,,,,,,,,,,C:\Windows\Temp\15A15CD8-F8BC-4D24-8999-F8EED56C33E3\api-ms-win-security-base-l1-1-0.dll,2026-06-23 9:41:27,,,,,,,,,,,,,,,,,,,,,,,,,,,,,,,,,,,,,,,DLL,C.4f04b5de911bf0cd,C.4f04b5de911bf0cd
1.78221E+12,,,,,,,,,,,2026-06-23 9:41:27, {f4ba3e13-50a9-6a3a-2c00-000000002600},2436,C:\Program Files\Windows Defender\MsMpEng.exe,,,NT AUTHORITY\SYSTEM,,,,,,,,,,C:\Windows\Temp\15A15CD8-F8BC-4D24-8999-F8EED56C33E3\api-ms-win-security-cryptoapi-l1-1-0.dll,2026-06-23 9:41:27,,,,,,,,,,,,,,,,,,,,,,,,,,,,,,,,,,,,,,,DLL,C.4f04b5de911bf0cd,C.4f04b5de911bf0cd
1.78221E+12,,,,,,,,,,,2026-06-23 9:41:27, {f4ba3e13-50a9-6a3a-2c00-000000002600},2436,C:\Program Files\Windows Defender\MsMpEng.exe,,,NT AUTHORITY\SYSTEM,,,,,,,,,,C:\Windows\Temp\15A15CD8-F8BC-4D24-8999-F8EED56C33E3\API-MS-Win-Security-Lsalookup-L2-1-0.dll,2026-06-23 9:41:27,,,,,,,,,,,,,,,,,,,,,,,,,,,,,,,,,,,,,,,DLL,C.4f04b5de911bf0cd,C.4f04b5de911bf0cd
1.78221E+12,,,,,,,,,,,2026-06-23 9:41:27, {f4ba3e13-50a9-6a3a-2c00-000000002600},2436,C:\Program Files\Windows Defender\MsMpEng.exe,,,NT AUTHORITY\SYSTEM,,,,,,,,,,C:\Windows\Temp\15A15CD8-F8BC-4D24-8999-F8EED56C33E3\API-MS-Win-Security-Lsalookup-L2-1-1.dll,2026-06-23 9:41:27,,,,,,,,,,,,,,,,,,,,,,,,,,,,,,,,,,,,,,,DLL,C.4f04b5de911bf0cd,C.4f04b5de911bf0cd
1.78221E+12,,,,,,,,,,,2026-06-23 9:41:27, {f4ba3e13-50a9-6a3a-2c00-000000002600},2436,C:\Program Files\Windows Defender\MsMpEng.exe,,,NT AUTHORITY\SYSTEM,,,,,,,,,,C:\Windows\Temp\15A15CD8-F8BC-4D24-8999-F8EED56C33E3\API-MS-Win-security-lsapolicy-l1-1-0.dll,2026-06-23 9:41:27,,,,,,,,,,,,,,,,,,,,,,,,,,,,,,,,,,,,,,,DLL,C.4f04b5de911bf0cd,C.4f04b5de911bf0cd
1.78221E+12,,,,,,,,,,,2026-06-23 9:41:27, {f4ba3e13-50a9-6a3a-2c00-000000002600},2436,C:\Program Files\Windows Defender\MsMpEng.exe,,,NT AUTHORITY\SYSTEM,,,,,,,,,,C:\Windows\Temp\15A15CD8-F8BC-4D24-8999-F8EED56C33E3\API-MS-Win-security-provider-L1-1-0.dll,2026-06-23 9:41:27,,,,,,,,,,,,,,,,,,,,,,,,,,,,,,,,,,,,,,,DLL,C.4f04b5de911bf0cd,C.4f04b5de911bf0cd
1.78221E+12,,,,,,,,,,,2026-06-23 9:41:27, {f4ba3e13-50a9-6a3a-2c00-000000002600},2436,C:\Program Files\Windows Defender\MsMpEng.exe,,,NT AUTHORITY\SYSTEM,,,,,,,,,,C:\Windows\Temp\15A15CD8-F8BC-4D24-8999-F8EED56C33E3\api-ms-win-security-sddl-l1-1-0.dll,2026-06-23 9:41:27,,,,,,,,,,,,,,,,,,,,,,,,,,,,,,,,,,,,,,,DLL,C.4f04b5de911bf0cd,C.4f04b5de911bf0cd
1.78221E+12,,,,,,,,,,,2026-06-23 9:41:27, {f4ba3e13-50a9-6a3a-2c00-000000002600},2436,C:\Program Files\Windows Defender\MsMpEng.exe,,,NT AUTHORITY\SYSTEM,,,,,,,,,,C:\Windows\Temp\15A15CD8-F8BC-4D24-8999-F8EED56C33E3\api-ms-win-service-core-l1-1-0.dll,2026-06-23 9:41:27,,,,,,,,,,,,,,,,,,,,,,,,,,,,,,,,,,,,,,,DLL,C.4f04b5de911bf0cd,C.4f04b5de911bf0cd
1.78221E+12,,,,,,,,,,,2026-06-23 9:41:27, {f4ba3e13-50a9-6a3a-2c00-000000002600},2436,C:\Program Files\Windows Defender\MsMpEng.exe,,,NT AUTHORITY\SYSTEM,,,,,,,,,,C:\Windows\Temp\15A15CD8-F8BC-4D24-8999-F8EED56C33E3\api-ms-win-service-core-l1-1-1.dll,2026-06-23 9:41:27,,,,,,,,,,,,,,,,,,,,,,,,,,,,,,,,,,,,,,,DLL,C.4f04b5de911bf0cd,C.4f04b5de911bf0cd
1.78221E+12,,,,,,,,,,,2026-06-23 9:41:27, {f4ba3e13-50a9-6a3a-2c00-000000002600},2436,C:\Program Files\Windows Defender\MsMpEng.exe,,,NT AUTHORITY\SYSTEM,,,,,,,,,,C:\Windows\Temp\15A15CD8-F8BC-4D24-8999-F8EED56C33E3\api-ms-win-service-management-l1-1-0.dll,2026-06-23 9:41:27,,,,,,,,,,,,,,,,,,,,,,,,,,,,,,,,,,,,,,,DLL,C.4f04b5de911bf0cd,C.4f04b5de911bf0cd
1.78221E+12,,,,,,,,,,,2026-06-23 9:41:27, {f4ba3e13-50a9-6a3a-2c00-000000002600},2436,C:\Program Files\Windows Defender\MsMpEng.exe,,,NT AUTHORITY\SYSTEM,,,,,,,,,,C:\Windows\Temp\15A15CD8-F8BC-4D24-8999-F8EED56C33E3\api-ms-win-service-management-l2-1-0.dll,2026-06-23 9:41:27,,,,,,,,,,,,,,,,,,,,,,,,,,,,,,,,,,,,,,,DLL,C.4f04b5de911bf0cd,C.4f04b5de911bf0cd
1.78221E+12,,,,,,,,,,,2026-06-23 9:41:27, {f4ba3e13-50a9-6a3a-2c00-000000002600},2436,C:\Program Files\Windows Defender\MsMpEng.exe,,,NT AUTHORITY\SYSTEM,,,,,,,,,,C:\Windows\Temp\15A15CD8-F8BC-4D24-8999-F8EED56C33E3\api-ms-win-service-private-l1-1-0.dll,2026-06-23 9:41:27,,,,,,,,,,,,,,,,,,,,,,,,,,,,,,,,,,,,,,,DLL,C.4f04b5de911bf0cd,C.4f04b5de911bf0cd
1.78221E+12,,,,,,,,,,,2026-06-23 9:41:27, {f4ba3e13-50a9-6a3a-2c00-000000002600},2436,C:\Program Files\Windows Defender\MsMpEng.exe,,,NT AUTHORITY\SYSTEM,,,,,,,,,,C:\Windows\Temp\15A15CD8-F8BC-4D24-8999-F8EED56C33E3\api-ms-win-service-private-l1-1-1.dll,2026-06-23 9:41:27,,,,,,,,,,,,,,,,,,,,,,,,,,,,,,,,,,,,,,,DLL,C.4f04b5de911bf0cd,C.4f04b5de911bf0cd
1.78221E+12,,,,,,,,,,,2026-06-23 9:41:27, {f4ba3e13-50a9-6a3a-2c00-000000002600},2436,C:\Program Files\Windows Defender\MsMpEng.exe,,,NT AUTHORITY\SYSTEM,,,,,,,,,,C:\Windows\Temp\15A15CD8-F8BC-4D24-8999-F8EED56C33E3\api-ms-win-service-winsvc-l1-1-0.dll,2026-06-23 9:41:27,,,,,,,,,,,,,,,,,,,,,,,,,,,,,,,,,,,,,,,DLL,C.4f04b5de911bf0cd,C.4f04b5de911bf0cd
1.78221E+12,,,,,,,,,,,2026-06-23 9:41:27, {f4ba3e13-50a9-6a3a-2c00-000000002600},2436,C:\Program Files\Windows Defender\MsMpEng.exe,,,NT AUTHORITY\SYSTEM,,,,,,,,,,C:\Windows\Temp\DDC8500D-8287-4EC1-93A6-F92FFC2B7400\AppxProvider.dll,2026-06-23 9:41:27,,,,,,,,,,,,,,,,,,,,,,,,,,,,,,,,,,,,,,,DLL,C.4f04b5de911bf0cd,C.4f04b5de911bf0cd
1.78221E+12,,,,,,,,,,,2026-06-23 9:41:27, {f4ba3e13-50a9-6a3a-2c00-000000002600},2436,C:\Program Files\Windows Defender\MsMpEng.exe,,,NT AUTHORITY\SYSTEM,,,,,,,,,,C:\Windows\Temp\DDC8500D-8287-4EC1-93A6-F92FFC2B7400\AssocProvider.dll,2026-06-23 9:41:27,,,,,,,,,,,,,,,,,,,,,,,,,,,,,,,,,,,,,,,DLL,C.4f04b5de911bf0cd,C.4f04b5de911bf0cd
1.78221E+12,,,,,,,,,,,2026-06-23 9:41:27, {f4ba3e13-50a9-6a3a-2c00-000000002600},2436,C:\Program Files\Windows Defender\MsMpEng.exe,,,NT AUTHORITY\SYSTEM,,,,,,,,,,C:\Windows\Temp\DDC8500D-8287-4EC1-93A6-F92FFC2B7400\CbsProvider.dll,2026-06-23 9:41:27,,,,,,,,,,,,,,,,,,,,,,,,,,,,,,,,,,,,,,,DLL,C.4f04b5de911bf0cd,C.4f04b5de911bf0cd
1.78221E+12,,,,,,,,,,,2026-06-23 9:41:27, {f4ba3e13-50a9-6a3a-2c00-000000002600},2436,C:\Program Files\Windows Defender\MsMpEng.exe,,,NT AUTHORITY\SYSTEM,,,,,,,,,,C:\Windows\Temp\DDC8500D-8287-4EC1-93A6-F92FFC2B7400\CompatProvider.dll,2026-06-23 9:41:27,,,,,,,,,,,,,,,,,,,,,,,,,,,,,,,,,,,,,,,DLL,C.4f04b5de911bf0cd,C.4f04b5de911bf0cd
1.78221E+12,,,,,,,,,,,2026-06-23 9:41:27, {f4ba3e13-50a9-6a3a-2c00-000000002600},2436,C:\Program Files\Windows Defender\MsMpEng.exe,,,NT AUTHORITY\SYSTEM,,,,,,,,,,C:\Windows\Temp\DDC8500D-8287-4EC1-93A6-F92FFC2B7400\DismCore.dll,2026-06-23 9:41:27,,,,,,,,,,,,,,,,,,,,,,,,,,,,,,,,,,,,,,,DLL,C.4f04b5de911bf0cd,C.4f04b5de911bf0cd
1.78221E+12,,,,,,,,,,,2026-06-23 9:41:27, {f4ba3e13-50a9-6a3a-2c00-000000002600},2436,C:\Program Files\Windows Defender\MsMpEng.exe,,,NT AUTHORITY\SYSTEM,,,,,,,,,,C:\Windows\Temp\DDC8500D-8287-4EC1-93A6-F92FFC2B7400\DismCorePS.dll,2026-06-23 9:41:27,,,,,,,,,,,,,,,,,,,,,,,,,,,,,,,,,,,,,,,DLL,C.4f04b5de911bf0cd,C.4f04b5de911bf0cd
1.78221E+12,,,,,,,,,,,2026-06-23 9:41:27, {f4ba3e13-50a9-6a3a-2c00-000000002600},2436,C:\Program Files\Windows Defender\MsMpEng.exe,,,NT AUTHORITY\SYSTEM,,,,,,,,,,C:\Windows\Temp\DDC8500D-8287-4EC1-93A6-F92FFC2B7400\DismHost.exe,2026-06-23 9:41:27,,,,,,,,,,,,,,,,,,,,,,,,,,,,,,,,,,,,,,,EXE,C.4f04b5de911bf0cd,C.4f04b5de911bf0cd
1.78221E+12,,,,,,,,,,,2026-06-23 9:41:27, {f4ba3e13-50a9-6a3a-2c00-000000002600},2436,C:\Program Files\Windows Defender\MsMpEng.exe,,,NT AUTHORITY\SYSTEM,,,,,,,,,,C:\Windows\Temp\DDC8500D-8287-4EC1-93A6-F92FFC2B7400\DismProv.dll,2026-06-23 9:41:27,,,,,,,,,,,,,,,,,,,,,,,,,,,,,,,,,,,,,,,DLL,C.4f04b5de911bf0cd,C.4f04b5de911bf0cd
1.78221E+12,,,,,,,,,,,2026-06-23 9:41:27, {f4ba3e13-50a9-6a3a-2c00-000000002600},2436,C:\Program Files\Windows Defender\MsMpEng.exe,,,NT AUTHORITY\SYSTEM,,,,,,,,,,C:\Windows\Temp\DDC8500D-8287-4EC1-93A6-F92FFC2B7400\DmiProvider.dll,2026-06-23 9:41:27,,,,,,,,,,,,,,,,,,,,,,,,,,,,,,,,,,,,,,,DLL,C.4f04b5de911bf0cd,C.4f04b5de911bf0cd
1.78221E+12,,,,,,,,,,,2026-06-23 9:41:27, {f4ba3e13-50a9-6a3a-2c00-000000002600},2436,C:\Program Files\Windows Defender\MsMpEng.exe,,,NT AUTHORITY\SYSTEM,,,,,,,,,,C:\Windows\Temp\DDC8500D-8287-4EC1-93A6-F92FFC2B7400\FfuProvider.dll,2026-06-23 9:41:27,,,,,,,,,,,,,,,,,,,,,,,,,,,,,,,,,,,,,,,DLL,C.4f04b5de911bf0cd,C.4f04b5de911bf0cd
1.78221E+12,,,,,,,,,,,2026-06-23 9:41:27, {f4ba3e13-50a9-6a3a-2c00-000000002600},2436,C:\Program Files\Windows Defender\MsMpEng.exe,,,NT AUTHORITY\SYSTEM,,,,,,,,,,C:\Windows\Temp\DDC8500D-8287-4EC1-93A6-F92FFC2B7400\FolderProvider.dll,2026-06-23 9:41:27,,,,,,,,,,,,,,,,,,,,,,,,,,,,,,,,,,,,,,,DLL,C.4f04b5de911bf0cd,C.4f04b5de911bf0cd
1.78221E+12,,,,,,,,,,,2026-06-23 9:41:27, {f4ba3e13-50a9-6a3a-2c00-000000002600},2436,C:\Program Files\Windows Defender\MsMpEng.exe,,,NT AUTHORITY\SYSTEM,,,,,,,,,,C:\Windows\Temp\DDC8500D-8287-4EC1-93A6-F92FFC2B7400\GenericProvider.dll,2026-06-23 9:41:27,,,,,,,,,,,,,,,,,,,,,,,,,,,,,,,,,,,,,,,DLL,C.4f04b5de911bf0cd,C.4f04b5de911bf0cd
1.78221E+12,,,,,,,,,,,2026-06-23 9:41:27, {f4ba3e13-50a9-6a3a-2c00-000000002600},2436,C:\Program Files\Windows Defender\MsMpEng.exe,,,NT AUTHORITY\SYSTEM,,,,,,,,,,C:\Windows\Temp\DDC8500D-8287-4EC1-93A6-F92FFC2B7400\IBSProvider.dll,2026-06-23 9:41:27,,,,,,,,,,,,,,,,,,,,,,,,,,,,,,,,,,,,,,,DLL,C.4f04b5de911bf0cd,C.4f04b5de911bf0cd
1.78221E+12,,,,,,,,,,,2026-06-23 9:41:27, {f4ba3e13-50a9-6a3a-2c00-000000002600},2436,C:\Program Files\Windows Defender\MsMpEng.exe,,,NT AUTHORITY\SYSTEM,,,,,,,,,,C:\Windows\Temp\DDC8500D-8287-4EC1-93A6-F92FFC2B7400\ImagingProvider.dll,2026-06-23 9:41:27,,,,,,,,,,,,,,,,,,,,,,,,,,,,,,,,,,,,,,,DLL,C.4f04b5de911bf0cd,C.4f04b5de911bf0cd
1.78221E+12,,,,,,,,,,,2026-06-23 9:41:27, {f4ba3e13-50a9-6a3a-2c00-000000002600},2436,C:\Program Files\Windows Defender\MsMpEng.exe,,,NT AUTHORITY\SYSTEM,,,,,,,,,,C:\Windows\Temp\DDC8500D-8287-4EC1-93A6-F92FFC2B7400\IntlProvider.dll,2026-06-23 9:41:27,,,,,,,,,,,,,,,,,,,,,,,,,,,,,,,,,,,,,,,DLL,C.4f04b5de911bf0cd,C.4f04b5de911bf0cd
1.78221E+12,,,,,,,,,,,2026-06-23 9:41:27, {f4ba3e13-50a9-6a3a-2c00-000000002600},2436,C:\Program Files\Windows Defender\MsMpEng.exe,,,NT AUTHORITY\SYSTEM,,,,,,,,,,C:\Windows\Temp\DDC8500D-8287-4EC1-93A6-F92FFC2B7400\LogProvider.dll,2026-06-23 9:41:27,,,,,,,,,,,,,,,,,,,,,,,,,,,,,,,,,,,,,,,DLL,C.4f04b5de911bf0cd,C.4f04b5de911bf0cd
1.78221E+12,,,,,,,,,,,2026-06-23 9:41:27, {f4ba3e13-50a9-6a3a-2c00-000000002600},2436,C:\Program Files\Windows Defender\MsMpEng.exe,,,NT AUTHORITY\SYSTEM,,,,,,,,,,C:\Windows\Temp\DDC8500D-8287-4EC1-93A6-F92FFC2B7400\MsiProvider.dll,2026-06-23 9:41:27,,,,,,,,,,,,,,,,,,,,,,,,,,,,,,,,,,,,,,,DLL,C.4f04b5de911bf0cd,C.4f04b5de911bf0cd
1.78221E+12,,,,,,,,,,,2026-06-23 9:41:27, {f4ba3e13-50a9-6a3a-2c00-000000002600},2436,C:\Program Files\Windows Defender\MsMpEng.exe,,,NT AUTHORITY\SYSTEM,,,,,,,,,,C:\Windows\Temp\DDC8500D-8287-4EC1-93A6-F92FFC2B7400\OfflineSetupProvider.dll,2026-06-23 9:41:27,,,,,,,,,,,,,,,,,,,,,,,,,,,,,,,,,,,,,,,DLL,C.4f04b5de911bf0cd,C.4f04b5de911bf0cd
1.78221E+12,,,,,,,,,,,2026-06-23 9:41:27, {f4ba3e13-50a9-6a3a-2c00-000000002600},2436,C:\Program Files\Windows Defender\MsMpEng.exe,,,NT AUTHORITY\SYSTEM,,,,,,,,,,C:\Windows\Temp\DDC8500D-8287-4EC1-93A6-F92FFC2B7400\OSProvider.dll,2026-06-23 9:41:27,,,,,,,,,,,,,,,,,,,,,,,,,,,,,,,,,,,,,,,DLL,C.4f04b5de911bf0cd,C.4f04b5de911bf0cd
1.78221E+12,,,,,,,,,,,2026-06-23 9:41:27, {f4ba3e13-50a9-6a3a-2c00-000000002600},2436,C:\Program Files\Windows Defender\MsMpEng.exe,,,NT AUTHORITY\SYSTEM,,,,,,,,,,C:\Windows\Temp\DDC8500D-8287-4EC1-93A6-F92FFC2B7400\ProvProvider.dll,2026-06-23 9:41:27,,,,,,,,,,,,,,,,,,,,,,,,,,,,,,,,,,,,,,,DLL,C.4f04b5de911bf0cd,C.4f04b5de911bf0cd
1.78221E+12,,,,,,,,,,,2026-06-23 9:41:27, {f4ba3e13-50a9-6a3a-2c00-000000002600},2436,C:\Program Files\Windows Defender\MsMpEng.exe,,,NT AUTHORITY\SYSTEM,,,,,,,,,,C:\Windows\Temp\DDC8500D-8287-4EC1-93A6-F92FFC2B7400\SmiProvider.dll,2026-06-23 9:41:27,,,,,,,,,,,,,,,,,,,,,,,,,,,,,,,,,,,,,,,DLL,C.4f04b5de911bf0cd,C.4f04b5de911bf0cd
1.78221E+12,,,,,,,,,,,2026-06-23 9:41:27, {f4ba3e13-50a9-6a3a-2c00-000000002600},2436,C:\Program Files\Windows Defender\MsMpEng.exe,,,NT AUTHORITY\SYSTEM,,,,,,,,,,C:\Windows\Temp\DDC8500D-8287-4EC1-93A6-F92FFC2B7400\TransmogProvider.dll,2026-06-23 9:41:27,,,,,,,,,,,,,,,,,,,,,,,,,,,,,,,,,,,,,,,DLL,C.4f04b5de911bf0cd,C.4f04b5de911bf0cd
1.78221E+12,,,,,,,,,,,2026-06-23 9:41:27, {f4ba3e13-50a9-6a3a-2c00-000000002600},2436,C:\Program Files\Windows Defender\MsMpEng.exe,,,NT AUTHORITY\SYSTEM,,,,,,,,,,C:\Windows\Temp\DDC8500D-8287-4EC1-93A6-F92FFC2B7400\UnattendProvider.dll,2026-06-23 9:41:27,,,,,,,,,,,,,,,,,,,,,,,,,,,,,,,,,,,,,,,DLL,C.4f04b5de911bf0cd,C.4f04b5de911bf0cd
1.78221E+12,,,,,,,,,,,2026-06-23 9:41:27, {f4ba3e13-50a9-6a3a-2c00-000000002600},2436,C:\Program Files\Windows Defender\MsMpEng.exe,,,NT AUTHORITY\SYSTEM,,,,,,,,,,C:\Windows\Temp\DDC8500D-8287-4EC1-93A6-F92FFC2B7400\VhdProvider.dll,2026-06-23 9:41:27,,,,,,,,,,,,,,,,,,,,,,,,,,,,,,,,,,,,,,,DLL,C.4f04b5de911bf0cd,C.4f04b5de911bf0cd
1.78221E+12,,,,,,,,,,,2026-06-23 9:41:27, {f4ba3e13-50a9-6a3a-2c00-000000002600},2436,C:\Program Files\Windows Defender\MsMpEng.exe,,,NT AUTHORITY\SYSTEM,,,,,,,,,,C:\Windows\Temp\DDC8500D-8287-4EC1-93A6-F92FFC2B7400\WimProvider.dll,2026-06-23 9:41:27,,,,,,,,,,,,,,,,,,,,,,,,,,,,,,,,,,,,,,,DLL,C.4f04b5de911bf0cd,C.4f04b5de911bf0cd
1.78221E+12,,,,,,,,,,,2026-06-23 9:41:27, {f4ba3e13-50a9-6a3a-2c00-000000002600},2436,C:\Program Files\Windows Defender\MsMpEng.exe,,,NT AUTHORITY\SYSTEM,,,,,,,,,,C:\Windows\Temp\DDC8500D-8287-4EC1-93A6-F92FFC2B7400\api-ms-win-base-util-l1-1-0.dll,2026-06-23 9:41:27,,,,,,,,,,,,,,,,,,,,,,,,,,,,,,,,,,,,,,,DLL,C.4f04b5de911bf0cd,C.4f04b5de911bf0cd
1.78221E+12,,,,,,,,,,,2026-06-23 9:41:27, {f4ba3e13-50a9-6a3a-2c00-000000002600},2436,C:\Program Files\Windows Defender\MsMpEng.exe,,,NT AUTHORITY\SYSTEM,,,,,,,,,,C:\Windows\Temp\DDC8500D-8287-4EC1-93A6-F92FFC2B7400\api-ms-win-core-com-l1-1-0.dll,2026-06-23 9:41:27,,,,,,,,,,,,,,,,,,,,,,,,,,,,,,,,,,,,,,,DLL,C.4f04b5de911bf0cd,C.4f04b5de911bf0cd
1.78221E+12,,,,,,,,,,,2026-06-23 9:41:27, {f4ba3e13-50a9-6a3a-2c00-000000002600},2436,C:\Program Files\Windows Defender\MsMpEng.exe,,,NT AUTHORITY\SYSTEM,,,,,,,,,,C:\Windows\Temp\DDC8500D-8287-4EC1-93A6-F92FFC2B7400\api-ms-win-core-comm-l1-1-0.dll,2026-06-23 9:41:27,,,,,,,,,,,,,,,,,,,,,,,,,,,,,,,,,,,,,,,DLL,C.4f04b5de911bf0cd,C.4f04b5de911bf0cd
1.78221E+12,,,,,,,,,,,2026-06-23 9:41:27, {f4ba3e13-50a9-6a3a-2c00-000000002600},2436,C:\Program Files\Windows Defender\MsMpEng.exe,,,NT AUTHORITY\SYSTEM,,,,,,,,,,C:\Windows\Temp\DDC8500D-8287-4EC1-93A6-F92FFC2B7400\api-ms-win-core-console-l1-1-0.dll,2026-06-23 9:41:27,,,,,,,,,,,,,,,,,,,,,,,,,,,,,,,,,,,,,,,DLL,C.4f04b5de911bf0cd,C.4f04b5de911bf0cd
1.78221E+12,,,,,,,,,,,2026-06-23 9:41:27, {f4ba3e13-50a9-6a3a-2c00-000000002600},2436,C:\Program Files\Windows Defender\MsMpEng.exe,,,NT AUTHORITY\SYSTEM,,,,,,,,,,C:\Windows\Temp\DDC8500D-8287-4EC1-93A6-F92FFC2B7400\api-ms-win-core-datetime-l1-1-0.dll,2026-06-23 9:41:27,,,,,,,,,,,,,,,,,,,,,,,,,,,,,,,,,,,,,,,DLL,C.4f04b5de911bf0cd,C.4f04b5de911bf0cd
1.78221E+12,,,,,,,,,,,2026-06-23 9:41:27, {f4ba3e13-50a9-6a3a-2c00-000000002600},2436,C:\Program Files\Windows Defender\MsMpEng.exe,,,NT AUTHORITY\SYSTEM,,,,,,,,,,C:\Windows\Temp\DDC8500D-8287-4EC1-93A6-F92FFC2B7400\api-ms-win-core-datetime-l1-1-1.dll,2026-06-23 9:41:27,,,,,,,,,,,,,,,,,,,,,,,,,,,,,,,,,,,,,,,DLL,C.4f04b5de911bf0cd,C.4f04b5de911bf0cd
1.78221E+12,,,,,,,,,,,2026-06-23 9:41:27, {f4ba3e13-50a9-6a3a-2c00-000000002600},2436,C:\Program Files\Windows Defender\MsMpEng.exe,,,NT AUTHORITY\SYSTEM,,,,,,,,,,C:\Windows\Temp\DDC8500D-8287-4EC1-93A6-F92FFC2B7400\api-ms-win-core-debug-l1-1-0.dll,2026-06-23 9:41:27,,,,,,,,,,,,,,,,,,,,,,,,,,,,,,,,,,,,,,,DLL,C.4f04b5de911bf0cd,C.4f04b5de911bf0cd
1.78221E+12,,,,,,,,,,,2026-06-23 9:41:27, {f4ba3e13-50a9-6a3a-2c00-000000002600},2436,C:\Program Files\Windows Defender\MsMpEng.exe,,,NT AUTHORITY\SYSTEM,,,,,,,,,,C:\Windows\Temp\DDC8500D-8287-4EC1-93A6-F92FFC2B7400\api-ms-win-core-debug-l1-1-1.dll,2026-06-23 9:41:27,,,,,,,,,,,,,,,,,,,,,,,,,,,,,,,,,,,,,,,DLL,C.4f04b5de911bf0cd,C.4f04b5de911bf0cd
1.78221E+12,,,,,,,,,,,2026-06-23 9:41:27, {f4ba3e13-50a9-6a3a-2c00-000000002600},2436,C:\Program Files\Windows Defender\MsMpEng.exe,,,NT AUTHORITY\SYSTEM,,,,,,,,,,C:\Windows\Temp\DDC8500D-8287-4EC1-93A6-F92FFC2B7400\api-ms-win-core-delayload-l1-1-0.dll,2026-06-23 9:41:27,,,,,,,,,,,,,,,,,,,,,,,,,,,,,,,,,,,,,,,DLL,C.4f04b5de911bf0cd,C.4f04b5de911bf0cd
1.78221E+12,,,,,,,,,,,2026-06-23 9:41:27, {f4ba3e13-50a9-6a3a-2c00-000000002600},2436,C:\Program Files\Windows Defender\MsMpEng.exe,,,NT AUTHORITY\SYSTEM,,,,,,,,,,C:\Windows\Temp\DDC8500D-8287-4EC1-93A6-F92FFC2B7400\api-ms-win-core-errorhandling-l1-1-0.dll,2026-06-23 9:41:27,,,,,,,,,,,,,,,,,,,,,,,,,,,,,,,,,,,,,,,DLL,C.4f04b5de911bf0cd,C.4f04b5de911bf0cd
1.78221E+12,,,,,,,,,,,2026-06-23 9:41:27, {f4ba3e13-50a9-6a3a-2c00-000000002600},2436,C:\Program Files\Windows Defender\MsMpEng.exe,,,NT AUTHORITY\SYSTEM,,,,,,,,,,C:\Windows\Temp\DDC8500D-8287-4EC1-93A6-F92FFC2B7400\api-ms-win-core-errorhandling-l1-1-1.dll,2026-06-23 9:41:27,,,,,,,,,,,,,,,,,,,,,,,,,,,,,,,,,,,,,,,DLL,C.4f04b5de911bf0cd,C.4f04b5de911bf0cd
1.78221E+12,,,,,,,,,,,2026-06-23 9:41:27, {f4ba3e13-50a9-6a3a-2c00-000000002600},2436,C:\Program Files\Windows Defender\MsMpEng.exe,,,NT AUTHORITY\SYSTEM,,,,,,,,,,C:\Windows\Temp\DDC8500D-8287-4EC1-93A6-F92FFC2B7400\api-ms-win-core-fibers-l1-1-0.dll,2026-06-23 9:41:27,,,,,,,,,,,,,,,,,,,,,,,,,,,,,,,,,,,,,,,DLL,C.4f04b5de911bf0cd,C.4f04b5de911bf0cd
1.78221E+12,,,,,,,,,,,2026-06-23 9:41:27, {f4ba3e13-50a9-6a3a-2c00-000000002600},2436,C:\Program Files\Windows Defender\MsMpEng.exe,,,NT AUTHORITY\SYSTEM,,,,,,,,,,C:\Windows\Temp\DDC8500D-8287-4EC1-93A6-F92FFC2B7400\api-ms-win-core-fibers-l1-1-1.dll,2026-06-23 9:41:27,,,,,,,,,,,,,,,,,,,,,,,,,,,,,,,,,,,,,,,DLL,C.4f04b5de911bf0cd,C.4f04b5de911bf0cd
1.78221E+12,,,,,,,,,,,2026-06-23 9:41:27, {f4ba3e13-50a9-6a3a-2c00-000000002600},2436,C:\Program Files\Windows Defender\MsMpEng.exe,,,NT AUTHORITY\SYSTEM,,,,,,,,,,C:\Windows\Temp\DDC8500D-8287-4EC1-93A6-F92FFC2B7400\api-ms-win-core-file-l1-1-0.dll,2026-06-23 9:41:27,,,,,,,,,,,,,,,,,,,,,,,,,,,,,,,,,,,,,,,DLL,C.4f04b5de911bf0cd,C.4f04b5de911bf0cd
1.78221E+12,,,,,,,,,,,2026-06-23 9:41:27, {f4ba3e13-50a9-6a3a-2c00-000000002600},2436,C:\Program Files\Windows Defender\MsMpEng.exe,,,NT AUTHORITY\SYSTEM,,,,,,,,,,C:\Windows\Temp\DDC8500D-8287-4EC1-93A6-F92FFC2B7400\api-ms-win-core-file-l1-2-0.dll,2026-06-23 9:41:27,,,,,,,,,,,,,,,,,,,,,,,,,,,,,,,,,,,,,,,DLL,C.4f04b5de911bf0cd,C.4f04b5de911bf0cd
1.78221E+12,,,,,,,,,,,2026-06-23 9:41:27, {f4ba3e13-50a9-6a3a-2c00-000000002600},2436,C:\Program Files\Windows Defender\MsMpEng.exe,,,NT AUTHORITY\SYSTEM,,,,,,,,,,C:\Windows\Temp\DDC8500D-8287-4EC1-93A6-F92FFC2B7400\api-ms-win-core-file-l1-2-1.dll,2026-06-23 9:41:27,,,,,,,,,,,,,,,,,,,,,,,,,,,,,,,,,,,,,,,DLL,C.4f04b5de911bf0cd,C.4f04b5de911bf0cd
1.78221E+12,,,,,,,,,,,2026-06-23 9:41:27, {f4ba3e13-50a9-6a3a-2c00-000000002600},2436,C:\Program Files\Windows Defender\MsMpEng.exe,,,NT AUTHORITY\SYSTEM,,,,,,,,,,C:\Windows\Temp\DDC8500D-8287-4EC1-93A6-F92FFC2B7400\API-MS-Win-core-file-l2-1-0.dll,2026-06-23 9:41:27,,,,,,,,,,,,,,,,,,,,,,,,,,,,,,,,,,,,,,,DLL,C.4f04b5de911bf0cd,C.4f04b5de911bf0cd
1.78221E+12,,,,,,,,,,,2026-06-23 9:41:27, {f4ba3e13-50a9-6a3a-2c00-000000002600},2436,C:\Program Files\Windows Defender\MsMpEng.exe,,,NT AUTHORITY\SYSTEM,,,,,,,,,,C:\Windows\Temp\DDC8500D-8287-4EC1-93A6-F92FFC2B7400\API-MS-Win-core-file-l2-1-1.dll,2026-06-23 9:41:27,,,,,,,,,,,,,,,,,,,,,,,,,,,,,,,,,,,,,,,DLL,C.4f04b5de911bf0cd,C.4f04b5de911bf0cd
1.78221E+12,,,,,,,,,,,2026-06-23 9:41:27, {f4ba3e13-50a9-6a3a-2c00-000000002600},2436,C:\Program Files\Windows Defender\MsMpEng.exe,,,NT AUTHORITY\SYSTEM,,,,,,,,,,C:\Windows\Temp\DDC8500D-8287-4EC1-93A6-F92FFC2B7400\api-ms-win-core-handle-l1-1-0.dll,2026-06-23 9:41:27,,,,,,,,,,,,,,,,,,,,,,,,,,,,,,,,,,,,,,,DLL,C.4f04b5de911bf0cd,C.4f04b5de911bf0cd
1.78221E+12,,,,,,,,,,,2026-06-23 9:41:27, {f4ba3e13-50a9-6a3a-2c00-000000002600},2436,C:\Program Files\Windows Defender\MsMpEng.exe,,,NT AUTHORITY\SYSTEM,,,,,,,,,,C:\Windows\Temp\DDC8500D-8287-4EC1-93A6-F92FFC2B7400\api-ms-win-core-heap-l1-1-0.dll,2026-06-23 9:41:27,,,,,,,,,,,,,,,,,,,,,,,,,,,,,,,,,,,,,,,DLL,C.4f04b5de911bf0cd,C.4f04b5de911bf0cd
1.78221E+12,,,,,,,,,,,2026-06-23 9:41:27, {f4ba3e13-50a9-6a3a-2c00-000000002600},2436,C:\Program Files\Windows Defender\MsMpEng.exe,,,NT AUTHORITY\SYSTEM,,,,,,,,,,C:\Windows\Temp\DDC8500D-8287-4EC1-93A6-F92FFC2B7400\API-MS-Win-Core-Heap-Obsolete-L1-1-0.dll,2026-06-23 9:41:27,,,,,,,,,,,,,,,,,,,,,,,,,,,,,,,,,,,,,,,DLL,C.4f04b5de911bf0cd,C.4f04b5de911bf0cd
1.78221E+12,,,,,,,,,,,2026-06-23 9:41:27, {f4ba3e13-50a9-6a3a-2c00-000000002600},2436,C:\Program Files\Windows Defender\MsMpEng.exe,,,NT AUTHORITY\SYSTEM,,,,,,,,,,C:\Windows\Temp\DDC8500D-8287-4EC1-93A6-F92FFC2B7400\api-ms-win-core-interlocked-l1-1-0.dll,2026-06-23 9:41:27,,,,,,,,,,,,,,,,,,,,,,,,,,,,,,,,,,,,,,,DLL,C.4f04b5de911bf0cd,C.4f04b5de911bf0cd
1.78221E+12,,,,,,,,,,,2026-06-23 9:41:27, {f4ba3e13-50a9-6a3a-2c00-000000002600},2436,C:\Program Files\Windows Defender\MsMpEng.exe,,,NT AUTHORITY\SYSTEM,,,,,,,,,,C:\Windows\Temp\DDC8500D-8287-4EC1-93A6-F92FFC2B7400\api-ms-win-core-io-l1-1-0.dll,2026-06-23 9:41:27,,,,,,,,,,,,,,,,,,,,,,,,,,,,,,,,,,,,,,,DLL,C.4f04b5de911bf0cd,C.4f04b5de911bf0cd
1.78221E+12,,,,,,,,,,,2026-06-23 9:41:27, {f4ba3e13-50a9-6a3a-2c00-000000002600},2436,C:\Program Files\Windows Defender\MsMpEng.exe,,,NT AUTHORITY\SYSTEM,,,,,,,,,,C:\Windows\Temp\DDC8500D-8287-4EC1-93A6-F92FFC2B7400\api-ms-win-core-io-l1-1-1.dll,2026-06-23 9:41:27,,,,,,,,,,,,,,,,,,,,,,,,,,,,,,,,,,,,,,,DLL,C.4f04b5de911bf0cd,C.4f04b5de911bf0cd
1.78221E+12,,,,,,,,,,,2026-06-23 9:41:27, {f4ba3e13-50a9-6a3a-2c00-000000002600},2436,C:\Program Files\Windows Defender\MsMpEng.exe,,,NT AUTHORITY\SYSTEM,,,,,,,,,,C:\Windows\Temp\DDC8500D-8287-4EC1-93A6-F92FFC2B7400\api-ms-win-core-kernel32-legacy-l1-1-0.dll,2026-06-23 9:41:27,,,,,,,,,,,,,,,,,,,,,,,,,,,,,,,,,,,,,,,DLL,C.4f04b5de911bf0cd,C.4f04b5de911bf0cd
1.78221E+12,,,,,,,,,,,2026-06-23 9:41:27, {f4ba3e13-50a9-6a3a-2c00-000000002600},2436,C:\Program Files\Windows Defender\MsMpEng.exe,,,NT AUTHORITY\SYSTEM,,,,,,,,,,C:\Windows\Temp\DDC8500D-8287-4EC1-93A6-F92FFC2B7400\api-ms-win-core-kernel32-legacy-l1-1-1.dll,2026-06-23 9:41:27,,,,,,,,,,,,,,,,,,,,,,,,,,,,,,,,,,,,,,,DLL,C.4f04b5de911bf0cd,C.4f04b5de911bf0cd
1.78221E+12,,,,,,,,,,,2026-06-23 9:41:27, {f4ba3e13-50a9-6a3a-2c00-000000002600},2436,C:\Program Files\Windows Defender\MsMpEng.exe,,,NT AUTHORITY\SYSTEM,,,,,,,,,,C:\Windows\Temp\DDC8500D-8287-4EC1-93A6-F92FFC2B7400\API-MS-Win-Core-Kernel32-Private-L1-1-0.dll,2026-06-23 9:41:27,,,,,,,,,,,,,,,,,,,,,,,,,,,,,,,,,,,,,,,DLL,C.4f04b5de911bf0cd,C.4f04b5de911bf0cd
1.78221E+12,,,,,,,,,,,2026-06-23 9:41:27, {f4ba3e13-50a9-6a3a-2c00-000000002600},2436,C:\Program Files\Windows Defender\MsMpEng.exe,,,NT AUTHORITY\SYSTEM,,,,,,,,,,C:\Windows\Temp\DDC8500D-8287-4EC1-93A6-F92FFC2B7400\API-MS-Win-Core-Kernel32-Private-L1-1-1.dll,2026-06-23 9:41:27,,,,,,,,,,,,,,,,,,,,,,,,,,,,,,,,,,,,,,,DLL,C.4f04b5de911bf0cd,C.4f04b5de911bf0cd
1.78221E+12,,,,,,,,,,,2026-06-23 9:41:27, {f4ba3e13-50a9-6a3a-2c00-000000002600},2436,C:\Program Files\Windows Defender\MsMpEng.exe,,,NT AUTHORITY\SYSTEM,,,,,,,,,,C:\Windows\Temp\DDC8500D-8287-4EC1-93A6-F92FFC2B7400\api-ms-win-core-libraryloader-l1-1-0.dll,2026-06-23 9:41:27,,,,,,,,,,,,,,,,,,,,,,,,,,,,,,,,,,,,,,,DLL,C.4f04b5de911bf0cd,C.4f04b5de911bf0cd
1.78221E+12,,,,,,,,,,,2026-06-23 9:41:27, {f4ba3e13-50a9-6a3a-2c00-000000002600},2436,C:\Program Files\Windows Defender\MsMpEng.exe,,,NT AUTHORITY\SYSTEM,,,,,,,,,,C:\Windows\Temp\DDC8500D-8287-4EC1-93A6-F92FFC2B7400\api-ms-win-core-libraryloader-l1-1-1.dll,2026-06-23 9:41:27,,,,,,,,,,,,,,,,,,,,,,,,,,,,,,,,,,,,,,,DLL,C.4f04b5de911bf0cd,C.4f04b5de911bf0cd
1.78221E+12,,,,,,,,,,,2026-06-23 9:41:27, {f4ba3e13-50a9-6a3a-2c00-000000002600},2436,C:\Program Files\Windows Defender\MsMpEng.exe,,,NT AUTHORITY\SYSTEM,,,,,,,,,,C:\Windows\Temp\DDC8500D-8287-4EC1-93A6-F92FFC2B7400\api-ms-win-core-localization-l1-2-0.dll,2026-06-23 9:41:27,,,,,,,,,,,,,,,,,,,,,,,,,,,,,,,,,,,,,,,DLL,C.4f04b5de911bf0cd,C.4f04b5de911bf0cd
1.78221E+12,,,,,,,,,,,2026-06-23 9:41:27, {f4ba3e13-50a9-6a3a-2c00-000000002600},2436,C:\Program Files\Windows Defender\MsMpEng.exe,,,NT AUTHORITY\SYSTEM,,,,,,,,,,C:\Windows\Temp\DDC8500D-8287-4EC1-93A6-F92FFC2B7400\api-ms-win-core-localization-l1-2-1.dll,2026-06-23 9:41:27,,,,,,,,,,,,,,,,,,,,,,,,,,,,,,,,,,,,,,,DLL,C.4f04b5de911bf0cd,C.4f04b5de911bf0cd
1.78221E+12,,,,,,,,,,,2026-06-23 9:41:27, {f4ba3e13-50a9-6a3a-2c00-000000002600},2436,C:\Program Files\Windows Defender\MsMpEng.exe,,,NT AUTHORITY\SYSTEM,,,,,,,,,,C:\Windows\Temp\DDC8500D-8287-4EC1-93A6-F92FFC2B7400\API-MS-Win-core-localization-obsolete-l1-2-0.dll,2026-06-23 9:41:27,,,,,,,,,,,,,,,,,,,,,,,,,,,,,,,,,,,,,,,DLL,C.4f04b5de911bf0cd,C.4f04b5de911bf0cd
1.78221E+12,,,,,,,,,,,2026-06-23 9:41:27, {f4ba3e13-50a9-6a3a-2c00-000000002600},2436,C:\Program Files\Windows Defender\MsMpEng.exe,,,NT AUTHORITY\SYSTEM,,,,,,,,,,C:\Windows\Temp\DDC8500D-8287-4EC1-93A6-F92FFC2B7400\api-ms-win-core-memory-l1-1-0.dll,2026-06-23 9:41:27,,,,,,,,,,,,,,,,,,,,,,,,,,,,,,,,,,,,,,,DLL,C.4f04b5de911bf0cd,C.4f04b5de911bf0cd
1.78221E+12,,,,,,,,,,,2026-06-23 9:41:27, {f4ba3e13-50a9-6a3a-2c00-000000002600},2436,C:\Program Files\Windows Defender\MsMpEng.exe,,,NT AUTHORITY\SYSTEM,,,,,,,,,,C:\Windows\Temp\DDC8500D-8287-4EC1-93A6-F92FFC2B7400\api-ms-win-core-memory-l1-1-1.dll,2026-06-23 9:41:27,,,,,,,,,,,,,,,,,,,,,,,,,,,,,,,,,,,,,,,DLL,C.4f04b5de911bf0cd,C.4f04b5de911bf0cd
1.78221E+12,,,,,,,,,,,2026-06-23 9:41:27, {f4ba3e13-50a9-6a3a-2c00-000000002600},2436,C:\Program Files\Windows Defender\MsMpEng.exe,,,NT AUTHORITY\SYSTEM,,,,,,,,,,C:\Windows\Temp\DDC8500D-8287-4EC1-93A6-F92FFC2B7400\api-ms-win-core-memory-l1-1-2.dll,2026-06-23 9:41:27,,,,,,,,,,,,,,,,,,,,,,,,,,,,,,,,,,,,,,,DLL,C.4f04b5de911bf0cd,C.4f04b5de911bf0cd
1.78221E+12,,,,,,,,,,,2026-06-23 9:41:27, {f4ba3e13-50a9-6a3a-2c00-000000002600},2436,C:\Program Files\Windows Defender\MsMpEng.exe,,,NT AUTHORITY\SYSTEM,,,,,,,,,,C:\Windows\Temp\DDC8500D-8287-4EC1-93A6-F92FFC2B7400\api-ms-win-core-namedpipe-l1-1-0.dll,2026-06-23 9:41:27,,,,,,,,,,,,,,,,,,,,,,,,,,,,,,,,,,,,,,,DLL,C.4f04b5de911bf0cd,C.4f04b5de911bf0cd
1.78221E+12,,,,,,,,,,,2026-06-23 9:41:27, {f4ba3e13-50a9-6a3a-2c00-000000002600},2436,C:\Program Files\Windows Defender\MsMpEng.exe,,,NT AUTHORITY\SYSTEM,,,,,,,,,,C:\Windows\Temp\DDC8500D-8287-4EC1-93A6-F92FFC2B7400\api-ms-win-core-privateprofile-l1-1-0.dll,2026-06-23 9:41:27,,,,,,,,,,,,,,,,,,,,,,,,,,,,,,,,,,,,,,,DLL,C.4f04b5de911bf0cd,C.4f04b5de911bf0cd
1.78221E+12,,,,,,,,,,,2026-06-23 9:41:27, {f4ba3e13-50a9-6a3a-2c00-000000002600},2436,C:\Program Files\Windows Defender\MsMpEng.exe,,,NT AUTHORITY\SYSTEM,,,,,,,,,,C:\Windows\Temp\DDC8500D-8287-4EC1-93A6-F92FFC2B7400\api-ms-win-core-privateprofile-l1-1-1.dll,2026-06-23 9:41:27,,,,,,,,,,,,,,,,,,,,,,,,,,,,,,,,,,,,,,,DLL,C.4f04b5de911bf0cd,C.4f04b5de911bf0cd
1.78221E+12,,,,,,,,,,,2026-06-23 9:41:27, {f4ba3e13-50a9-6a3a-2c00-000000002600},2436,C:\Program Files\Windows Defender\MsMpEng.exe,,,NT AUTHORITY\SYSTEM,,,,,,,,,,C:\Windows\Temp\DDC8500D-8287-4EC1-93A6-F92FFC2B7400\api-ms-win-core-processenvironment-l1-1-0.dll,2026-06-23 9:41:27,,,,,,,,,,,,,,,,,,,,,,,,,,,,,,,,,,,,,,,DLL,C.4f04b5de911bf0cd,C.4f04b5de911bf0cd
1.78221E+12,,,,,,,,,,,2026-06-23 9:41:27, {f4ba3e13-50a9-6a3a-2c00-000000002600},2436,C:\Program Files\Windows Defender\MsMpEng.exe,,,NT AUTHORITY\SYSTEM,,,,,,,,,,C:\Windows\Temp\DDC8500D-8287-4EC1-93A6-F92FFC2B7400\api-ms-win-core-processenvironment-l1-2-0.dll,2026-06-23 9:41:27,,,,,,,,,,,,,,,,,,,,,,,,,,,,,,,,,,,,,,,DLL,C.4f04b5de911bf0cd,C.4f04b5de911bf0cd
1.78221E+12,,,,,,,,,,,2026-06-23 9:41:27, {f4ba3e13-50a9-6a3a-2c00-000000002600},2436,C:\Program Files\Windows Defender\MsMpEng.exe,,,NT AUTHORITY\SYSTEM,,,,,,,,,,C:\Windows\Temp\DDC8500D-8287-4EC1-93A6-F92FFC2B7400\api-ms-win-core-processthreads-l1-1-0.dll,2026-06-23 9:41:27,,,,,,,,,,,,,,,,,,,,,,,,,,,,,,,,,,,,,,,DLL,C.4f04b5de911bf0cd,C.4f04b5de911bf0cd
1.78221E+12,,,,,,,,,,,2026-06-23 9:41:27, {f4ba3e13-50a9-6a3a-2c00-000000002600},2436,C:\Program Files\Windows Defender\MsMpEng.exe,,,NT AUTHORITY\SYSTEM,,,,,,,,,,C:\Windows\Temp\DDC8500D-8287-4EC1-93A6-F92FFC2B7400\api-ms-win-core-processthreads-l1-1-1.dll,2026-06-23 9:41:27,,,,,,,,,,,,,,,,,,,,,,,,,,,,,,,,,,,,,,,DLL,C.4f04b5de911bf0cd,C.4f04b5de911bf0cd
1.78221E+12,,,,,,,,,,,2026-06-23 9:41:27, {f4ba3e13-50a9-6a3a-2c00-000000002600},2436,C:\Program Files\Windows Defender\MsMpEng.exe,,,NT AUTHORITY\SYSTEM,,,,,,,,,,C:\Windows\Temp\DDC8500D-8287-4EC1-93A6-F92FFC2B7400\api-ms-win-core-processthreads-l1-1-2.dll,2026-06-23 9:41:27,,,,,,,,,,,,,,,,,,,,,,,,,,,,,,,,,,,,,,,DLL,C.4f04b5de911bf0cd,C.4f04b5de911bf0cd
1.78221E+12,,,,,,,,,,,2026-06-23 9:41:27, {f4ba3e13-50a9-6a3a-2c00-000000002600},2436,C:\Program Files\Windows Defender\MsMpEng.exe,,,NT AUTHORITY\SYSTEM,,,,,,,,,,C:\Windows\Temp\DDC8500D-8287-4EC1-93A6-F92FFC2B7400\api-ms-win-core-processtopology-obsolete-l1-1-0.dll,2026-06-23 9:41:27,,,,,,,,,,,,,,,,,,,,,,,,,,,,,,,,,,,,,,,DLL,C.4f04b5de911bf0cd,C.4f04b5de911bf0cd
1.78221E+12,,,,,,,,,,,2026-06-23 9:41:27, {f4ba3e13-50a9-6a3a-2c00-000000002600},2436,C:\Program Files\Windows Defender\MsMpEng.exe,,,NT AUTHORITY\SYSTEM,,,,,,,,,,C:\Windows\Temp\DDC8500D-8287-4EC1-93A6-F92FFC2B7400\api-ms-win-core-profile-l1-1-0.dll,2026-06-23 9:41:27,,,,,,,,,,,,,,,,,,,,,,,,,,,,,,,,,,,,,,,DLL,C.4f04b5de911bf0cd,C.4f04b5de911bf0cd
1.78221E+12,,,,,,,,,,,2026-06-23 9:41:27, {f4ba3e13-50a9-6a3a-2c00-000000002600},2436,C:\Program Files\Windows Defender\MsMpEng.exe,,,NT AUTHORITY\SYSTEM,,,,,,,,,,C:\Windows\Temp\DDC8500D-8287-4EC1-93A6-F92FFC2B7400\api-ms-win-core-realtime-l1-1-0.dll,2026-06-23 9:41:27,,,,,,,,,,,,,,,,,,,,,,,,,,,,,,,,,,,,,,,DLL,C.4f04b5de911bf0cd,C.4f04b5de911bf0cd
1.78221E+12,,,,,,,,,,,2026-06-23 9:41:27, {f4ba3e13-50a9-6a3a-2c00-000000002600},2436,C:\Program Files\Windows Defender\MsMpEng.exe,,,NT AUTHORITY\SYSTEM,,,,,,,,,,C:\Windows\Temp\DDC8500D-8287-4EC1-93A6-F92FFC2B7400\api-ms-win-core-registry-l1-1-0.dll,2026-06-23 9:41:27,,,,,,,,,,,,,,,,,,,,,,,,,,,,,,,,,,,,,,,DLL,C.4f04b5de911bf0cd,C.4f04b5de911bf0cd
1.78221E+12,,,,,,,,,,,2026-06-23 9:41:27, {f4ba3e13-50a9-6a3a-2c00-000000002600},2436,C:\Program Files\Windows Defender\MsMpEng.exe,,,NT AUTHORITY\SYSTEM,,,,,,,,,,C:\Windows\Temp\DDC8500D-8287-4EC1-93A6-F92FFC2B7400\api-ms-win-core-registry-l2-1-0.dll,2026-06-23 9:41:27,,,,,,,,,,,,,,,,,,,,,,,,,,,,,,,,,,,,,,,DLL,C.4f04b5de911bf0cd,C.4f04b5de911bf0cd
1.78221E+12,,,,,,,,,,,2026-06-23 9:41:27, {f4ba3e13-50a9-6a3a-2c00-000000002600},2436,C:\Program Files\Windows Defender\MsMpEng.exe,,,NT AUTHORITY\SYSTEM,,,,,,,,,,C:\Windows\Temp\DDC8500D-8287-4EC1-93A6-F92FFC2B7400\api-ms-win-core-rtlsupport-l1-1-0.dll,2026-06-23 9:41:27,,,,,,,,,,,,,,,,,,,,,,,,,,,,,,,,,,,,,,,DLL,C.4f04b5de911bf0cd,C.4f04b5de911bf0cd
1.78221E+12,,,,,,,,,,,2026-06-23 9:41:27, {f4ba3e13-50a9-6a3a-2c00-000000002600},2436,C:\Program Files\Windows Defender\MsMpEng.exe,,,NT AUTHORITY\SYSTEM,,,,,,,,,,C:\Windows\Temp\DDC8500D-8287-4EC1-93A6-F92FFC2B7400\api-ms-win-core-shlwapi-legacy-l1-1-0.dll,2026-06-23 9:41:27,,,,,,,,,,,,,,,,,,,,,,,,,,,,,,,,,,,,,,,DLL,C.4f04b5de911bf0cd,C.4f04b5de911bf0cd
1.78221E+12,,,,,,,,,,,2026-06-23 9:41:27, {f4ba3e13-50a9-6a3a-2c00-000000002600},2436,C:\Program Files\Windows Defender\MsMpEng.exe,,,NT AUTHORITY\SYSTEM,,,,,,,,,,C:\Windows\Temp\DDC8500D-8287-4EC1-93A6-F92FFC2B7400\api-ms-win-core-shlwapi-obsolete-l1-1-0.dll,2026-06-23 9:41:27,,,,,,,,,,,,,,,,,,,,,,,,,,,,,,,,,,,,,,,DLL,C.4f04b5de911bf0cd,C.4f04b5de911bf0cd
1.78221E+12,,,,,,,,,,,2026-06-23 9:41:27, {f4ba3e13-50a9-6a3a-2c00-000000002600},2436,C:\Program Files\Windows Defender\MsMpEng.exe,,,NT AUTHORITY\SYSTEM,,,,,,,,,,C:\Windows\Temp\DDC8500D-8287-4EC1-93A6-F92FFC2B7400\api-ms-win-core-shutdown-l1-1-0.dll,2026-06-23 9:41:27,,,,,,,,,,,,,,,,,,,,,,,,,,,,,,,,,,,,,,,DLL,C.4f04b5de911bf0cd,C.4f04b5de911bf0cd
1.78221E+12,,,,,,,,,,,2026-06-23 9:41:27, {f4ba3e13-50a9-6a3a-2c00-000000002600},2436,C:\Program Files\Windows Defender\MsMpEng.exe,,,NT AUTHORITY\SYSTEM,,,,,,,,,,C:\Windows\Temp\DDC8500D-8287-4EC1-93A6-F92FFC2B7400\api-ms-win-core-string-l1-1-0.dll,2026-06-23 9:41:27,,,,,,,,,,,,,,,,,,,,,,,,,,,,,,,,,,,,,,,DLL,C.4f04b5de911bf0cd,C.4f04b5de911bf0cd
1.78221E+12,,,,,,,,,,,2026-06-23 9:41:27, {f4ba3e13-50a9-6a3a-2c00-000000002600},2436,C:\Program Files\Windows Defender\MsMpEng.exe,,,NT AUTHORITY\SYSTEM,,,,,,,,,,C:\Windows\Temp\DDC8500D-8287-4EC1-93A6-F92FFC2B7400\API-MS-Win-core-string-l2-1-0.dll,2026-06-23 9:41:27,,,,,,,,,,,,,,,,,,,,,,,,,,,,,,,,,,,,,,,DLL,C.4f04b5de911bf0cd,C.4f04b5de911bf0cd
1.78221E+12,,,,,,,,,,,2026-06-23 9:41:27, {f4ba3e13-50a9-6a3a-2c00-000000002600},2436,C:\Program Files\Windows Defender\MsMpEng.exe,,,NT AUTHORITY\SYSTEM,,,,,,,,,,C:\Windows\Temp\DDC8500D-8287-4EC1-93A6-F92FFC2B7400\API-MS-Win-core-string-obsolete-l1-1-0.dll,2026-06-23 9:41:27,,,,,,,,,,,,,,,,,,,,,,,,,,,,,,,,,,,,,,,DLL,C.4f04b5de911bf0cd,C.4f04b5de911bf0cd
1.78221E+12,,,,,,,,,,,2026-06-23 9:41:27, {f4ba3e13-50a9-6a3a-2c00-000000002600},2436,C:\Program Files\Windows Defender\MsMpEng.exe,,,NT AUTHORITY\SYSTEM,,,,,,,,,,C:\Windows\Temp\DDC8500D-8287-4EC1-93A6-F92FFC2B7400\api-ms-win-core-stringansi-l1-1-0.dll,2026-06-23 9:41:27,,,,,,,,,,,,,,,,,,,,,,,,,,,,,,,,,,,,,,,DLL,C.4f04b5de911bf0cd,C.4f04b5de911bf0cd
1.78221E+12,,,,,,,,,,,2026-06-23 9:41:27, {f4ba3e13-50a9-6a3a-2c00-000000002600},2436,C:\Program Files\Windows Defender\MsMpEng.exe,,,NT AUTHORITY\SYSTEM,,,,,,,,,,C:\Windows\Temp\DDC8500D-8287-4EC1-93A6-F92FFC2B7400\api-ms-win-core-stringloader-l1-1-1.dll,2026-06-23 9:41:27,,,,,,,,,,,,,,,,,,,,,,,,,,,,,,,,,,,,,,,DLL,C.4f04b5de911bf0cd,C.4f04b5de911bf0cd
1.78221E+12,,,,,,,,,,,2026-06-23 9:41:27, {f4ba3e13-50a9-6a3a-2c00-000000002600},2436,C:\Program Files\Windows Defender\MsMpEng.exe,,,NT AUTHORITY\SYSTEM,,,,,,,,,,C:\Windows\Temp\DDC8500D-8287-4EC1-93A6-F92FFC2B7400\api-ms-win-core-synch-l1-1-0.dll,2026-06-23 9:41:27,,,,,,,,,,,,,,,,,,,,,,,,,,,,,,,,,,,,,,,DLL,C.4f04b5de911bf0cd,C.4f04b5de911bf0cd
1.78221E+12,,,,,,,,,,,2026-06-23 9:41:27, {f4ba3e13-50a9-6a3a-2c00-000000002600},2436,C:\Program Files\Windows Defender\MsMpEng.exe,,,NT AUTHORITY\SYSTEM,,,,,,,,,,C:\Windows\Temp\DDC8500D-8287-4EC1-93A6-F92FFC2B7400\api-ms-win-core-synch-l1-2-0.dll,2026-06-23 9:41:27,,,,,,,,,,,,,,,,,,,,,,,,,,,,,,,,,,,,,,,DLL,C.4f04b5de911bf0cd,C.4f04b5de911bf0cd
1.78221E+12,,,,,,,,,,,2026-06-23 9:41:27, {f4ba3e13-50a9-6a3a-2c00-000000002600},2436,C:\Program Files\Windows Defender\MsMpEng.exe,,,NT AUTHORITY\SYSTEM,,,,,,,,,,C:\Windows\Temp\DDC8500D-8287-4EC1-93A6-F92FFC2B7400\api-ms-win-core-sysinfo-l1-1-0.dll,2026-06-23 9:41:27,,,,,,,,,,,,,,,,,,,,,,,,,,,,,,,,,,,,,,,DLL,C.4f04b5de911bf0cd,C.4f04b5de911bf0cd
1.78221E+12,,,,,,,,,,,2026-06-23 9:41:27, {f4ba3e13-50a9-6a3a-2c00-000000002600},2436,C:\Program Files\Windows Defender\MsMpEng.exe,,,NT AUTHORITY\SYSTEM,,,,,,,,,,C:\Windows\Temp\DDC8500D-8287-4EC1-93A6-F92FFC2B7400\api-ms-win-core-sysinfo-l1-2-0.dll,2026-06-23 9:41:27,,,,,,,,,,,,,,,,,,,,,,,,,,,,,,,,,,,,,,,DLL,C.4f04b5de911bf0cd,C.4f04b5de911bf0cd
1.78221E+12,,,,,,,,,,,2026-06-23 9:41:27, {f4ba3e13-50a9-6a3a-2c00-000000002600},2436,C:\Program Files\Windows Defender\MsMpEng.exe,,,NT AUTHORITY\SYSTEM,,,,,,,,,,C:\Windows\Temp\DDC8500D-8287-4EC1-93A6-F92FFC2B7400\api-ms-win-core-sysinfo-l1-2-1.dll,2026-06-23 9:41:27,,,,,,,,,,,,,,,,,,,,,,,,,,,,,,,,,,,,,,,DLL,C.4f04b5de911bf0cd,C.4f04b5de911bf0cd
1.78221E+12,,,,,,,,,,,2026-06-23 9:41:27, {f4ba3e13-50a9-6a3a-2c00-000000002600},2436,C:\Program Files\Windows Defender\MsMpEng.exe,,,NT AUTHORITY\SYSTEM,,,,,,,,,,C:\Windows\Temp\DDC8500D-8287-4EC1-93A6-F92FFC2B7400\api-ms-win-core-threadpool-l1-2-0.dll,2026-06-23 9:41:27,,,,,,,,,,,,,,,,,,,,,,,,,,,,,,,,,,,,,,,DLL,C.4f04b5de911bf0cd,C.4f04b5de911bf0cd
1.78221E+12,,,,,,,,,,,2026-06-23 9:41:27, {f4ba3e13-50a9-6a3a-2c00-000000002600},2436,C:\Program Files\Windows Defender\MsMpEng.exe,,,NT AUTHORITY\SYSTEM,,,,,,,,,,C:\Windows\Temp\DDC8500D-8287-4EC1-93A6-F92FFC2B7400\api-ms-win-core-threadpool-legacy-l1-1-0.dll,2026-06-23 9:41:27,,,,,,,,,,,,,,,,,,,,,,,,,,,,,,,,,,,,,,,DLL,C.4f04b5de911bf0cd,C.4f04b5de911bf0cd
1.78221E+12,,,,,,,,,,,2026-06-23 9:41:27, {f4ba3e13-50a9-6a3a-2c00-000000002600},2436,C:\Program Files\Windows Defender\MsMpEng.exe,,,NT AUTHORITY\SYSTEM,,,,,,,,,,C:\Windows\Temp\DDC8500D-8287-4EC1-93A6-F92FFC2B7400\api-ms-win-core-threadpool-private-l1-1-0.dll,2026-06-23 9:41:27,,,,,,,,,,,,,,,,,,,,,,,,,,,,,,,,,,,,,,,DLL,C.4f04b5de911bf0cd,C.4f04b5de911bf0cd
1.78221E+12,,,,,,,,,,,2026-06-23 9:41:27, {f4ba3e13-50a9-6a3a-2c00-000000002600},2436,C:\Program Files\Windows Defender\MsMpEng.exe,,,NT AUTHORITY\SYSTEM,,,,,,,,,,C:\Windows\Temp\DDC8500D-8287-4EC1-93A6-F92FFC2B7400\api-ms-win-core-timezone-l1-1-0.dll,2026-06-23 9:41:27,,,,,,,,,,,,,,,,,,,,,,,,,,,,,,,,,,,,,,,DLL,C.4f04b5de911bf0cd,C.4f04b5de911bf0cd
1.78221E+12,,,,,,,,,,,2026-06-23 9:41:27, {f4ba3e13-50a9-6a3a-2c00-000000002600},2436,C:\Program Files\Windows Defender\MsMpEng.exe,,,NT AUTHORITY\SYSTEM,,,,,,,,,,C:\Windows\Temp\DDC8500D-8287-4EC1-93A6-F92FFC2B7400\api-ms-win-core-url-l1-1-0.dll,2026-06-23 9:41:27,,,,,,,,,,,,,,,,,,,,,,,,,,,,,,,,,,,,,,,DLL,C.4f04b5de911bf0cd,C.4f04b5de911bf0cd
1.78221E+12,,,,,,,,,,,2026-06-23 9:41:27, {f4ba3e13-50a9-6a3a-2c00-000000002600},2436,C:\Program Files\Windows Defender\MsMpEng.exe,,,NT AUTHORITY\SYSTEM,,,,,,,,,,C:\Windows\Temp\DDC8500D-8287-4EC1-93A6-F92FFC2B7400\api-ms-win-core-util-l1-1-0.dll,2026-06-23 9:41:27,,,,,,,,,,,,,,,,,,,,,,,,,,,,,,,,,,,,,,,DLL,C.4f04b5de911bf0cd,C.4f04b5de911bf0cd
1.78221E+12,,,,,,,,,,,2026-06-23 9:41:27, {f4ba3e13-50a9-6a3a-2c00-000000002600},2436,C:\Program Files\Windows Defender\MsMpEng.exe,,,NT AUTHORITY\SYSTEM,,,,,,,,,,C:\Windows\Temp\DDC8500D-8287-4EC1-93A6-F92FFC2B7400\api-ms-win-core-version-l1-1-0.dll,2026-06-23 9:41:27,,,,,,,,,,,,,,,,,,,,,,,,,,,,,,,,,,,,,,,DLL,C.4f04b5de911bf0cd,C.4f04b5de911bf0cd
1.78221E+12,,,,,,,,,,,2026-06-23 9:41:27, {f4ba3e13-50a9-6a3a-2c00-000000002600},2436,C:\Program Files\Windows Defender\MsMpEng.exe,,,NT AUTHORITY\SYSTEM,,,,,,,,,,C:\Windows\Temp\DDC8500D-8287-4EC1-93A6-F92FFC2B7400\api-ms-win-core-wow64-l1-1-0.dll,2026-06-23 9:41:27,,,,,,,,,,,,,,,,,,,,,,,,,,,,,,,,,,,,,,,DLL,C.4f04b5de911bf0cd,C.4f04b5de911bf0cd
1.78221E+12,,,,,,,,,,,2026-06-23 9:41:27, {f4ba3e13-50a9-6a3a-2c00-000000002600},2436,C:\Program Files\Windows Defender\MsMpEng.exe,,,NT AUTHORITY\SYSTEM,,,,,,,,,,C:\Windows\Temp\DDC8500D-8287-4EC1-93A6-F92FFC2B7400\api-ms-win-core-xstate-l1-1-0.dll,2026-06-23 9:41:27,,,,,,,,,,,,,,,,,,,,,,,,,,,,,,,,,,,,,,,DLL,C.4f04b5de911bf0cd,C.4f04b5de911bf0cd
1.78221E+12,,,,,,,,,,,2026-06-23 9:41:27, {f4ba3e13-50a9-6a3a-2c00-000000002600},2436,C:\Program Files\Windows Defender\MsMpEng.exe,,,NT AUTHORITY\SYSTEM,,,,,,,,,,C:\Windows\Temp\DDC8500D-8287-4EC1-93A6-F92FFC2B7400\API-MS-Win-core-xstate-l2-1-0.dll,2026-06-23 9:41:27,,,,,,,,,,,,,,,,,,,,,,,,,,,,,,,,,,,,,,,DLL,C.4f04b5de911bf0cd,C.4f04b5de911bf0cd
1.78221E+12,,,,,,,,,,,2026-06-23 9:41:27, {f4ba3e13-50a9-6a3a-2c00-000000002600},2436,C:\Program Files\Windows Defender\MsMpEng.exe,,,NT AUTHORITY\SYSTEM,,,,,,,,,,C:\Windows\Temp\DDC8500D-8287-4EC1-93A6-F92FFC2B7400\API-MS-Win-devices-config-L1-1-0.dll,2026-06-23 9:41:27,,,,,,,,,,,,,,,,,,,,,,,,,,,,,,,,,,,,,,,DLL,C.4f04b5de911bf0cd,C.4f04b5de911bf0cd
1.78221E+12,,,,,,,,,,,2026-06-23 9:41:27, {f4ba3e13-50a9-6a3a-2c00-000000002600},2436,C:\Program Files\Windows Defender\MsMpEng.exe,,,NT AUTHORITY\SYSTEM,,,,,,,,,,C:\Windows\Temp\DDC8500D-8287-4EC1-93A6-F92FFC2B7400\API-MS-Win-devices-config-L1-1-1.dll,2026-06-23 9:41:27,,,,,,,,,,,,,,,,,,,,,,,,,,,,,,,,,,,,,,,DLL,C.4f04b5de911bf0cd,C.4f04b5de911bf0cd
1.78221E+12,,,,,,,,,,,2026-06-23 9:41:27, {f4ba3e13-50a9-6a3a-2c00-000000002600},2436,C:\Program Files\Windows Defender\MsMpEng.exe,,,NT AUTHORITY\SYSTEM,,,,,,,,,,C:\Windows\Temp\DDC8500D-8287-4EC1-93A6-F92FFC2B7400\API-MS-Win-Eventing-ClassicProvider-L1-1-0.dll,2026-06-23 9:41:27,,,,,,,,,,,,,,,,,,,,,,,,,,,,,,,,,,,,,,,DLL,C.4f04b5de911bf0cd,C.4f04b5de911bf0cd
1.78221E+12,,,,,,,,,,,2026-06-23 9:41:27, {f4ba3e13-50a9-6a3a-2c00-000000002600},2436,C:\Program Files\Windows Defender\MsMpEng.exe,,,NT AUTHORITY\SYSTEM,,,,,,,,,,C:\Windows\Temp\DDC8500D-8287-4EC1-93A6-F92FFC2B7400\api-ms-win-eventing-consumer-l1-1-0.dll,2026-06-23 9:41:27,,,,,,,,,,,,,,,,,,,,,,,,,,,,,,,,,,,,,,,DLL,C.4f04b5de911bf0cd,C.4f04b5de911bf0cd
1.78221E+12,,,,,,,,,,,2026-06-23 9:41:27, {f4ba3e13-50a9-6a3a-2c00-000000002600},2436,C:\Program Files\Windows Defender\MsMpEng.exe,,,NT AUTHORITY\SYSTEM,,,,,,,,,,C:\Windows\Temp\DDC8500D-8287-4EC1-93A6-F92FFC2B7400\API-MS-Win-Eventing-Controller-L1-1-0.dll,2026-06-23 9:41:27,,,,,,,,,,,,,,,,,,,,,,,,,,,,,,,,,,,,,,,DLL,C.4f04b5de911bf0cd,C.4f04b5de911bf0cd
1.78221E+12,,,,,,,,,,,2026-06-23 9:41:27, {f4ba3e13-50a9-6a3a-2c00-000000002600},2436,C:\Program Files\Windows Defender\MsMpEng.exe,,,NT AUTHORITY\SYSTEM,,,,,,,,,,C:\Windows\Temp\DDC8500D-8287-4EC1-93A6-F92FFC2B7400\API-MS-Win-Eventing-Legacy-L1-1-0.dll,2026-06-23 9:41:27,,,,,,,,,,,,,,,,,,,,,,,,,,,,,,,,,,,,,,,DLL,C.4f04b5de911bf0cd,C.4f04b5de911bf0cd
1.78221E+12,,,,,,,,,,,2026-06-23 9:41:27, {f4ba3e13-50a9-6a3a-2c00-000000002600},2436,C:\Program Files\Windows Defender\MsMpEng.exe,,,NT AUTHORITY\SYSTEM,,,,,,,,,,C:\Windows\Temp\DDC8500D-8287-4EC1-93A6-F92FFC2B7400\API-MS-Win-Eventing-Provider-L1-1-0.dll,2026-06-23 9:41:27,,,,,,,,,,,,,,,,,,,,,,,,,,,,,,,,,,,,,,,DLL,C.4f04b5de911bf0cd,C.4f04b5de911bf0cd
1.78221E+12,,,,,,,,,,,2026-06-23 9:41:27, {f4ba3e13-50a9-6a3a-2c00-000000002600},2436,C:\Program Files\Windows Defender\MsMpEng.exe,,,NT AUTHORITY\SYSTEM,,,,,,,,,,C:\Windows\Temp\DDC8500D-8287-4EC1-93A6-F92FFC2B7400\API-MS-Win-EventLog-Legacy-L1-1-0.dll,2026-06-23 9:41:27,,,,,,,,,,,,,,,,,,,,,,,,,,,,,,,,,,,,,,,DLL,C.4f04b5de911bf0cd,C.4f04b5de911bf0cd
1.78221E+12,,,,,,,,,,,2026-06-23 9:41:27, {f4ba3e13-50a9-6a3a-2c00-000000002600},2436,C:\Program Files\Windows Defender\MsMpEng.exe,,,NT AUTHORITY\SYSTEM,,,,,,,,,,C:\Windows\Temp\DDC8500D-8287-4EC1-93A6-F92FFC2B7400\api-ms-win-security-base-l1-1-0.dll,2026-06-23 9:41:27,,,,,,,,,,,,,,,,,,,,,,,,,,,,,,,,,,,,,,,DLL,C.4f04b5de911bf0cd,C.4f04b5de911bf0cd
1.78221E+12,,,,,,,,,,,2026-06-23 9:41:27, {f4ba3e13-50a9-6a3a-2c00-000000002600},2436,C:\Program Files\Windows Defender\MsMpEng.exe,,,NT AUTHORITY\SYSTEM,,,,,,,,,,C:\Windows\Temp\DDC8500D-8287-4EC1-93A6-F92FFC2B7400\api-ms-win-security-cryptoapi-l1-1-0.dll,2026-06-23 9:41:27,,,,,,,,,,,,,,,,,,,,,,,,,,,,,,,,,,,,,,,DLL,C.4f04b5de911bf0cd,C.4f04b5de911bf0cd
1.78221E+12,,,,,,,,,,,2026-06-23 9:41:27, {f4ba3e13-50a9-6a3a-2c00-000000002600},2436,C:\Program Files\Windows Defender\MsMpEng.exe,,,NT AUTHORITY\SYSTEM,,,,,,,,,,C:\Windows\Temp\DDC8500D-8287-4EC1-93A6-F92FFC2B7400\API-MS-Win-Security-Lsalookup-L2-1-0.dll,2026-06-23 9:41:27,,,,,,,,,,,,,,,,,,,,,,,,,,,,,,,,,,,,,,,DLL,C.4f04b5de911bf0cd,C.4f04b5de911bf0cd
1.78221E+12,,,,,,,,,,,2026-06-23 9:41:27, {f4ba3e13-50a9-6a3a-2c00-000000002600},2436,C:\Program Files\Windows Defender\MsMpEng.exe,,,NT AUTHORITY\SYSTEM,,,,,,,,,,C:\Windows\Temp\DDC8500D-8287-4EC1-93A6-F92FFC2B7400\API-MS-Win-Security-Lsalookup-L2-1-1.dll,2026-06-23 9:41:27,,,,,,,,,,,,,,,,,,,,,,,,,,,,,,,,,,,,,,,DLL,C.4f04b5de911bf0cd,C.4f04b5de911bf0cd
1.78221E+12,,,,,,,,,,,2026-06-23 9:41:27, {f4ba3e13-50a9-6a3a-2c00-000000002600},2436,C:\Program Files\Windows Defender\MsMpEng.exe,,,NT AUTHORITY\SYSTEM,,,,,,,,,,C:\Windows\Temp\DDC8500D-8287-4EC1-93A6-F92FFC2B7400\API-MS-Win-security-lsapolicy-l1-1-0.dll,2026-06-23 9:41:27,,,,,,,,,,,,,,,,,,,,,,,,,,,,,,,,,,,,,,,DLL,C.4f04b5de911bf0cd,C.4f04b5de911bf0cd
1.78221E+12,,,,,,,,,,,2026-06-23 9:41:27, {f4ba3e13-50a9-6a3a-2c00-000000002600},2436,C:\Program Files\Windows Defender\MsMpEng.exe,,,NT AUTHORITY\SYSTEM,,,,,,,,,,C:\Windows\Temp\DDC8500D-8287-4EC1-93A6-F92FFC2B7400\API-MS-Win-security-provider-L1-1-0.dll,2026-06-23 9:41:27,,,,,,,,,,,,,,,,,,,,,,,,,,,,,,,,,,,,,,,DLL,C.4f04b5de911bf0cd,C.4f04b5de911bf0cd
1.78221E+12,,,,,,,,,,,2026-06-23 9:41:27, {f4ba3e13-50a9-6a3a-2c00-000000002600},2436,C:\Program Files\Windows Defender\MsMpEng.exe,,,NT AUTHORITY\SYSTEM,,,,,,,,,,C:\Windows\Temp\DDC8500D-8287-4EC1-93A6-F92FFC2B7400\api-ms-win-security-sddl-l1-1-0.dll,2026-06-23 9:41:27,,,,,,,,,,,,,,,,,,,,,,,,,,,,,,,,,,,,,,,DLL,C.4f04b5de911bf0cd,C.4f04b5de911bf0cd
1.78221E+12,,,,,,,,,,,2026-06-23 9:41:27, {f4ba3e13-50a9-6a3a-2c00-000000002600},2436,C:\Program Files\Windows Defender\MsMpEng.exe,,,NT AUTHORITY\SYSTEM,,,,,,,,,,C:\Windows\Temp\DDC8500D-8287-4EC1-93A6-F92FFC2B7400\api-ms-win-service-core-l1-1-0.dll,2026-06-23 9:41:27,,,,,,,,,,,,,,,,,,,,,,,,,,,,,,,,,,,,,,,DLL,C.4f04b5de911bf0cd,C.4f04b5de911bf0cd
1.78221E+12,,,,,,,,,,,2026-06-23 9:41:27, {f4ba3e13-50a9-6a3a-2c00-000000002600},2436,C:\Program Files\Windows Defender\MsMpEng.exe,,,NT AUTHORITY\SYSTEM,,,,,,,,,,C:\Windows\Temp\DDC8500D-8287-4EC1-93A6-F92FFC2B7400\api-ms-win-service-core-l1-1-1.dll,2026-06-23 9:41:27,,,,,,,,,,,,,,,,,,,,,,,,,,,,,,,,,,,,,,,DLL,C.4f04b5de911bf0cd,C.4f04b5de911bf0cd
1.78221E+12,,,,,,,,,,,2026-06-23 9:41:27, {f4ba3e13-50a9-6a3a-2c00-000000002600},2436,C:\Program Files\Windows Defender\MsMpEng.exe,,,NT AUTHORITY\SYSTEM,,,,,,,,,,C:\Windows\Temp\DDC8500D-8287-4EC1-93A6-F92FFC2B7400\api-ms-win-service-management-l1-1-0.dll,2026-06-23 9:41:27,,,,,,,,,,,,,,,,,,,,,,,,,,,,,,,,,,,,,,,DLL,C.4f04b5de911bf0cd,C.4f04b5de911bf0cd
1.78221E+12,,,,,,,,,,,2026-06-23 9:41:27, {f4ba3e13-50a9-6a3a-2c00-000000002600},2436,C:\Program Files\Windows Defender\MsMpEng.exe,,,NT AUTHORITY\SYSTEM,,,,,,,,,,C:\Windows\Temp\DDC8500D-8287-4EC1-93A6-F92FFC2B7400\api-ms-win-service-management-l2-1-0.dll,2026-06-23 9:41:27,,,,,,,,,,,,,,,,,,,,,,,,,,,,,,,,,,,,,,,DLL,C.4f04b5de911bf0cd,C.4f04b5de911bf0cd
1.78221E+12,,,,,,,,,,,2026-06-23 9:41:27, {f4ba3e13-50a9-6a3a-2c00-000000002600},2436,C:\Program Files\Windows Defender\MsMpEng.exe,,,NT AUTHORITY\SYSTEM,,,,,,,,,,C:\Windows\Temp\DDC8500D-8287-4EC1-93A6-F92FFC2B7400\api-ms-win-service-private-l1-1-0.dll,2026-06-23 9:41:27,,,,,,,,,,,,,,,,,,,,,,,,,,,,,,,,,,,,,,,DLL,C.4f04b5de911bf0cd,C.4f04b5de911bf0cd
1.78221E+12,,,,,,,,,,,2026-06-23 9:41:27, {f4ba3e13-50a9-6a3a-2c00-000000002600},2436,C:\Program Files\Windows Defender\MsMpEng.exe,,,NT AUTHORITY\SYSTEM,,,,,,,,,,C:\Windows\Temp\DDC8500D-8287-4EC1-93A6-F92FFC2B7400\api-ms-win-service-private-l1-1-1.dll,2026-06-23 9:41:27,,,,,,,,,,,,,,,,,,,,,,,,,,,,,,,,,,,,,,,DLL,C.4f04b5de911bf0cd,C.4f04b5de911bf0cd
1.78221E+12,,,,,,,,,,,2026-06-23 9:41:27, {f4ba3e13-50a9-6a3a-2c00-000000002600},2436,C:\Program Files\Windows Defender\MsMpEng.exe,,,NT AUTHORITY\SYSTEM,,,,,,,,,,C:\Windows\Temp\DDC8500D-8287-4EC1-93A6-F92FFC2B7400\api-ms-win-service-winsvc-l1-1-0.dll,2026-06-23 9:41:27,,,,,,,,,,,,,,,,,,,,,,,,,,,,,,,,,,,,,,,DLL,C.4f04b5de911bf0cd,C.4f04b5de911bf0cd
1.78221E+12,,,,,,,,,,,2026-06-23 9:41:31, {f4ba3e13-5088-6a3a-0a00-000000002600},644,C:\Windows\system32\services.exe,,,NT AUTHORITY\SYSTEM,,,,,,,,,,,,SetValue,HKLM\System\CurrentControlSet\Services\WinDefend\Start,DWORD (0x00000002),,,,,,,,,,,,,,,,,,,,,,,,,,,,,,,,,,,,"T1031,T1050",C.4f04b5de911bf0cd,C.4f04b5de911bf0cd
1.78221E+12,,,,,,,,,,,2026-06-23 9:41:32, {f4ba3e13-54c4-6a3a-ae00-000000002600},5212,C:\Windows\System32\sdiagnhost.exe,,,CHILD\Administrator,,,,,,,,,,C:\Users\Administrator\AppData\Local\Temp\pjyyx5pw.15u.ps1,2026-06-23 9:41:32,,,,,,,,,,,,,,,,,,,,,,,,,,,,,,,,,,,,,,,-,C.4f04b5de911bf0cd,C.4f04b5de911bf0cd
1.78221E+12,,,,,,,,,,,2026-06-23 9:41:36, {f4ba3e13-54d0-6a3a-ba00-000000002600},5840,C:\Windows\System32\CompatTelRunner.exe,,,NT AUTHORITY\SYSTEM,,,,,,,,,,,,,,,,,,,,,,,,,,,,,,,,,,,,,,,,,,,,,,,wpad,0,::ffff:192.169.34.199;,-,C.4f04b5de911bf0cd,C.4f04b5de911bf0cd
1.78221E+12,,,,,,,,,,,2026-06-23 9:41:36, {f4ba3e13-54d0-6a3a-ba00-000000002600},5840,C:\Windows\System32\CompatTelRunner.exe,,,NT AUTHORITY\SYSTEM,,,,,,,,,,,,,,,,,,,,,,,,,,,,,,,,,,,,,,,,,,,,,,,wpad.child.apt.local,0,::ffff:192.169.34.199;,-,C.4f04b5de911bf0cd,C.4f04b5de911bf0cd
1.78221E+12,,,,,,,,,,,2026-06-23 9:41:41, {f4ba3e13-54c4-6a3a-ab00-000000002600},4492,C:\Windows\system32\cleanmgr.exe,,,CHILD\Administrator,,,,,,,,,,C:\Users\ADMINI~1\AppData\Local\Temp\D3499AFE-EFD0-4009-9D34-37816FE14B74\AppxProvider.dll,2026-06-23 9:41:41,,,,,,,,,,,,,,,,,,,,,,,,,,,,,,,,,,,,,,,DLL,C.4f04b5de911bf0cd,C.4f04b5de911bf0cd
1.78221E+12,,,,,,,,,,,2026-06-23 9:41:41, {f4ba3e13-54c4-6a3a-ab00-000000002600},4492,C:\Windows\system32\cleanmgr.exe,,,CHILD\Administrator,,,,,,,,,,C:\Users\ADMINI~1\AppData\Local\Temp\D3499AFE-EFD0-4009-9D34-37816FE14B74\AssocProvider.dll,2026-06-23 9:41:41,,,,,,,,,,,,,,,,,,,,,,,,,,,,,,,,,,,,,,,DLL,C.4f04b5de911bf0cd,C.4f04b5de911bf0cd
1.78221E+12,,,,,,,,,,,2026-06-23 9:41:41, {f4ba3e13-54c4-6a3a-ab00-000000002600},4492,C:\Windows\system32\cleanmgr.exe,,,CHILD\Administrator,,,,,,,,,,C:\Users\ADMINI~1\AppData\Local\Temp\D3499AFE-EFD0-4009-9D34-37816FE14B74\CbsProvider.dll,2026-06-23 9:41:41,,,,,,,,,,,,,,,,,,,,,,,,,,,,,,,,,,,,,,,DLL,C.4f04b5de911bf0cd,C.4f04b5de911bf0cd
1.78221E+12,,,,,,,,,,,2026-06-23 9:41:41, {f4ba3e13-54c4-6a3a-ab00-000000002600},4492,C:\Windows\system32\cleanmgr.exe,,,CHILD\Administrator,,,,,,,,,,C:\Users\ADMINI~1\AppData\Local\Temp\D3499AFE-EFD0-4009-9D34-37816FE14B74\CompatProvider.dll,2026-06-23 9:41:41,,,,,,,,,,,,,,,,,,,,,,,,,,,,,,,,,,,,,,,DLL,C.4f04b5de911bf0cd,C.4f04b5de911bf0cd
1.78221E+12,,,,,,,,,,,2026-06-23 9:41:41, {f4ba3e13-54c4-6a3a-ab00-000000002600},4492,C:\Windows\system32\cleanmgr.exe,,,CHILD\Administrator,,,,,,,,,,C:\Users\ADMINI~1\AppData\Local\Temp\D3499AFE-EFD0-4009-9D34-37816FE14B74\DismCore.dll,2026-06-23 9:41:41,,,,,,,,,,,,,,,,,,,,,,,,,,,,,,,,,,,,,,,DLL,C.4f04b5de911bf0cd,C.4f04b5de911bf0cd
1.78221E+12,,,,,,,,,,,2026-06-23 9:41:41, {f4ba3e13-54c4-6a3a-ab00-000000002600},4492,C:\Windows\system32\cleanmgr.exe,,,CHILD\Administrator,,,,,,,,,,C:\Users\ADMINI~1\AppData\Local\Temp\D3499AFE-EFD0-4009-9D34-37816FE14B74\DismCorePS.dll,2026-06-23 9:41:41,,,,,,,,,,,,,,,,,,,,,,,,,,,,,,,,,,,,,,,DLL,C.4f04b5de911bf0cd,C.4f04b5de911bf0cd
1.78221E+12,,,,,,,,,,,2026-06-23 9:41:41, {f4ba3e13-54c4-6a3a-ab00-000000002600},4492,C:\Windows\system32\cleanmgr.exe,,,CHILD\Administrator,,,,,,,,,,C:\Users\ADMINI~1\AppData\Local\Temp\D3499AFE-EFD0-4009-9D34-37816FE14B74\DismHost.exe,2026-06-23 9:41:41,,,,,,,,,,,,,,,,,,,,,,,,,,,,,,,,,,,,,,,EXE,C.4f04b5de911bf0cd,C.4f04b5de911bf0cd
1.78221E+12,,,,,,,,,,,2026-06-23 9:41:41, {f4ba3e13-54c4-6a3a-ab00-000000002600},4492,C:\Windows\system32\cleanmgr.exe,,,CHILD\Administrator,,,,,,,,,,C:\Users\ADMINI~1\AppData\Local\Temp\D3499AFE-EFD0-4009-9D34-37816FE14B74\DismProv.dll,2026-06-23 9:41:41,,,,,,,,,,,,,,,,,,,,,,,,,,,,,,,,,,,,,,,DLL,C.4f04b5de911bf0cd,C.4f04b5de911bf0cd
1.78221E+12,,,,,,,,,,,2026-06-23 9:41:41, {f4ba3e13-54c4-6a3a-ab00-000000002600},4492,C:\Windows\system32\cleanmgr.exe,,,CHILD\Administrator,,,,,,,,,,C:\Users\ADMINI~1\AppData\Local\Temp\D3499AFE-EFD0-4009-9D34-37816FE14B74\DmiProvider.dll,2026-06-23 9:41:41,,,,,,,,,,,,,,,,,,,,,,,,,,,,,,,,,,,,,,,DLL,C.4f04b5de911bf0cd,C.4f04b5de911bf0cd
1.78221E+12,,,,,,,,,,,2026-06-23 9:41:41, {f4ba3e13-54c4-6a3a-ab00-000000002600},4492,C:\Windows\system32\cleanmgr.exe,,,CHILD\Administrator,,,,,,,,,,C:\Users\ADMINI~1\AppData\Local\Temp\D3499AFE-EFD0-4009-9D34-37816FE14B74\FfuProvider.dll,2026-06-23 9:41:41,,,,,,,,,,,,,,,,,,,,,,,,,,,,,,,,,,,,,,,DLL,C.4f04b5de911bf0cd,C.4f04b5de911bf0cd
1.78221E+12,,,,,,,,,,,2026-06-23 9:41:41, {f4ba3e13-54c4-6a3a-ab00-000000002600},4492,C:\Windows\system32\cleanmgr.exe,,,CHILD\Administrator,,,,,,,,,,C:\Users\ADMINI~1\AppData\Local\Temp\D3499AFE-EFD0-4009-9D34-37816FE14B74\FolderProvider.dll,2026-06-23 9:41:41,,,,,,,,,,,,,,,,,,,,,,,,,,,,,,,,,,,,,,,DLL,C.4f04b5de911bf0cd,C.4f04b5de911bf0cd
1.78221E+12,,,,,,,,,,,2026-06-23 9:41:41, {f4ba3e13-54c4-6a3a-ab00-000000002600},4492,C:\Windows\system32\cleanmgr.exe,,,CHILD\Administrator,,,,,,,,,,C:\Users\ADMINI~1\AppData\Local\Temp\D3499AFE-EFD0-4009-9D34-37816FE14B74\GenericProvider.dll,2026-06-23 9:41:41,,,,,,,,,,,,,,,,,,,,,,,,,,,,,,,,,,,,,,,DLL,C.4f04b5de911bf0cd,C.4f04b5de911bf0cd
1.78221E+12,,,,,,,,,,,2026-06-23 9:41:41, {f4ba3e13-54c4-6a3a-ab00-000000002600},4492,C:\Windows\system32\cleanmgr.exe,,,CHILD\Administrator,,,,,,,,,,C:\Users\ADMINI~1\AppData\Local\Temp\D3499AFE-EFD0-4009-9D34-37816FE14B74\IBSProvider.dll,2026-06-23 9:41:41,,,,,,,,,,,,,,,,,,,,,,,,,,,,,,,,,,,,,,,DLL,C.4f04b5de911bf0cd,C.4f04b5de911bf0cd
1.78221E+12,,,,,,,,,,,2026-06-23 9:41:41, {f4ba3e13-54c4-6a3a-ab00-000000002600},4492,C:\Windows\system32\cleanmgr.exe,,,CHILD\Administrator,,,,,,,,,,C:\Users\ADMINI~1\AppData\Local\Temp\D3499AFE-EFD0-4009-9D34-37816FE14B74\ImagingProvider.dll,2026-06-23 9:41:41,,,,,,,,,,,,,,,,,,,,,,,,,,,,,,,,,,,,,,,DLL,C.4f04b5de911bf0cd,C.4f04b5de911bf0cd
1.78221E+12,,,,,,,,,,,2026-06-23 9:41:41, {f4ba3e13-54c4-6a3a-ab00-000000002600},4492,C:\Windows\system32\cleanmgr.exe,,,CHILD\Administrator,,,,,,,,,,C:\Users\ADMINI~1\AppData\Local\Temp\D3499AFE-EFD0-4009-9D34-37816FE14B74\IntlProvider.dll,2026-06-23 9:41:41,,,,,,,,,,,,,,,,,,,,,,,,,,,,,,,,,,,,,,,DLL,C.4f04b5de911bf0cd,C.4f04b5de911bf0cd
1.78221E+12,,,,,,,,,,,2026-06-23 9:41:41, {f4ba3e13-54c4-6a3a-ab00-000000002600},4492,C:\Windows\system32\cleanmgr.exe,,,CHILD\Administrator,,,,,,,,,,C:\Users\ADMINI~1\AppData\Local\Temp\D3499AFE-EFD0-4009-9D34-37816FE14B74\LogProvider.dll,2026-06-23 9:41:41,,,,,,,,,,,,,,,,,,,,,,,,,,,,,,,,,,,,,,,DLL,C.4f04b5de911bf0cd,C.4f04b5de911bf0cd
1.78221E+12,,,,,,,,,,,2026-06-23 9:41:41, {f4ba3e13-54c4-6a3a-ab00-000000002600},4492,C:\Windows\system32\cleanmgr.exe,,,CHILD\Administrator,,,,,,,,,,C:\Users\ADMINI~1\AppData\Local\Temp\D3499AFE-EFD0-4009-9D34-37816FE14B74\MsiProvider.dll,2026-06-23 9:41:41,,,,,,,,,,,,,,,,,,,,,,,,,,,,,,,,,,,,,,,DLL,C.4f04b5de911bf0cd,C.4f04b5de911bf0cd
1.78221E+12,,,,,,,,,,,2026-06-23 9:41:41, {f4ba3e13-54c4-6a3a-ab00-000000002600},4492,C:\Windows\system32\cleanmgr.exe,,,CHILD\Administrator,,,,,,,,,,C:\Users\ADMINI~1\AppData\Local\Temp\D3499AFE-EFD0-4009-9D34-37816FE14B74\OfflineSetupProvider.dll,2026-06-23 9:41:41,,,,,,,,,,,,,,,,,,,,,,,,,,,,,,,,,,,,,,,DLL,C.4f04b5de911bf0cd,C.4f04b5de911bf0cd
1.78221E+12,,,,,,,,,,,2026-06-23 9:41:41, {f4ba3e13-54c4-6a3a-ab00-000000002600},4492,C:\Windows\system32\cleanmgr.exe,,,CHILD\Administrator,,,,,,,,,,C:\Users\ADMINI~1\AppData\Local\Temp\D3499AFE-EFD0-4009-9D34-37816FE14B74\OSProvider.dll,2026-06-23 9:41:41,,,,,,,,,,,,,,,,,,,,,,,,,,,,,,,,,,,,,,,DLL,C.4f04b5de911bf0cd,C.4f04b5de911bf0cd
1.78221E+12,,,,,,,,,,,2026-06-23 9:41:41, {f4ba3e13-54c4-6a3a-ab00-000000002600},4492,C:\Windows\system32\cleanmgr.exe,,,CHILD\Administrator,,,,,,,,,,C:\Users\ADMINI~1\AppData\Local\Temp\D3499AFE-EFD0-4009-9D34-37816FE14B74\ProvProvider.dll,2026-06-23 9:41:41,,,,,,,,,,,,,,,,,,,,,,,,,,,,,,,,,,,,,,,DLL,C.4f04b5de911bf0cd,C.4f04b5de911bf0cd
1.78221E+12,,,,,,,,,,,2026-06-23 9:41:41, {f4ba3e13-54c4-6a3a-ab00-000000002600},4492,C:\Windows\system32\cleanmgr.exe,,,CHILD\Administrator,,,,,,,,,,C:\Users\ADMINI~1\AppData\Local\Temp\D3499AFE-EFD0-4009-9D34-37816FE14B74\SmiProvider.dll,2026-06-23 9:41:41,,,,,,,,,,,,,,,,,,,,,,,,,,,,,,,,,,,,,,,DLL,C.4f04b5de911bf0cd,C.4f04b5de911bf0cd
1.78221E+12,,,,,,,,,,,2026-06-23 9:41:41, {f4ba3e13-54c4-6a3a-ab00-000000002600},4492,C:\Windows\system32\cleanmgr.exe,,,CHILD\Administrator,,,,,,,,,,C:\Users\ADMINI~1\AppData\Local\Temp\D3499AFE-EFD0-4009-9D34-37816FE14B74\TransmogProvider.dll,2026-06-23 9:41:41,,,,,,,,,,,,,,,,,,,,,,,,,,,,,,,,,,,,,,,DLL,C.4f04b5de911bf0cd,C.4f04b5de911bf0cd
1.78221E+12,,,,,,,,,,,2026-06-23 9:41:41, {f4ba3e13-54c4-6a3a-ab00-000000002600},4492,C:\Windows\system32\cleanmgr.exe,,,CHILD\Administrator,,,,,,,,,,C:\Users\ADMINI~1\AppData\Local\Temp\D3499AFE-EFD0-4009-9D34-37816FE14B74\UnattendProvider.dll,2026-06-23 9:41:41,,,,,,,,,,,,,,,,,,,,,,,,,,,,,,,,,,,,,,,DLL,C.4f04b5de911bf0cd,C.4f04b5de911bf0cd
1.78221E+12,,,,,,,,,,,2026-06-23 9:41:41, {f4ba3e13-54c4-6a3a-ab00-000000002600},4492,C:\Windows\system32\cleanmgr.exe,,,CHILD\Administrator,,,,,,,,,,C:\Users\ADMINI~1\AppData\Local\Temp\D3499AFE-EFD0-4009-9D34-37816FE14B74\VhdProvider.dll,2026-06-23 9:41:41,,,,,,,,,,,,,,,,,,,,,,,,,,,,,,,,,,,,,,,DLL,C.4f04b5de911bf0cd,C.4f04b5de911bf0cd
1.78221E+12,,,,,,,,,,,2026-06-23 9:41:41, {f4ba3e13-54c4-6a3a-ab00-000000002600},4492,C:\Windows\system32\cleanmgr.exe,,,CHILD\Administrator,,,,,,,,,,C:\Users\ADMINI~1\AppData\Local\Temp\D3499AFE-EFD0-4009-9D34-37816FE14B74\WimProvider.dll,2026-06-23 9:41:41,,,,,,,,,,,,,,,,,,,,,,,,,,,,,,,,,,,,,,,DLL,C.4f04b5de911bf0cd,C.4f04b5de911bf0cd
1.78221E+12,,,,,,,,,,,2026-06-23 9:41:41, {f4ba3e13-54c4-6a3a-ab00-000000002600},4492,C:\Windows\system32\cleanmgr.exe,,,CHILD\Administrator,,,,,,,,,,C:\Users\ADMINI~1\AppData\Local\Temp\D3499AFE-EFD0-4009-9D34-37816FE14B74\api-ms-win-base-util-l1-1-0.dll,2026-06-23 9:41:41,,,,,,,,,,,,,,,,,,,,,,,,,,,,,,,,,,,,,,,DLL,C.4f04b5de911bf0cd,C.4f04b5de911bf0cd
1.78221E+12,,,,,,,,,,,2026-06-23 9:41:41, {f4ba3e13-54c4-6a3a-ab00-000000002600},4492,C:\Windows\system32\cleanmgr.exe,,,CHILD\Administrator,,,,,,,,,,C:\Users\ADMINI~1\AppData\Local\Temp\D3499AFE-EFD0-4009-9D34-37816FE14B74\api-ms-win-core-com-l1-1-0.dll,2026-06-23 9:41:41,,,,,,,,,,,,,,,,,,,,,,,,,,,,,,,,,,,,,,,DLL,C.4f04b5de911bf0cd,C.4f04b5de911bf0cd
1.78221E+12,,,,,,,,,,,2026-06-23 9:41:41, {f4ba3e13-54c4-6a3a-ab00-000000002600},4492,C:\Windows\system32\cleanmgr.exe,,,CHILD\Administrator,,,,,,,,,,C:\Users\ADMINI~1\AppData\Local\Temp\D3499AFE-EFD0-4009-9D34-37816FE14B74\api-ms-win-core-comm-l1-1-0.dll,2026-06-23 9:41:41,,,,,,,,,,,,,,,,,,,,,,,,,,,,,,,,,,,,,,,DLL,C.4f04b5de911bf0cd,C.4f04b5de911bf0cd
1.78221E+12,,,,,,,,,,,2026-06-23 9:41:41, {f4ba3e13-54c4-6a3a-ab00-000000002600},4492,C:\Windows\system32\cleanmgr.exe,,,CHILD\Administrator,,,,,,,,,,C:\Users\ADMINI~1\AppData\Local\Temp\D3499AFE-EFD0-4009-9D34-37816FE14B74\api-ms-win-core-console-l1-1-0.dll,2026-06-23 9:41:41,,,,,,,,,,,,,,,,,,,,,,,,,,,,,,,,,,,,,,,DLL,C.4f04b5de911bf0cd,C.4f04b5de911bf0cd
1.78221E+12,,,,,,,,,,,2026-06-23 9:41:41, {f4ba3e13-54c4-6a3a-ab00-000000002600},4492,C:\Windows\system32\cleanmgr.exe,,,CHILD\Administrator,,,,,,,,,,C:\Users\ADMINI~1\AppData\Local\Temp\D3499AFE-EFD0-4009-9D34-37816FE14B74\api-ms-win-core-datetime-l1-1-0.dll,2026-06-23 9:41:41,,,,,,,,,,,,,,,,,,,,,,,,,,,,,,,,,,,,,,,DLL,C.4f04b5de911bf0cd,C.4f04b5de911bf0cd
1.78221E+12,,,,,,,,,,,2026-06-23 9:41:41, {f4ba3e13-54c4-6a3a-ab00-000000002600},4492,C:\Windows\system32\cleanmgr.exe,,,CHILD\Administrator,,,,,,,,,,C:\Users\ADMINI~1\AppData\Local\Temp\D3499AFE-EFD0-4009-9D34-37816FE14B74\api-ms-win-core-datetime-l1-1-1.dll,2026-06-23 9:41:41,,,,,,,,,,,,,,,,,,,,,,,,,,,,,,,,,,,,,,,DLL,C.4f04b5de911bf0cd,C.4f04b5de911bf0cd
1.78221E+12,,,,,,,,,,,2026-06-23 9:41:41, {f4ba3e13-54c4-6a3a-ab00-000000002600},4492,C:\Windows\system32\cleanmgr.exe,,,CHILD\Administrator,,,,,,,,,,C:\Users\ADMINI~1\AppData\Local\Temp\D3499AFE-EFD0-4009-9D34-37816FE14B74\api-ms-win-core-debug-l1-1-0.dll,2026-06-23 9:41:41,,,,,,,,,,,,,,,,,,,,,,,,,,,,,,,,,,,,,,,DLL,C.4f04b5de911bf0cd,C.4f04b5de911bf0cd
1.78221E+12,,,,,,,,,,,2026-06-23 9:41:41, {f4ba3e13-54c4-6a3a-ab00-000000002600},4492,C:\Windows\system32\cleanmgr.exe,,,CHILD\Administrator,,,,,,,,,,C:\Users\ADMINI~1\AppData\Local\Temp\D3499AFE-EFD0-4009-9D34-37816FE14B74\api-ms-win-core-debug-l1-1-1.dll,2026-06-23 9:41:41,,,,,,,,,,,,,,,,,,,,,,,,,,,,,,,,,,,,,,,DLL,C.4f04b5de911bf0cd,C.4f04b5de911bf0cd
1.78221E+12,,,,,,,,,,,2026-06-23 9:41:41, {f4ba3e13-54c4-6a3a-ab00-000000002600},4492,C:\Windows\system32\cleanmgr.exe,,,CHILD\Administrator,,,,,,,,,,C:\Users\ADMINI~1\AppData\Local\Temp\D3499AFE-EFD0-4009-9D34-37816FE14B74\api-ms-win-core-delayload-l1-1-0.dll,2026-06-23 9:41:41,,,,,,,,,,,,,,,,,,,,,,,,,,,,,,,,,,,,,,,DLL,C.4f04b5de911bf0cd,C.4f04b5de911bf0cd
1.78221E+12,,,,,,,,,,,2026-06-23 9:41:41, {f4ba3e13-54c4-6a3a-ab00-000000002600},4492,C:\Windows\system32\cleanmgr.exe,,,CHILD\Administrator,,,,,,,,,,C:\Users\ADMINI~1\AppData\Local\Temp\D3499AFE-EFD0-4009-9D34-37816FE14B74\api-ms-win-core-errorhandling-l1-1-0.dll,2026-06-23 9:41:41,,,,,,,,,,,,,,,,,,,,,,,,,,,,,,,,,,,,,,,DLL,C.4f04b5de911bf0cd,C.4f04b5de911bf0cd
1.78221E+12,,,,,,,,,,,2026-06-23 9:41:41, {f4ba3e13-54c4-6a3a-ab00-000000002600},4492,C:\Windows\system32\cleanmgr.exe,,,CHILD\Administrator,,,,,,,,,,C:\Users\ADMINI~1\AppData\Local\Temp\D3499AFE-EFD0-4009-9D34-37816FE14B74\api-ms-win-core-errorhandling-l1-1-1.dll,2026-06-23 9:41:41,,,,,,,,,,,,,,,,,,,,,,,,,,,,,,,,,,,,,,,DLL,C.4f04b5de911bf0cd,C.4f04b5de911bf0cd
1.78221E+12,,,,,,,,,,,2026-06-23 9:41:41, {f4ba3e13-54c4-6a3a-ab00-000000002600},4492,C:\Windows\system32\cleanmgr.exe,,,CHILD\Administrator,,,,,,,,,,C:\Users\ADMINI~1\AppData\Local\Temp\D3499AFE-EFD0-4009-9D34-37816FE14B74\api-ms-win-core-fibers-l1-1-0.dll,2026-06-23 9:41:41,,,,,,,,,,,,,,,,,,,,,,,,,,,,,,,,,,,,,,,DLL,C.4f04b5de911bf0cd,C.4f04b5de911bf0cd
1.78221E+12,,,,,,,,,,,2026-06-23 9:41:41, {f4ba3e13-54c4-6a3a-ab00-000000002600},4492,C:\Windows\system32\cleanmgr.exe,,,CHILD\Administrator,,,,,,,,,,C:\Users\ADMINI~1\AppData\Local\Temp\D3499AFE-EFD0-4009-9D34-37816FE14B74\api-ms-win-core-fibers-l1-1-1.dll,2026-06-23 9:41:41,,,,,,,,,,,,,,,,,,,,,,,,,,,,,,,,,,,,,,,DLL,C.4f04b5de911bf0cd,C.4f04b5de911bf0cd
1.78221E+12,,,,,,,,,,,2026-06-23 9:41:41, {f4ba3e13-54c4-6a3a-ab00-000000002600},4492,C:\Windows\system32\cleanmgr.exe,,,CHILD\Administrator,,,,,,,,,,C:\Users\ADMINI~1\AppData\Local\Temp\D3499AFE-EFD0-4009-9D34-37816FE14B74\api-ms-win-core-file-l1-1-0.dll,2026-06-23 9:41:41,,,,,,,,,,,,,,,,,,,,,,,,,,,,,,,,,,,,,,,DLL,C.4f04b5de911bf0cd,C.4f04b5de911bf0cd
1.78221E+12,,,,,,,,,,,2026-06-23 9:41:41, {f4ba3e13-54c4-6a3a-ab00-000000002600},4492,C:\Windows\system32\cleanmgr.exe,,,CHILD\Administrator,,,,,,,,,,C:\Users\ADMINI~1\AppData\Local\Temp\D3499AFE-EFD0-4009-9D34-37816FE14B74\api-ms-win-core-file-l1-2-0.dll,2026-06-23 9:41:41,,,,,,,,,,,,,,,,,,,,,,,,,,,,,,,,,,,,,,,DLL,C.4f04b5de911bf0cd,C.4f04b5de911bf0cd
1.78221E+12,,,,,,,,,,,2026-06-23 9:41:41, {f4ba3e13-54c4-6a3a-ab00-000000002600},4492,C:\Windows\system32\cleanmgr.exe,,,CHILD\Administrator,,,,,,,,,,C:\Users\ADMINI~1\AppData\Local\Temp\D3499AFE-EFD0-4009-9D34-37816FE14B74\api-ms-win-core-file-l1-2-1.dll,2026-06-23 9:41:41,,,,,,,,,,,,,,,,,,,,,,,,,,,,,,,,,,,,,,,DLL,C.4f04b5de911bf0cd,C.4f04b5de911bf0cd
1.78221E+12,,,,,,,,,,,2026-06-23 9:41:41, {f4ba3e13-54c4-6a3a-ab00-000000002600},4492,C:\Windows\system32\cleanmgr.exe,,,CHILD\Administrator,,,,,,,,,,C:\Users\ADMINI~1\AppData\Local\Temp\D3499AFE-EFD0-4009-9D34-37816FE14B74\API-MS-Win-core-file-l2-1-0.dll,2026-06-23 9:41:41,,,,,,,,,,,,,,,,,,,,,,,,,,,,,,,,,,,,,,,DLL,C.4f04b5de911bf0cd,C.4f04b5de911bf0cd
1.78221E+12,,,,,,,,,,,2026-06-23 9:41:41, {f4ba3e13-54c4-6a3a-ab00-000000002600},4492,C:\Windows\system32\cleanmgr.exe,,,CHILD\Administrator,,,,,,,,,,C:\Users\ADMINI~1\AppData\Local\Temp\D3499AFE-EFD0-4009-9D34-37816FE14B74\API-MS-Win-core-file-l2-1-1.dll,2026-06-23 9:41:41,,,,,,,,,,,,,,,,,,,,,,,,,,,,,,,,,,,,,,,DLL,C.4f04b5de911bf0cd,C.4f04b5de911bf0cd
1.78221E+12,,,,,,,,,,,2026-06-23 9:41:41, {f4ba3e13-54c4-6a3a-ab00-000000002600},4492,C:\Windows\system32\cleanmgr.exe,,,CHILD\Administrator,,,,,,,,,,C:\Users\ADMINI~1\AppData\Local\Temp\D3499AFE-EFD0-4009-9D34-37816FE14B74\api-ms-win-core-handle-l1-1-0.dll,2026-06-23 9:41:41,,,,,,,,,,,,,,,,,,,,,,,,,,,,,,,,,,,,,,,DLL,C.4f04b5de911bf0cd,C.4f04b5de911bf0cd
1.78221E+12,,,,,,,,,,,2026-06-23 9:41:41, {f4ba3e13-54c4-6a3a-ab00-000000002600},4492,C:\Windows\system32\cleanmgr.exe,,,CHILD\Administrator,,,,,,,,,,C:\Users\ADMINI~1\AppData\Local\Temp\D3499AFE-EFD0-4009-9D34-37816FE14B74\api-ms-win-core-heap-l1-1-0.dll,2026-06-23 9:41:41,,,,,,,,,,,,,,,,,,,,,,,,,,,,,,,,,,,,,,,DLL,C.4f04b5de911bf0cd,C.4f04b5de911bf0cd
1.78221E+12,,,,,,,,,,,2026-06-23 9:41:41, {f4ba3e13-54c4-6a3a-ab00-000000002600},4492,C:\Windows\system32\cleanmgr.exe,,,CHILD\Administrator,,,,,,,,,,C:\Users\ADMINI~1\AppData\Local\Temp\D3499AFE-EFD0-4009-9D34-37816FE14B74\API-MS-Win-Core-Heap-Obsolete-L1-1-0.dll,2026-06-23 9:41:41,,,,,,,,,,,,,,,,,,,,,,,,,,,,,,,,,,,,,,,DLL,C.4f04b5de911bf0cd,C.4f04b5de911bf0cd
1.78221E+12,,,,,,,,,,,2026-06-23 9:41:41, {f4ba3e13-54c4-6a3a-ab00-000000002600},4492,C:\Windows\system32\cleanmgr.exe,,,CHILD\Administrator,,,,,,,,,,C:\Users\ADMINI~1\AppData\Local\Temp\D3499AFE-EFD0-4009-9D34-37816FE14B74\api-ms-win-core-interlocked-l1-1-0.dll,2026-06-23 9:41:41,,,,,,,,,,,,,,,,,,,,,,,,,,,,,,,,,,,,,,,DLL,C.4f04b5de911bf0cd,C.4f04b5de911bf0cd
1.78221E+12,,,,,,,,,,,2026-06-23 9:41:41, {f4ba3e13-54c4-6a3a-ab00-000000002600},4492,C:\Windows\system32\cleanmgr.exe,,,CHILD\Administrator,,,,,,,,,,C:\Users\ADMINI~1\AppData\Local\Temp\D3499AFE-EFD0-4009-9D34-37816FE14B74\api-ms-win-core-io-l1-1-0.dll,2026-06-23 9:41:41,,,,,,,,,,,,,,,,,,,,,,,,,,,,,,,,,,,,,,,DLL,C.4f04b5de911bf0cd,C.4f04b5de911bf0cd
1.78221E+12,,,,,,,,,,,2026-06-23 9:41:41, {f4ba3e13-54c4-6a3a-ab00-000000002600},4492,C:\Windows\system32\cleanmgr.exe,,,CHILD\Administrator,,,,,,,,,,C:\Users\ADMINI~1\AppData\Local\Temp\D3499AFE-EFD0-4009-9D34-37816FE14B74\api-ms-win-core-io-l1-1-1.dll,2026-06-23 9:41:41,,,,,,,,,,,,,,,,,,,,,,,,,,,,,,,,,,,,,,,DLL,C.4f04b5de911bf0cd,C.4f04b5de911bf0cd
1.78221E+12,,,,,,,,,,,2026-06-23 9:41:41, {f4ba3e13-54c4-6a3a-ab00-000000002600},4492,C:\Windows\system32\cleanmgr.exe,,,CHILD\Administrator,,,,,,,,,,C:\Users\ADMINI~1\AppData\Local\Temp\D3499AFE-EFD0-4009-9D34-37816FE14B74\api-ms-win-core-kernel32-legacy-l1-1-0.dll,2026-06-23 9:41:41,,,,,,,,,,,,,,,,,,,,,,,,,,,,,,,,,,,,,,,DLL,C.4f04b5de911bf0cd,C.4f04b5de911bf0cd
1.78221E+12,,,,,,,,,,,2026-06-23 9:41:41, {f4ba3e13-54c4-6a3a-ab00-000000002600},4492,C:\Windows\system32\cleanmgr.exe,,,CHILD\Administrator,,,,,,,,,,C:\Users\ADMINI~1\AppData\Local\Temp\D3499AFE-EFD0-4009-9D34-37816FE14B74\api-ms-win-core-kernel32-legacy-l1-1-1.dll,2026-06-23 9:41:41,,,,,,,,,,,,,,,,,,,,,,,,,,,,,,,,,,,,,,,DLL,C.4f04b5de911bf0cd,C.4f04b5de911bf0cd
1.78221E+12,,,,,,,,,,,2026-06-23 9:41:41, {f4ba3e13-54c4-6a3a-ab00-000000002600},4492,C:\Windows\system32\cleanmgr.exe,,,CHILD\Administrator,,,,,,,,,,C:\Users\ADMINI~1\AppData\Local\Temp\D3499AFE-EFD0-4009-9D34-37816FE14B74\API-MS-Win-Core-Kernel32-Private-L1-1-0.dll,2026-06-23 9:41:41,,,,,,,,,,,,,,,,,,,,,,,,,,,,,,,,,,,,,,,DLL,C.4f04b5de911bf0cd,C.4f04b5de911bf0cd
1.78221E+12,,,,,,,,,,,2026-06-23 9:41:41, {f4ba3e13-54c4-6a3a-ab00-000000002600},4492,C:\Windows\system32\cleanmgr.exe,,,CHILD\Administrator,,,,,,,,,,C:\Users\ADMINI~1\AppData\Local\Temp\D3499AFE-EFD0-4009-9D34-37816FE14B74\API-MS-Win-Core-Kernel32-Private-L1-1-1.dll,2026-06-23 9:41:41,,,,,,,,,,,,,,,,,,,,,,,,,,,,,,,,,,,,,,,DLL,C.4f04b5de911bf0cd,C.4f04b5de911bf0cd
1.78221E+12,,,,,,,,,,,2026-06-23 9:41:41, {f4ba3e13-54c4-6a3a-ab00-000000002600},4492,C:\Windows\system32\cleanmgr.exe,,,CHILD\Administrator,,,,,,,,,,C:\Users\ADMINI~1\AppData\Local\Temp\D3499AFE-EFD0-4009-9D34-37816FE14B74\api-ms-win-core-libraryloader-l1-1-0.dll,2026-06-23 9:41:41,,,,,,,,,,,,,,,,,,,,,,,,,,,,,,,,,,,,,,,DLL,C.4f04b5de911bf0cd,C.4f04b5de911bf0cd
1.78221E+12,,,,,,,,,,,2026-06-23 9:41:41, {f4ba3e13-54c4-6a3a-ab00-000000002600},4492,C:\Windows\system32\cleanmgr.exe,,,CHILD\Administrator,,,,,,,,,,C:\Users\ADMINI~1\AppData\Local\Temp\D3499AFE-EFD0-4009-9D34-37816FE14B74\api-ms-win-core-libraryloader-l1-1-1.dll,2026-06-23 9:41:41,,,,,,,,,,,,,,,,,,,,,,,,,,,,,,,,,,,,,,,DLL,C.4f04b5de911bf0cd,C.4f04b5de911bf0cd
1.78221E+12,,,,,,,,,,,2026-06-23 9:41:41, {f4ba3e13-54c4-6a3a-ab00-000000002600},4492,C:\Windows\system32\cleanmgr.exe,,,CHILD\Administrator,,,,,,,,,,C:\Users\ADMINI~1\AppData\Local\Temp\D3499AFE-EFD0-4009-9D34-37816FE14B74\api-ms-win-core-localization-l1-2-0.dll,2026-06-23 9:41:41,,,,,,,,,,,,,,,,,,,,,,,,,,,,,,,,,,,,,,,DLL,C.4f04b5de911bf0cd,C.4f04b5de911bf0cd
1.78221E+12,,,,,,,,,,,2026-06-23 9:41:41, {f4ba3e13-54c4-6a3a-ab00-000000002600},4492,C:\Windows\system32\cleanmgr.exe,,,CHILD\Administrator,,,,,,,,,,C:\Users\ADMINI~1\AppData\Local\Temp\D3499AFE-EFD0-4009-9D34-37816FE14B74\api-ms-win-core-localization-l1-2-1.dll,2026-06-23 9:41:41,,,,,,,,,,,,,,,,,,,,,,,,,,,,,,,,,,,,,,,DLL,C.4f04b5de911bf0cd,C.4f04b5de911bf0cd
1.78221E+12,,,,,,,,,,,2026-06-23 9:41:41, {f4ba3e13-54c4-6a3a-ab00-000000002600},4492,C:\Windows\system32\cleanmgr.exe,,,CHILD\Administrator,,,,,,,,,,C:\Users\ADMINI~1\AppData\Local\Temp\D3499AFE-EFD0-4009-9D34-37816FE14B74\API-MS-Win-core-localization-obsolete-l1-2-0.dll,2026-06-23 9:41:41,,,,,,,,,,,,,,,,,,,,,,,,,,,,,,,,,,,,,,,DLL,C.4f04b5de911bf0cd,C.4f04b5de911bf0cd
1.78221E+12,,,,,,,,,,,2026-06-23 9:41:41, {f4ba3e13-54c4-6a3a-ab00-000000002600},4492,C:\Windows\system32\cleanmgr.exe,,,CHILD\Administrator,,,,,,,,,,C:\Users\ADMINI~1\AppData\Local\Temp\D3499AFE-EFD0-4009-9D34-37816FE14B74\api-ms-win-core-memory-l1-1-0.dll,2026-06-23 9:41:41,,,,,,,,,,,,,,,,,,,,,,,,,,,,,,,,,,,,,,,DLL,C.4f04b5de911bf0cd,C.4f04b5de911bf0cd
1.78221E+12,,,,,,,,,,,2026-06-23 9:41:41, {f4ba3e13-54c4-6a3a-ab00-000000002600},4492,C:\Windows\system32\cleanmgr.exe,,,CHILD\Administrator,,,,,,,,,,C:\Users\ADMINI~1\AppData\Local\Temp\D3499AFE-EFD0-4009-9D34-37816FE14B74\api-ms-win-core-memory-l1-1-1.dll,2026-06-23 9:41:41,,,,,,,,,,,,,,,,,,,,,,,,,,,,,,,,,,,,,,,DLL,C.4f04b5de911bf0cd,C.4f04b5de911bf0cd
1.78221E+12,,,,,,,,,,,2026-06-23 9:41:41, {f4ba3e13-54c4-6a3a-ab00-000000002600},4492,C:\Windows\system32\cleanmgr.exe,,,CHILD\Administrator,,,,,,,,,,C:\Users\ADMINI~1\AppData\Local\Temp\D3499AFE-EFD0-4009-9D34-37816FE14B74\api-ms-win-core-memory-l1-1-2.dll,2026-06-23 9:41:41,,,,,,,,,,,,,,,,,,,,,,,,,,,,,,,,,,,,,,,DLL,C.4f04b5de911bf0cd,C.4f04b5de911bf0cd
1.78221E+12,,,,,,,,,,,2026-06-23 9:41:41, {f4ba3e13-54c4-6a3a-ab00-000000002600},4492,C:\Windows\system32\cleanmgr.exe,,,CHILD\Administrator,,,,,,,,,,C:\Users\ADMINI~1\AppData\Local\Temp\D3499AFE-EFD0-4009-9D34-37816FE14B74\api-ms-win-core-namedpipe-l1-1-0.dll,2026-06-23 9:41:41,,,,,,,,,,,,,,,,,,,,,,,,,,,,,,,,,,,,,,,DLL,C.4f04b5de911bf0cd,C.4f04b5de911bf0cd
1.78221E+12,,,,,,,,,,,2026-06-23 9:41:41, {f4ba3e13-54c4-6a3a-ab00-000000002600},4492,C:\Windows\system32\cleanmgr.exe,,,CHILD\Administrator,,,,,,,,,,C:\Users\ADMINI~1\AppData\Local\Temp\D3499AFE-EFD0-4009-9D34-37816FE14B74\api-ms-win-core-privateprofile-l1-1-0.dll,2026-06-23 9:41:41,,,,,,,,,,,,,,,,,,,,,,,,,,,,,,,,,,,,,,,DLL,C.4f04b5de911bf0cd,C.4f04b5de911bf0cd
1.78221E+12,,,,,,,,,,,2026-06-23 9:41:41, {f4ba3e13-54c4-6a3a-ab00-000000002600},4492,C:\Windows\system32\cleanmgr.exe,,,CHILD\Administrator,,,,,,,,,,C:\Users\ADMINI~1\AppData\Local\Temp\D3499AFE-EFD0-4009-9D34-37816FE14B74\api-ms-win-core-privateprofile-l1-1-1.dll,2026-06-23 9:41:41,,,,,,,,,,,,,,,,,,,,,,,,,,,,,,,,,,,,,,,DLL,C.4f04b5de911bf0cd,C.4f04b5de911bf0cd
1.78221E+12,,,,,,,,,,,2026-06-23 9:41:41, {f4ba3e13-54c4-6a3a-ab00-000000002600},4492,C:\Windows\system32\cleanmgr.exe,,,CHILD\Administrator,,,,,,,,,,C:\Users\ADMINI~1\AppData\Local\Temp\D3499AFE-EFD0-4009-9D34-37816FE14B74\api-ms-win-core-processenvironment-l1-1-0.dll,2026-06-23 9:41:41,,,,,,,,,,,,,,,,,,,,,,,,,,,,,,,,,,,,,,,DLL,C.4f04b5de911bf0cd,C.4f04b5de911bf0cd
1.78221E+12,,,,,,,,,,,2026-06-23 9:41:41, {f4ba3e13-54c4-6a3a-ab00-000000002600},4492,C:\Windows\system32\cleanmgr.exe,,,CHILD\Administrator,,,,,,,,,,C:\Users\ADMINI~1\AppData\Local\Temp\D3499AFE-EFD0-4009-9D34-37816FE14B74\api-ms-win-core-processenvironment-l1-2-0.dll,2026-06-23 9:41:41,,,,,,,,,,,,,,,,,,,,,,,,,,,,,,,,,,,,,,,DLL,C.4f04b5de911bf0cd,C.4f04b5de911bf0cd
1.78221E+12,,,,,,,,,,,2026-06-23 9:41:41, {f4ba3e13-54c4-6a3a-ab00-000000002600},4492,C:\Windows\system32\cleanmgr.exe,,,CHILD\Administrator,,,,,,,,,,C:\Users\ADMINI~1\AppData\Local\Temp\D3499AFE-EFD0-4009-9D34-37816FE14B74\api-ms-win-core-processthreads-l1-1-0.dll,2026-06-23 9:41:41,,,,,,,,,,,,,,,,,,,,,,,,,,,,,,,,,,,,,,,DLL,C.4f04b5de911bf0cd,C.4f04b5de911bf0cd
1.78221E+12,,,,,,,,,,,2026-06-23 9:41:41, {f4ba3e13-54c4-6a3a-ab00-000000002600},4492,C:\Windows\system32\cleanmgr.exe,,,CHILD\Administrator,,,,,,,,,,C:\Users\ADMINI~1\AppData\Local\Temp\D3499AFE-EFD0-4009-9D34-37816FE14B74\api-ms-win-core-processthreads-l1-1-1.dll,2026-06-23 9:41:41,,,,,,,,,,,,,,,,,,,,,,,,,,,,,,,,,,,,,,,DLL,C.4f04b5de911bf0cd,C.4f04b5de911bf0cd
1.78221E+12,,,,,,,,,,,2026-06-23 9:41:41, {f4ba3e13-54c4-6a3a-ab00-000000002600},4492,C:\Windows\system32\cleanmgr.exe,,,CHILD\Administrator,,,,,,,,,,C:\Users\ADMINI~1\AppData\Local\Temp\D3499AFE-EFD0-4009-9D34-37816FE14B74\api-ms-win-core-processthreads-l1-1-2.dll,2026-06-23 9:41:41,,,,,,,,,,,,,,,,,,,,,,,,,,,,,,,,,,,,,,,DLL,C.4f04b5de911bf0cd,C.4f04b5de911bf0cd
1.78221E+12,,,,,,,,,,,2026-06-23 9:41:41, {f4ba3e13-54c4-6a3a-ab00-000000002600},4492,C:\Windows\system32\cleanmgr.exe,,,CHILD\Administrator,,,,,,,,,,C:\Users\ADMINI~1\AppData\Local\Temp\D3499AFE-EFD0-4009-9D34-37816FE14B74\api-ms-win-core-processtopology-obsolete-l1-1-0.dll,2026-06-23 9:41:41,,,,,,,,,,,,,,,,,,,,,,,,,,,,,,,,,,,,,,,DLL,C.4f04b5de911bf0cd,C.4f04b5de911bf0cd
1.78221E+12,,,,,,,,,,,2026-06-23 9:41:41, {f4ba3e13-54c4-6a3a-ab00-000000002600},4492,C:\Windows\system32\cleanmgr.exe,,,CHILD\Administrator,,,,,,,,,,C:\Users\ADMINI~1\AppData\Local\Temp\D3499AFE-EFD0-4009-9D34-37816FE14B74\api-ms-win-core-profile-l1-1-0.dll,2026-06-23 9:41:41,,,,,,,,,,,,,,,,,,,,,,,,,,,,,,,,,,,,,,,DLL,C.4f04b5de911bf0cd,C.4f04b5de911bf0cd
1.78221E+12,,,,,,,,,,,2026-06-23 9:41:41, {f4ba3e13-54c4-6a3a-ab00-000000002600},4492,C:\Windows\system32\cleanmgr.exe,,,CHILD\Administrator,,,,,,,,,,C:\Users\ADMINI~1\AppData\Local\Temp\D3499AFE-EFD0-4009-9D34-37816FE14B74\api-ms-win-core-realtime-l1-1-0.dll,2026-06-23 9:41:41,,,,,,,,,,,,,,,,,,,,,,,,,,,,,,,,,,,,,,,DLL,C.4f04b5de911bf0cd,C.4f04b5de911bf0cd
1.78221E+12,,,,,,,,,,,2026-06-23 9:41:41, {f4ba3e13-54c4-6a3a-ab00-000000002600},4492,C:\Windows\system32\cleanmgr.exe,,,CHILD\Administrator,,,,,,,,,,C:\Users\ADMINI~1\AppData\Local\Temp\D3499AFE-EFD0-4009-9D34-37816FE14B74\api-ms-win-core-registry-l1-1-0.dll,2026-06-23 9:41:41,,,,,,,,,,,,,,,,,,,,,,,,,,,,,,,,,,,,,,,DLL,C.4f04b5de911bf0cd,C.4f04b5de911bf0cd
1.78221E+12,,,,,,,,,,,2026-06-23 9:41:41, {f4ba3e13-54c4-6a3a-ab00-000000002600},4492,C:\Windows\system32\cleanmgr.exe,,,CHILD\Administrator,,,,,,,,,,C:\Users\ADMINI~1\AppData\Local\Temp\D3499AFE-EFD0-4009-9D34-37816FE14B74\api-ms-win-core-registry-l2-1-0.dll,2026-06-23 9:41:41,,,,,,,,,,,,,,,,,,,,,,,,,,,,,,,,,,,,,,,DLL,C.4f04b5de911bf0cd,C.4f04b5de911bf0cd
1.78221E+12,,,,,,,,,,,2026-06-23 9:41:41, {f4ba3e13-54c4-6a3a-ab00-000000002600},4492,C:\Windows\system32\cleanmgr.exe,,,CHILD\Administrator,,,,,,,,,,C:\Users\ADMINI~1\AppData\Local\Temp\D3499AFE-EFD0-4009-9D34-37816FE14B74\api-ms-win-core-rtlsupport-l1-1-0.dll,2026-06-23 9:41:41,,,,,,,,,,,,,,,,,,,,,,,,,,,,,,,,,,,,,,,DLL,C.4f04b5de911bf0cd,C.4f04b5de911bf0cd
1.78221E+12,,,,,,,,,,,2026-06-23 9:41:41, {f4ba3e13-54c4-6a3a-ab00-000000002600},4492,C:\Windows\system32\cleanmgr.exe,,,CHILD\Administrator,,,,,,,,,,C:\Users\ADMINI~1\AppData\Local\Temp\D3499AFE-EFD0-4009-9D34-37816FE14B74\api-ms-win-core-shlwapi-legacy-l1-1-0.dll,2026-06-23 9:41:41,,,,,,,,,,,,,,,,,,,,,,,,,,,,,,,,,,,,,,,DLL,C.4f04b5de911bf0cd,C.4f04b5de911bf0cd
1.78221E+12,,,,,,,,,,,2026-06-23 9:41:41, {f4ba3e13-54c4-6a3a-ab00-000000002600},4492,C:\Windows\system32\cleanmgr.exe,,,CHILD\Administrator,,,,,,,,,,C:\Users\ADMINI~1\AppData\Local\Temp\D3499AFE-EFD0-4009-9D34-37816FE14B74\api-ms-win-core-shlwapi-obsolete-l1-1-0.dll,2026-06-23 9:41:41,,,,,,,,,,,,,,,,,,,,,,,,,,,,,,,,,,,,,,,DLL,C.4f04b5de911bf0cd,C.4f04b5de911bf0cd
1.78221E+12,,,,,,,,,,,2026-06-23 9:41:41, {f4ba3e13-54c4-6a3a-ab00-000000002600},4492,C:\Windows\system32\cleanmgr.exe,,,CHILD\Administrator,,,,,,,,,,C:\Users\ADMINI~1\AppData\Local\Temp\D3499AFE-EFD0-4009-9D34-37816FE14B74\api-ms-win-core-shutdown-l1-1-0.dll,2026-06-23 9:41:41,,,,,,,,,,,,,,,,,,,,,,,,,,,,,,,,,,,,,,,DLL,C.4f04b5de911bf0cd,C.4f04b5de911bf0cd
1.78221E+12,,,,,,,,,,,2026-06-23 9:41:41, {f4ba3e13-54c4-6a3a-ab00-000000002600},4492,C:\Windows\system32\cleanmgr.exe,,,CHILD\Administrator,,,,,,,,,,C:\Users\ADMINI~1\AppData\Local\Temp\D3499AFE-EFD0-4009-9D34-37816FE14B74\api-ms-win-core-string-l1-1-0.dll,2026-06-23 9:41:41,,,,,,,,,,,,,,,,,,,,,,,,,,,,,,,,,,,,,,,DLL,C.4f04b5de911bf0cd,C.4f04b5de911bf0cd
1.78221E+12,,,,,,,,,,,2026-06-23 9:41:41, {f4ba3e13-54c4-6a3a-ab00-000000002600},4492,C:\Windows\system32\cleanmgr.exe,,,CHILD\Administrator,,,,,,,,,,C:\Users\ADMINI~1\AppData\Local\Temp\D3499AFE-EFD0-4009-9D34-37816FE14B74\API-MS-Win-core-string-l2-1-0.dll,2026-06-23 9:41:41,,,,,,,,,,,,,,,,,,,,,,,,,,,,,,,,,,,,,,,DLL,C.4f04b5de911bf0cd,C.4f04b5de911bf0cd
1.78221E+12,,,,,,,,,,,2026-06-23 9:41:41, {f4ba3e13-54c4-6a3a-ab00-000000002600},4492,C:\Windows\system32\cleanmgr.exe,,,CHILD\Administrator,,,,,,,,,,C:\Users\ADMINI~1\AppData\Local\Temp\D3499AFE-EFD0-4009-9D34-37816FE14B74\API-MS-Win-core-string-obsolete-l1-1-0.dll,2026-06-23 9:41:41,,,,,,,,,,,,,,,,,,,,,,,,,,,,,,,,,,,,,,,DLL,C.4f04b5de911bf0cd,C.4f04b5de911bf0cd
1.78221E+12,,,,,,,,,,,2026-06-23 9:41:41, {f4ba3e13-54c4-6a3a-ab00-000000002600},4492,C:\Windows\system32\cleanmgr.exe,,,CHILD\Administrator,,,,,,,,,,C:\Users\ADMINI~1\AppData\Local\Temp\D3499AFE-EFD0-4009-9D34-37816FE14B74\api-ms-win-core-stringansi-l1-1-0.dll,2026-06-23 9:41:41,,,,,,,,,,,,,,,,,,,,,,,,,,,,,,,,,,,,,,,DLL,C.4f04b5de911bf0cd,C.4f04b5de911bf0cd
1.78221E+12,,,,,,,,,,,2026-06-23 9:41:41, {f4ba3e13-54c4-6a3a-ab00-000000002600},4492,C:\Windows\system32\cleanmgr.exe,,,CHILD\Administrator,,,,,,,,,,C:\Users\ADMINI~1\AppData\Local\Temp\D3499AFE-EFD0-4009-9D34-37816FE14B74\api-ms-win-core-stringloader-l1-1-1.dll,2026-06-23 9:41:41,,,,,,,,,,,,,,,,,,,,,,,,,,,,,,,,,,,,,,,DLL,C.4f04b5de911bf0cd,C.4f04b5de911bf0cd
1.78221E+12,,,,,,,,,,,2026-06-23 9:41:41, {f4ba3e13-54c4-6a3a-ab00-000000002600},4492,C:\Windows\system32\cleanmgr.exe,,,CHILD\Administrator,,,,,,,,,,C:\Users\ADMINI~1\AppData\Local\Temp\D3499AFE-EFD0-4009-9D34-37816FE14B74\api-ms-win-core-synch-l1-1-0.dll,2026-06-23 9:41:41,,,,,,,,,,,,,,,,,,,,,,,,,,,,,,,,,,,,,,,DLL,C.4f04b5de911bf0cd,C.4f04b5de911bf0cd
1.78221E+12,,,,,,,,,,,2026-06-23 9:41:41, {f4ba3e13-54c4-6a3a-ab00-000000002600},4492,C:\Windows\system32\cleanmgr.exe,,,CHILD\Administrator,,,,,,,,,,C:\Users\ADMINI~1\AppData\Local\Temp\D3499AFE-EFD0-4009-9D34-37816FE14B74\api-ms-win-core-synch-l1-2-0.dll,2026-06-23 9:41:41,,,,,,,,,,,,,,,,,,,,,,,,,,,,,,,,,,,,,,,DLL,C.4f04b5de911bf0cd,C.4f04b5de911bf0cd
1.78221E+12,,,,,,,,,,,2026-06-23 9:41:41, {f4ba3e13-54c4-6a3a-ab00-000000002600},4492,C:\Windows\system32\cleanmgr.exe,,,CHILD\Administrator,,,,,,,,,,C:\Users\ADMINI~1\AppData\Local\Temp\D3499AFE-EFD0-4009-9D34-37816FE14B74\api-ms-win-core-sysinfo-l1-1-0.dll,2026-06-23 9:41:41,,,,,,,,,,,,,,,,,,,,,,,,,,,,,,,,,,,,,,,DLL,C.4f04b5de911bf0cd,C.4f04b5de911bf0cd
1.78221E+12,,,,,,,,,,,2026-06-23 9:41:41, {f4ba3e13-54c4-6a3a-ab00-000000002600},4492,C:\Windows\system32\cleanmgr.exe,,,CHILD\Administrator,,,,,,,,,,C:\Users\ADMINI~1\AppData\Local\Temp\D3499AFE-EFD0-4009-9D34-37816FE14B74\api-ms-win-core-sysinfo-l1-2-0.dll,2026-06-23 9:41:41,,,,,,,,,,,,,,,,,,,,,,,,,,,,,,,,,,,,,,,DLL,C.4f04b5de911bf0cd,C.4f04b5de911bf0cd
1.78221E+12,,,,,,,,,,,2026-06-23 9:41:41, {f4ba3e13-54c4-6a3a-ab00-000000002600},4492,C:\Windows\system32\cleanmgr.exe,,,CHILD\Administrator,,,,,,,,,,C:\Users\ADMINI~1\AppData\Local\Temp\D3499AFE-EFD0-4009-9D34-37816FE14B74\api-ms-win-core-sysinfo-l1-2-1.dll,2026-06-23 9:41:41,,,,,,,,,,,,,,,,,,,,,,,,,,,,,,,,,,,,,,,DLL,C.4f04b5de911bf0cd,C.4f04b5de911bf0cd
1.78221E+12,,,,,,,,,,,2026-06-23 9:41:41, {f4ba3e13-54c4-6a3a-ab00-000000002600},4492,C:\Windows\system32\cleanmgr.exe,,,CHILD\Administrator,,,,,,,,,,C:\Users\ADMINI~1\AppData\Local\Temp\D3499AFE-EFD0-4009-9D34-37816FE14B74\api-ms-win-core-threadpool-l1-2-0.dll,2026-06-23 9:41:41,,,,,,,,,,,,,,,,,,,,,,,,,,,,,,,,,,,,,,,DLL,C.4f04b5de911bf0cd,C.4f04b5de911bf0cd
1.78221E+12,,,,,,,,,,,2026-06-23 9:41:41, {f4ba3e13-54c4-6a3a-ab00-000000002600},4492,C:\Windows\system32\cleanmgr.exe,,,CHILD\Administrator,,,,,,,,,,C:\Users\ADMINI~1\AppData\Local\Temp\D3499AFE-EFD0-4009-9D34-37816FE14B74\api-ms-win-core-threadpool-legacy-l1-1-0.dll,2026-06-23 9:41:41,,,,,,,,,,,,,,,,,,,,,,,,,,,,,,,,,,,,,,,DLL,C.4f04b5de911bf0cd,C.4f04b5de911bf0cd
1.78221E+12,,,,,,,,,,,2026-06-23 9:41:41, {f4ba3e13-54c4-6a3a-ab00-000000002600},4492,C:\Windows\system32\cleanmgr.exe,,,CHILD\Administrator,,,,,,,,,,C:\Users\ADMINI~1\AppData\Local\Temp\D3499AFE-EFD0-4009-9D34-37816FE14B74\api-ms-win-core-threadpool-private-l1-1-0.dll,2026-06-23 9:41:41,,,,,,,,,,,,,,,,,,,,,,,,,,,,,,,,,,,,,,,DLL,C.4f04b5de911bf0cd,C.4f04b5de911bf0cd
1.78221E+12,,,,,,,,,,,2026-06-23 9:41:41, {f4ba3e13-54c4-6a3a-ab00-000000002600},4492,C:\Windows\system32\cleanmgr.exe,,,CHILD\Administrator,,,,,,,,,,C:\Users\ADMINI~1\AppData\Local\Temp\D3499AFE-EFD0-4009-9D34-37816FE14B74\api-ms-win-core-timezone-l1-1-0.dll,2026-06-23 9:41:41,,,,,,,,,,,,,,,,,,,,,,,,,,,,,,,,,,,,,,,DLL,C.4f04b5de911bf0cd,C.4f04b5de911bf0cd
1.78221E+12,,,,,,,,,,,2026-06-23 9:41:41, {f4ba3e13-54c4-6a3a-ab00-000000002600},4492,C:\Windows\system32\cleanmgr.exe,,,CHILD\Administrator,,,,,,,,,,C:\Users\ADMINI~1\AppData\Local\Temp\D3499AFE-EFD0-4009-9D34-37816FE14B74\api-ms-win-core-url-l1-1-0.dll,2026-06-23 9:41:41,,,,,,,,,,,,,,,,,,,,,,,,,,,,,,,,,,,,,,,DLL,C.4f04b5de911bf0cd,C.4f04b5de911bf0cd
1.78221E+12,,,,,,,,,,,2026-06-23 9:41:41, {f4ba3e13-54c4-6a3a-ab00-000000002600},4492,C:\Windows\system32\cleanmgr.exe,,,CHILD\Administrator,,,,,,,,,,C:\Users\ADMINI~1\AppData\Local\Temp\D3499AFE-EFD0-4009-9D34-37816FE14B74\api-ms-win-core-util-l1-1-0.dll,2026-06-23 9:41:41,,,,,,,,,,,,,,,,,,,,,,,,,,,,,,,,,,,,,,,DLL,C.4f04b5de911bf0cd,C.4f04b5de911bf0cd
1.78221E+12,,,,,,,,,,,2026-06-23 9:41:41, {f4ba3e13-54c4-6a3a-ab00-000000002600},4492,C:\Windows\system32\cleanmgr.exe,,,CHILD\Administrator,,,,,,,,,,C:\Users\ADMINI~1\AppData\Local\Temp\D3499AFE-EFD0-4009-9D34-37816FE14B74\api-ms-win-core-version-l1-1-0.dll,2026-06-23 9:41:41,,,,,,,,,,,,,,,,,,,,,,,,,,,,,,,,,,,,,,,DLL,C.4f04b5de911bf0cd,C.4f04b5de911bf0cd
1.78221E+12,,,,,,,,,,,2026-06-23 9:41:41, {f4ba3e13-54c4-6a3a-ab00-000000002600},4492,C:\Windows\system32\cleanmgr.exe,,,CHILD\Administrator,,,,,,,,,,C:\Users\ADMINI~1\AppData\Local\Temp\D3499AFE-EFD0-4009-9D34-37816FE14B74\api-ms-win-core-wow64-l1-1-0.dll,2026-06-23 9:41:41,,,,,,,,,,,,,,,,,,,,,,,,,,,,,,,,,,,,,,,DLL,C.4f04b5de911bf0cd,C.4f04b5de911bf0cd
1.78221E+12,,,,,,,,,,,2026-06-23 9:41:41, {f4ba3e13-54c4-6a3a-ab00-000000002600},4492,C:\Windows\system32\cleanmgr.exe,,,CHILD\Administrator,,,,,,,,,,C:\Users\ADMINI~1\AppData\Local\Temp\D3499AFE-EFD0-4009-9D34-37816FE14B74\api-ms-win-core-xstate-l1-1-0.dll,2026-06-23 9:41:41,,,,,,,,,,,,,,,,,,,,,,,,,,,,,,,,,,,,,,,DLL,C.4f04b5de911bf0cd,C.4f04b5de911bf0cd
1.78221E+12,,,,,,,,,,,2026-06-23 9:41:41, {f4ba3e13-54c4-6a3a-ab00-000000002600},4492,C:\Windows\system32\cleanmgr.exe,,,CHILD\Administrator,,,,,,,,,,C:\Users\ADMINI~1\AppData\Local\Temp\D3499AFE-EFD0-4009-9D34-37816FE14B74\API-MS-Win-core-xstate-l2-1-0.dll,2026-06-23 9:41:41,,,,,,,,,,,,,,,,,,,,,,,,,,,,,,,,,,,,,,,DLL,C.4f04b5de911bf0cd,C.4f04b5de911bf0cd
1.78221E+12,,,,,,,,,,,2026-06-23 9:41:41, {f4ba3e13-54c4-6a3a-ab00-000000002600},4492,C:\Windows\system32\cleanmgr.exe,,,CHILD\Administrator,,,,,,,,,,C:\Users\ADMINI~1\AppData\Local\Temp\D3499AFE-EFD0-4009-9D34-37816FE14B74\API-MS-Win-devices-config-L1-1-0.dll,2026-06-23 9:41:41,,,,,,,,,,,,,,,,,,,,,,,,,,,,,,,,,,,,,,,DLL,C.4f04b5de911bf0cd,C.4f04b5de911bf0cd
1.78221E+12,,,,,,,,,,,2026-06-23 9:41:41, {f4ba3e13-54c4-6a3a-ab00-000000002600},4492,C:\Windows\system32\cleanmgr.exe,,,CHILD\Administrator,,,,,,,,,,C:\Users\ADMINI~1\AppData\Local\Temp\D3499AFE-EFD0-4009-9D34-37816FE14B74\API-MS-Win-devices-config-L1-1-1.dll,2026-06-23 9:41:41,,,,,,,,,,,,,,,,,,,,,,,,,,,,,,,,,,,,,,,DLL,C.4f04b5de911bf0cd,C.4f04b5de911bf0cd
1.78221E+12,,,,,,,,,,,2026-06-23 9:41:41, {f4ba3e13-54c4-6a3a-ab00-000000002600},4492,C:\Windows\system32\cleanmgr.exe,,,CHILD\Administrator,,,,,,,,,,C:\Users\ADMINI~1\AppData\Local\Temp\D3499AFE-EFD0-4009-9D34-37816FE14B74\API-MS-Win-Eventing-ClassicProvider-L1-1-0.dll,2026-06-23 9:41:41,,,,,,,,,,,,,,,,,,,,,,,,,,,,,,,,,,,,,,,DLL,C.4f04b5de911bf0cd,C.4f04b5de911bf0cd
1.78221E+12,,,,,,,,,,,2026-06-23 9:41:41, {f4ba3e13-54c4-6a3a-ab00-000000002600},4492,C:\Windows\system32\cleanmgr.exe,,,CHILD\Administrator,,,,,,,,,,C:\Users\ADMINI~1\AppData\Local\Temp\D3499AFE-EFD0-4009-9D34-37816FE14B74\api-ms-win-eventing-consumer-l1-1-0.dll,2026-06-23 9:41:41,,,,,,,,,,,,,,,,,,,,,,,,,,,,,,,,,,,,,,,DLL,C.4f04b5de911bf0cd,C.4f04b5de911bf0cd
1.78221E+12,,,,,,,,,,,2026-06-23 9:41:41, {f4ba3e13-54c4-6a3a-ab00-000000002600},4492,C:\Windows\system32\cleanmgr.exe,,,CHILD\Administrator,,,,,,,,,,C:\Users\ADMINI~1\AppData\Local\Temp\D3499AFE-EFD0-4009-9D34-37816FE14B74\API-MS-Win-Eventing-Controller-L1-1-0.dll,2026-06-23 9:41:41,,,,,,,,,,,,,,,,,,,,,,,,,,,,,,,,,,,,,,,DLL,C.4f04b5de911bf0cd,C.4f04b5de911bf0cd
1.78221E+12,,,,,,,,,,,2026-06-23 9:41:41, {f4ba3e13-54c4-6a3a-ab00-000000002600},4492,C:\Windows\system32\cleanmgr.exe,,,CHILD\Administrator,,,,,,,,,,C:\Users\ADMINI~1\AppData\Local\Temp\D3499AFE-EFD0-4009-9D34-37816FE14B74\API-MS-Win-Eventing-Legacy-L1-1-0.dll,2026-06-23 9:41:41,,,,,,,,,,,,,,,,,,,,,,,,,,,,,,,,,,,,,,,DLL,C.4f04b5de911bf0cd,C.4f04b5de911bf0cd
1.78221E+12,,,,,,,,,,,2026-06-23 9:41:41, {f4ba3e13-54c4-6a3a-ab00-000000002600},4492,C:\Windows\system32\cleanmgr.exe,,,CHILD\Administrator,,,,,,,,,,C:\Users\ADMINI~1\AppData\Local\Temp\D3499AFE-EFD0-4009-9D34-37816FE14B74\API-MS-Win-Eventing-Provider-L1-1-0.dll,2026-06-23 9:41:41,,,,,,,,,,,,,,,,,,,,,,,,,,,,,,,,,,,,,,,DLL,C.4f04b5de911bf0cd,C.4f04b5de911bf0cd
1.78221E+12,,,,,,,,,,,2026-06-23 9:41:41, {f4ba3e13-54c4-6a3a-ab00-000000002600},4492,C:\Windows\system32\cleanmgr.exe,,,CHILD\Administrator,,,,,,,,,,C:\Users\ADMINI~1\AppData\Local\Temp\D3499AFE-EFD0-4009-9D34-37816FE14B74\API-MS-Win-EventLog-Legacy-L1-1-0.dll,2026-06-23 9:41:41,,,,,,,,,,,,,,,,,,,,,,,,,,,,,,,,,,,,,,,DLL,C.4f04b5de911bf0cd,C.4f04b5de911bf0cd
1.78221E+12,,,,,,,,,,,2026-06-23 9:41:41, {f4ba3e13-54c4-6a3a-ab00-000000002600},4492,C:\Windows\system32\cleanmgr.exe,,,CHILD\Administrator,,,,,,,,,,C:\Users\ADMINI~1\AppData\Local\Temp\D3499AFE-EFD0-4009-9D34-37816FE14B74\api-ms-win-security-base-l1-1-0.dll,2026-06-23 9:41:41,,,,,,,,,,,,,,,,,,,,,,,,,,,,,,,,,,,,,,,DLL,C.4f04b5de911bf0cd,C.4f04b5de911bf0cd
1.78221E+12,,,,,,,,,,,2026-06-23 9:41:41, {f4ba3e13-54c4-6a3a-ab00-000000002600},4492,C:\Windows\system32\cleanmgr.exe,,,CHILD\Administrator,,,,,,,,,,C:\Users\ADMINI~1\AppData\Local\Temp\D3499AFE-EFD0-4009-9D34-37816FE14B74\api-ms-win-security-cryptoapi-l1-1-0.dll,2026-06-23 9:41:41,,,,,,,,,,,,,,,,,,,,,,,,,,,,,,,,,,,,,,,DLL,C.4f04b5de911bf0cd,C.4f04b5de911bf0cd
1.78221E+12,,,,,,,,,,,2026-06-23 9:41:41, {f4ba3e13-54c4-6a3a-ab00-000000002600},4492,C:\Windows\system32\cleanmgr.exe,,,CHILD\Administrator,,,,,,,,,,C:\Users\ADMINI~1\AppData\Local\Temp\D3499AFE-EFD0-4009-9D34-37816FE14B74\API-MS-Win-Security-Lsalookup-L2-1-0.dll,2026-06-23 9:41:41,,,,,,,,,,,,,,,,,,,,,,,,,,,,,,,,,,,,,,,DLL,C.4f04b5de911bf0cd,C.4f04b5de911bf0cd
1.78221E+12,,,,,,,,,,,2026-06-23 9:41:41, {f4ba3e13-54c4-6a3a-ab00-000000002600},4492,C:\Windows\system32\cleanmgr.exe,,,CHILD\Administrator,,,,,,,,,,C:\Users\ADMINI~1\AppData\Local\Temp\D3499AFE-EFD0-4009-9D34-37816FE14B74\API-MS-Win-Security-Lsalookup-L2-1-1.dll,2026-06-23 9:41:41,,,,,,,,,,,,,,,,,,,,,,,,,,,,,,,,,,,,,,,DLL,C.4f04b5de911bf0cd,C.4f04b5de911bf0cd
1.78221E+12,,,,,,,,,,,2026-06-23 9:41:41, {f4ba3e13-54c4-6a3a-ab00-000000002600},4492,C:\Windows\system32\cleanmgr.exe,,,CHILD\Administrator,,,,,,,,,,C:\Users\ADMINI~1\AppData\Local\Temp\D3499AFE-EFD0-4009-9D34-37816FE14B74\API-MS-Win-security-lsapolicy-l1-1-0.dll,2026-06-23 9:41:41,,,,,,,,,,,,,,,,,,,,,,,,,,,,,,,,,,,,,,,DLL,C.4f04b5de911bf0cd,C.4f04b5de911bf0cd
1.78221E+12,,,,,,,,,,,2026-06-23 9:41:41, {f4ba3e13-54c4-6a3a-ab00-000000002600},4492,C:\Windows\system32\cleanmgr.exe,,,CHILD\Administrator,,,,,,,,,,C:\Users\ADMINI~1\AppData\Local\Temp\D3499AFE-EFD0-4009-9D34-37816FE14B74\API-MS-Win-security-provider-L1-1-0.dll,2026-06-23 9:41:41,,,,,,,,,,,,,,,,,,,,,,,,,,,,,,,,,,,,,,,DLL,C.4f04b5de911bf0cd,C.4f04b5de911bf0cd
1.78221E+12,,,,,,,,,,,2026-06-23 9:41:41, {f4ba3e13-54c4-6a3a-ab00-000000002600},4492,C:\Windows\system32\cleanmgr.exe,,,CHILD\Administrator,,,,,,,,,,C:\Users\ADMINI~1\AppData\Local\Temp\D3499AFE-EFD0-4009-9D34-37816FE14B74\api-ms-win-security-sddl-l1-1-0.dll,2026-06-23 9:41:41,,,,,,,,,,,,,,,,,,,,,,,,,,,,,,,,,,,,,,,DLL,C.4f04b5de911bf0cd,C.4f04b5de911bf0cd
1.78221E+12,,,,,,,,,,,2026-06-23 9:41:41, {f4ba3e13-54c4-6a3a-ab00-000000002600},4492,C:\Windows\system32\cleanmgr.exe,,,CHILD\Administrator,,,,,,,,,,C:\Users\ADMINI~1\AppData\Local\Temp\D3499AFE-EFD0-4009-9D34-37816FE14B74\api-ms-win-service-core-l1-1-0.dll,2026-06-23 9:41:41,,,,,,,,,,,,,,,,,,,,,,,,,,,,,,,,,,,,,,,DLL,C.4f04b5de911bf0cd,C.4f04b5de911bf0cd
1.78221E+12,,,,,,,,,,,2026-06-23 9:41:41, {f4ba3e13-54c4-6a3a-ab00-000000002600},4492,C:\Windows\system32\cleanmgr.exe,,,CHILD\Administrator,,,,,,,,,,C:\Users\ADMINI~1\AppData\Local\Temp\D3499AFE-EFD0-4009-9D34-37816FE14B74\api-ms-win-service-core-l1-1-1.dll,2026-06-23 9:41:41,,,,,,,,,,,,,,,,,,,,,,,,,,,,,,,,,,,,,,,DLL,C.4f04b5de911bf0cd,C.4f04b5de911bf0cd
1.78221E+12,,,,,,,,,,,2026-06-23 9:41:41, {f4ba3e13-54c4-6a3a-ab00-000000002600},4492,C:\Windows\system32\cleanmgr.exe,,,CHILD\Administrator,,,,,,,,,,C:\Users\ADMINI~1\AppData\Local\Temp\D3499AFE-EFD0-4009-9D34-37816FE14B74\api-ms-win-service-management-l1-1-0.dll,2026-06-23 9:41:41,,,,,,,,,,,,,,,,,,,,,,,,,,,,,,,,,,,,,,,DLL,C.4f04b5de911bf0cd,C.4f04b5de911bf0cd
1.78221E+12,,,,,,,,,,,2026-06-23 9:41:41, {f4ba3e13-54c4-6a3a-ab00-000000002600},4492,C:\Windows\system32\cleanmgr.exe,,,CHILD\Administrator,,,,,,,,,,C:\Users\ADMINI~1\AppData\Local\Temp\D3499AFE-EFD0-4009-9D34-37816FE14B74\api-ms-win-service-management-l2-1-0.dll,2026-06-23 9:41:41,,,,,,,,,,,,,,,,,,,,,,,,,,,,,,,,,,,,,,,DLL,C.4f04b5de911bf0cd,C.4f04b5de911bf0cd
1.78221E+12,,,,,,,,,,,2026-06-23 9:41:41, {f4ba3e13-54c4-6a3a-ab00-000000002600},4492,C:\Windows\system32\cleanmgr.exe,,,CHILD\Administrator,,,,,,,,,,C:\Users\ADMINI~1\AppData\Local\Temp\D3499AFE-EFD0-4009-9D34-37816FE14B74\api-ms-win-service-private-l1-1-0.dll,2026-06-23 9:41:41,,,,,,,,,,,,,,,,,,,,,,,,,,,,,,,,,,,,,,,DLL,C.4f04b5de911bf0cd,C.4f04b5de911bf0cd
1.78221E+12,,,,,,,,,,,2026-06-23 9:41:41, {f4ba3e13-54c4-6a3a-ab00-000000002600},4492,C:\Windows\system32\cleanmgr.exe,,,CHILD\Administrator,,,,,,,,,,C:\Users\ADMINI~1\AppData\Local\Temp\D3499AFE-EFD0-4009-9D34-37816FE14B74\api-ms-win-service-private-l1-1-1.dll,2026-06-23 9:41:41,,,,,,,,,,,,,,,,,,,,,,,,,,,,,,,,,,,,,,,DLL,C.4f04b5de911bf0cd,C.4f04b5de911bf0cd
1.78221E+12,,,,,,,,,,,2026-06-23 9:41:41, {f4ba3e13-54c4-6a3a-ab00-000000002600},4492,C:\Windows\system32\cleanmgr.exe,,,CHILD\Administrator,,,,,,,,,,C:\Users\ADMINI~1\AppData\Local\Temp\D3499AFE-EFD0-4009-9D34-37816FE14B74\api-ms-win-service-winsvc-l1-1-0.dll,2026-06-23 9:41:41,,,,,,,,,,,,,,,,,,,,,,,,,,,,,,,,,,,,,,,DLL,C.4f04b5de911bf0cd,C.4f04b5de911bf0cd
1.78221E+12,,,,,,,,,,,2026-06-23 9:41:41, {f4ba3e13-54d5-6a3a-bb00-000000002600},5928,C:\Users\ADMINI~1\AppData\Local\Temp\D3499AFE-EFD0-4009-9D34-37816FE14B74\DismHost.exe,C:\Users\ADMINI~1\AppData\Local\Temp\D3499AFE-EFD0-4009-9D34-37816FE14B74\dismhost.exe {E4A84779-68FE-421A-8C67-F95CD3C1F256},C:\Windows\system32\,CHILD\Administrator,"MD5=418299F70B35752CB048ED773C59002E,SHA256=D8C41210EC8CDEC379E66D28DDCA2F5AB07041B1132F83DC5C763EAE116E995F,IMPHASH=59079A6A0DE48AE920EE7A10682DA2F3", {f4ba3e13-54c4-6a3a-ab00-000000002600},4492,C:\Windows\System32\cleanmgr.exe,C:\Windows\system32\cleanmgr.exe /autoclean /d C:,High,0x51609, {f4ba3e13-5335-6a3a-0916-050000000000},1,,,,,,,,,,,,,,,,,,,,,,,Microsoft Corporation,Microsoft® Windows® Operating System,Dism Host Servicing Process,10.0.14393.0 (rs1_release.160715-1616),DismHost.exe,,,,,,,,,,,,,,-,C.4f04b5de911bf0cd,C.4f04b5de911bf0cd
1.78221E+12,,,,,,,,,,,2026-06-23 9:42:22, {f4ba3e13-54d5-6a3a-bb00-000000002600},5928,C:\Users\ADMINI~1\AppData\Local\Temp\D3499AFE-EFD0-4009-9D34-37816FE14B74\DismHost.exe,,,CHILD\Administrator,,,,,,,,,,,,,,,,,,,,,,,,,,,,,,,,,,,,,,,,,,,,,,,,,,-,C.4f04b5de911bf0cd,C.4f04b5de911bf0cd
1.78221E+12,,,,,,,,,,,2026-06-23 9:42:44, {f4ba3e13-5514-6a3a-bc00-000000002600},6128,C:\Program Files\7-Zip\7zFM.exe,"""C:\Program Files\7-Zip\7zFM.exe"" ""C:\Users\Administrator\Desktop\5c40b6c237da3b27e96a16f12ecdd659371a438b1fc2f1d998bf131858f4908a.zip""",C:\Windows\system32\,CHILD\Administrator,"MD5=3AE0352FC8333273697DF4B1FE3F0D55,SHA256=D3FDF47212C7AFB2AA35331914AF228D6E6FF15ED18705F58C426B0036F1D82C,IMPHASH=84E9D4ACA8754B36FB676210810DCC4A", {f4ba3e13-5339-6a3a-7400-000000002600},2900,C:\Windows\explorer.exe,C:\Windows\Explorer.EXE /NOUACCHECK,High,0x51609, {f4ba3e13-5335-6a3a-0916-050000000000},1,,,,,,,,,,,,,,,,,,,,,,,Igor Pavlov,7-Zip,7-Zip File Manager,26,7zFM.exe,,,,,,,,,,,,,,-,C.4f04b5de911bf0cd,C.4f04b5de911bf0cd
1.78221E+12,,,,,,,,,,,2026-06-23 9:42:55, {f4ba3e13-551e-6a3a-bd00-000000002600},5340,C:\Program Files\7-Zip\7zG.exe,"""C:\Program Files\7-Zip\7zG.exe"" x -o""C:\Users\Administrator\Desktop\"" -an -ai#7zMap3991:202:7zEvent10736",C:\Windows\system32\,CHILD\Administrator,"MD5=B6B6C202C49C8BB6B94F0FD2FC9FA449,SHA256=90F1E6DAF118831F3A1A7C77E3B05E13F9F344337AB349719D116BC722F4A6C8,IMPHASH=688580EAC1DC158B5824AC306CD1402C", {f4ba3e13-5339-6a3a-7400-000000002600},2900,C:\Windows\explorer.exe,C:\Windows\Explorer.EXE /NOUACCHECK,High,0x51609, {f4ba3e13-5335-6a3a-0916-050000000000},1,,,,,,,,,,,,,,,,,,,,,,,Igor Pavlov,7-Zip,7-Zip GUI,26,7zg.exe,,,,,,,,,,,,,,-,C.4f04b5de911bf0cd,C.4f04b5de911bf0cd
1.78221E+12,,,,,,,,,,,2026-06-23 9:42:55, {f4ba3e13-551e-6a3a-bd00-000000002600},5340,C:\Program Files\7-Zip\7zG.exe,,,CHILD\Administrator,,,,,,,,,,C:\Users\Administrator\Desktop\5c40b6c237da3b27e96a16f12ecdd659371a438b1fc2f1d998bf131858f4908a.exe,2026-06-23 9:42:55,,,,,,,,,,,,,,,,,,,,,,,,,,,,,,,,,,,,,,,EXE,C.4f04b5de911bf0cd,C.4f04b5de911bf0cd
1.78221E+12,,,,,,,,,,,2026-06-23 9:43:03, {f4ba3e13-5527-6a3a-be00-000000002600},5376,C:\Windows\System32\rundll32.exe,"C:\Windows\System32\rundll32.exe C:\Windows\System32\shell32.dll,SHCreateLocalServerRunDll {9aa46009-3ce0-458a-a354-715610a075e6} -Embedding",C:\Windows\system32\,CHILD\Administrator,"MD5=C7645D43451C6D94D87F4D07BDE59C89,SHA256=495BBA47FC43EE23054FCD419F2F00457162D1C04296900C6AEA551102A810F3,IMPHASH=7D1CE1BAFE48B63D9D19E8E0E5DF3E6C", {f4ba3e13-508c-6a3a-0c00-000000002600},864,C:\Windows\System32\svchost.exe,C:\Windows\system32\svchost.exe -k DcomLaunch,High,0x51609, {f4ba3e13-5335-6a3a-0916-050000000000},1,,,,,,,,,,,,,,,,,,,,,,,Microsoft Corporation,Microsoft® Windows® Operating System,Windows host process (Rundll32),10.0.14393.0 (rs1_release.160715-1616),RUNDLL32.EXE,,,,,,,,,,,,,,-,C.4f04b5de911bf0cd,C.4f04b5de911bf0cd
1.78221E+12,,,,,,,,,,,2026-06-23 9:43:05, {f4ba3e13-5529-6a3a-bf00-000000002600},5484,C:\Users\Administrator\Desktop\ProcessMonitorPortable\ProcessMonitorPortable.exe,"""C:\Users\Administrator\Desktop\ProcessMonitorPortable\ProcessMonitorPortable.exe"" ",C:\Users\Administrator\Desktop\ProcessMonitorPortable\,CHILD\Administrator,"MD5=C318D15F81AD95F50A0DF8189D6BD699,SHA256=DBD1534FF105BFE58E162D46AD78A39DB2A8661AB238420FF740E82B1D80BEB1,IMPHASH=32F3282581436269B3A75B6675FE3E08", {f4ba3e13-5339-6a3a-7400-000000002600},2900,C:\Windows\explorer.exe,C:\Windows\Explorer.EXE /NOUACCHECK,High,0x51609, {f4ba3e13-5335-6a3a-0916-050000000000},1,,,,,,,,,,,,,,,,,,,,,,,PortableApps.com,Process Monitor Portable,Process Monitor Portable (PortableApps.com Launcher),2.2.9.0,ProcessMonitorPortable.exe,,,,,,,,,,,,,,-,C.4f04b5de911bf0cd,C.4f04b5de911bf0cd
1.78221E+12,,,,,,,,,,,2026-06-23 9:43:06, {f4ba3e13-5529-6a3a-bf00-000000002600},5484,C:\Users\Administrator\Desktop\ProcessMonitorPortable\ProcessMonitorPortable.exe,,,CHILD\Administrator,,,,,,,,,,C:\Users\ADMINI~1\AppData\Local\Temp\nsl41A7.tmp\System.dll,2026-06-23 9:43:06,,,,,,,,,,,,,,,,,,,,,,,,,,,,,,,,,,,,,,,DLL,C.4f04b5de911bf0cd,C.4f04b5de911bf0cd
1.78221E+12,,,,,,,,,,,2026-06-23 9:43:08, {f4ba3e13-5529-6a3a-bf00-000000002600},5484,C:\Users\Administrator\Desktop\ProcessMonitorPortable\ProcessMonitorPortable.exe,,,CHILD\Administrator,,,,,,,,,,C:\Users\ADMINI~1\AppData\Local\Temp\nsl41A7.tmp\registry.dll,2026-06-23 9:43:08,,,,,,,,,,,,,,,,,,,,,,,,,,,,,,,,,,,,,,,DLL,C.4f04b5de911bf0cd,C.4f04b5de911bf0cd
1.78221E+12,,,,,,,,,,,2026-06-23 9:43:09, {f4ba3e13-5529-6a3a-bf00-000000002600},5484,C:\Users\Administrator\Desktop\ProcessMonitorPortable\ProcessMonitorPortable.exe,,,CHILD\Administrator,,,,,,,,,,C:\Users\ADMINI~1\AppData\Local\Temp\nsl41A7.tmp\AccessControl.dll,2026-06-23 9:43:09,,,,,,,,,,,,,,,,,,,,,,,,,,,,,,,,,,,,,,,DLL,C.4f04b5de911bf0cd,C.4f04b5de911bf0cd
1.78221E+12,,,,,,,,,,,2026-06-23 9:43:09, {f4ba3e13-5529-6a3a-bf00-000000002600},5484,C:\Users\Administrator\Desktop\ProcessMonitorPortable\ProcessMonitorPortable.exe,,,CHILD\Administrator,,,,,,,,,,,,,,,,,,,,,,,,,,,,,,,,,,,,,,,,,,,,,,,,,,-,C.4f04b5de911bf0cd,C.4f04b5de911bf0cd
1.78221E+12,,,,,,,,,,,2026-06-23 9:43:11, {f4ba3e13-508d-6a3a-1100-000000002600},372,C:\Windows\System32\svchost.exe,,,NT AUTHORITY\SYSTEM,,,,,,,,,,,,SetValue,HKU\S-1-5-21-1708988400-3611681687-2257486301-500\SOFTWARE\Microsoft\Windows NT\CurrentVersion\AppCompatFlags\Compatibility Assistant\Store\C:\Users\Administrator\Desktop\ProcessMonitorPortable\ProcessMonitorPortable.exe,Binary Data,,,,,,,,,,,,,,,,,,,,,,,,,,,,,,,,,,,,InvDB,C.4f04b5de911bf0cd,C.4f04b5de911bf0cd
1.78221E+12,,,,,,,,,,,2026-06-23 9:43:12, {f4ba3e13-552f-6a3a-c000-000000002600},4732,C:\Users\Administrator\Desktop\ProcessMonitorPortable\ProcessMonitorPortable.exe,"""C:\Users\Administrator\Desktop\ProcessMonitorPortable\ProcessMonitorPortable.exe"" ",C:\Users\Administrator\Desktop\ProcessMonitorPortable\,CHILD\Administrator,"MD5=C318D15F81AD95F50A0DF8189D6BD699,SHA256=DBD1534FF105BFE58E162D46AD78A39DB2A8661AB238420FF740E82B1D80BEB1,IMPHASH=32F3282581436269B3A75B6675FE3E08", {f4ba3e13-5339-6a3a-7400-000000002600},2900,C:\Windows\explorer.exe,C:\Windows\Explorer.EXE /NOUACCHECK,High,0x51609, {f4ba3e13-5335-6a3a-0916-050000000000},1,,,,,,,,,,,,,,,,,,,,,,,PortableApps.com,Process Monitor Portable,Process Monitor Portable (PortableApps.com Launcher),2.2.9.0,ProcessMonitorPortable.exe,,,,,,,,,,,,,,-,C.4f04b5de911bf0cd,C.4f04b5de911bf0cd
1.78221E+12,,,,,,,,,,,2026-06-23 9:43:12, {f4ba3e13-552f-6a3a-c000-000000002600},4732,C:\Users\Administrator\Desktop\ProcessMonitorPortable\ProcessMonitorPortable.exe,,,CHILD\Administrator,,,,,,,,,,C:\Users\ADMINI~1\AppData\Local\Temp\nsk58E8.tmp\System.dll,2026-06-23 9:43:12,,,,,,,,,,,,,,,,,,,,,,,,,,,,,,,,,,,,,,,DLL,C.4f04b5de911bf0cd,C.4f04b5de911bf0cd
1.78221E+12,,,,,,,,,,,2026-06-23 9:43:12, {f4ba3e13-552f-6a3a-c000-000000002600},4732,C:\Users\Administrator\Desktop\ProcessMonitorPortable\ProcessMonitorPortable.exe,,,CHILD\Administrator,,,,,,,,,,C:\Users\ADMINI~1\AppData\Local\Temp\nsk58E8.tmp\registry.dll,2026-06-23 9:43:12,,,,,,,,,,,,,,,,,,,,,,,,,,,,,,,,,,,,,,,DLL,C.4f04b5de911bf0cd,C.4f04b5de911bf0cd
1.78221E+12,,,,,,,,,,,2026-06-23 9:43:12, {f4ba3e13-552f-6a3a-c000-000000002600},4732,C:\Users\Administrator\Desktop\ProcessMonitorPortable\ProcessMonitorPortable.exe,,,CHILD\Administrator,,,,,,,,,,,,SetValue,HKU\S-1-5-21-1708988400-3611681687-2257486301-500\SOFTWARE\Sysinternals\Process Monitor\EulaAccepted,DWORD (0x00000001),,,,,,,,,,,,,,,,,,,,,,,,,,,,,,,,,,,,"Alert,Sysinternals Tool Used",C.4f04b5de911bf0cd,C.4f04b5de911bf0cd
1.78221E+12,,,,,,,,,,,2026-06-23 9:43:12, {f4ba3e13-552f-6a3a-c100-000000002600},5096,C:\Users\Administrator\Desktop\ProcessMonitorPortable\App\ProcessMonitor\Procmon64.exe,"""C:\Users\Administrator\Desktop\ProcessMonitorPortable\App\ProcessMonitor\Procmon64.exe""",C:\Users\Administrator\Desktop\ProcessMonitorPortable\App\ProcessMonitor\,CHILD\Administrator,"MD5=FB3AB4DD4CB6390D94A0057A052C7A60,SHA256=5F7E5098C1128A066921CC67467ABE4DBFA55726DF492E28ACF1F67B46804433,IMPHASH=A9AD4DB323600C6F33B9446AC8F2013A", {f4ba3e13-552f-6a3a-c000-000000002600},4732,C:\Users\Administrator\Desktop\ProcessMonitorPortable\ProcessMonitorPortable.exe,"""C:\Users\Administrator\Desktop\ProcessMonitorPortable\ProcessMonitorPortable.exe"" ",High,0x51609, {f4ba3e13-5335-6a3a-0916-050000000000},1,,,,,,,,,,,,,,,,,,,,,,,Sysinternals - www.sysinternals.com,Sysinternals Procmon,Process Monitor,4.02,Process Monitor,,,,,,,,,,,,,,-,C.4f04b5de911bf0cd,C.4f04b5de911bf0cd
1.78221E+12,,,,,,,,,,,2026-06-23 9:43:12, {f4ba3e13-552f-6a3a-c100-000000002600},5096,C:\Users\Administrator\Desktop\ProcessMonitorPortable\App\ProcessMonitor\Procmon64.exe,,,CHILD\Administrator,,,,,,,,,,,,SetValue,HKU\S-1-5-21-1708988400-3611681687-2257486301-500\SOFTWARE\Sysinternals\Process Monitor\EulaAccepted,DWORD (0x00000001),,,,,,,,,,,,,,,,,,,,,,,,,,,,,,,,,,,,"Alert,Sysinternals Tool Used",C.4f04b5de911bf0cd,C.4f04b5de911bf0cd
1.78221E+12,,,,,,,,,,,2026-06-23 9:43:12, {f4ba3e13-552f-6a3a-c100-000000002600},5096,C:\Users\Administrator\Desktop\ProcessMonitorPortable\App\ProcessMonitor\Procmon64.exe,,,CHILD\Administrator,,,,,,,,,,,,SetValue,HKU\S-1-5-21-1708988400-3611681687-2257486301-500_Classes\ProcMon.Logfile.1\shell\open\command\(Default),"""C:\Users\Administrator\Desktop\ProcessMonitorPortable\App\ProcessMonitor\Procmon64.exe"" /OpenLog ""%%1""",,,,,,,,,,,,,,,,,,,,,,,,,,,,,,,,,,,,T1042,C.4f04b5de911bf0cd,C.4f04b5de911bf0cd
1.78221E+12,,,,,,,,,,,2026-06-23 9:43:41, {f4ba3e13-552f-6a3a-c100-000000002600},5096,C:\Users\Administrator\Desktop\ProcessMonitorPortable\App\ProcessMonitor\Procmon64.exe,,,CHILD\Administrator,,,,,,,,,,C:\Windows\System32\drivers\PROCMON24.SYS,2026-06-23 9:43:41,,,,,,,,,,,,,,,,,,,,,,,,,,,,,,,,,,,,,,,-,C.4f04b5de911bf0cd,C.4f04b5de911bf0cd
1.78221E+12,,,,,,,,,,,2026-06-23 9:43:41, {f4ba3e13-552f-6a3a-c100-000000002600},5096,C:\Users\Administrator\Desktop\ProcessMonitorPortable\App\ProcessMonitor\Procmon64.exe,,,CHILD\Administrator,,,,,,,,,,,,SetValue,HKLM\System\CurrentControlSet\Services\PROCMON24\Start,DWORD (0x00000003),,,,,,,,,,,,,,,,,,,,,,,,,,,,,,,,,,,,"T1031,T1050",C.4f04b5de911bf0cd,C.4f04b5de911bf0cd
1.78221E+12,,,,,,,,,,,2026-06-23 9:43:41, {f4ba3e13-552f-6a3a-c100-000000002600},5096,C:\Users\Administrator\Desktop\ProcessMonitorPortable\App\ProcessMonitor\Procmon64.exe,,,CHILD\Administrator,,,,,,,,,,,,SetValue,HKLM\System\CurrentControlSet\Services\PROCMON24\ImagePath,\??\C:\Windows\system32\Drivers\PROCMON24.SYS,,,,,,,,,,,,,,,,,,,,,,,,,,,,,,,,,,,,"T1031,T1050",C.4f04b5de911bf0cd,C.4f04b5de911bf0cd
1.78221E+12,,,,,,,,,,,2026-06-23 9:43:41, {f4ba3e13-552f-6a3a-c100-000000002600},5096,C:\Users\Administrator\Desktop\ProcessMonitorPortable\App\ProcessMonitor\Procmon64.exe,,,CHILD\Administrator,,,,,,,,,,,,DeleteValue,HKLM\System\CurrentControlSet\Services\PROCMON24\Start,,,,,,,,,,,,,,,,,,,,,,,,,,,,,,,,,,,,,"T1031,T1050",C.4f04b5de911bf0cd,C.4f04b5de911bf0cd
1.78221E+12,,,,,,,,,,,2026-06-23 9:43:41, {f4ba3e13-552f-6a3a-c100-000000002600},5096,C:\Users\Administrator\Desktop\ProcessMonitorPortable\App\ProcessMonitor\Procmon64.exe,,,CHILD\Administrator,,,,,,,,,,,,DeleteValue,HKLM\System\CurrentControlSet\Services\PROCMON24\ImagePath,,,,,,,,,,,,,,,,,,,,,,,,,,,,,,,,,,,,,"T1031,T1050",C.4f04b5de911bf0cd,C.4f04b5de911bf0cd
1.78221E+12,,,,,,,,,,,2026-06-23 9:43:57, {f4ba3e13-555c-6a3a-c300-000000002600},5336,C:\Users\Administrator\Desktop\5c40b6c237da3b27e96a16f12ecdd659371a438b1fc2f1d998bf131858f4908a.exe,"""C:\Users\Administrator\Desktop\5c40b6c237da3b27e96a16f12ecdd659371a438b1fc2f1d998bf131858f4908a.exe"" ",C:\Users\Administrator\Desktop\,CHILD\Administrator,"MD5=738B5B52FA41909099B9697356C08E0D,SHA256=5C40B6C237DA3B27E96A16F12ECDD659371A438B1FC2F1D998BF131858F4908A,IMPHASH=FCF1390E9CE472C7270447FC5C61A0C1", {f4ba3e13-5339-6a3a-7400-000000002600},2900,C:\Windows\explorer.exe,C:\Windows\Explorer.EXE /NOUACCHECK,High,0x51609, {f4ba3e13-5335-6a3a-0916-050000000000},1,,,,,,,,,,,,,,,,,,,,,,,-,-,-,-,-,,,,,,,,,,,,,,-,C.4f04b5de911bf0cd,C.4f04b5de911bf0cd
1.78221E+12,,,,,,,,,,,2026-06-23 9:43:57, {f4ba3e13-508d-6a3a-1100-000000002600},372,C:\Windows\System32\svchost.exe,,,NT AUTHORITY\SYSTEM,,,,,,,,,,,,SetValue,HKU\S-1-5-21-1708988400-3611681687-2257486301-500\SOFTWARE\Microsoft\Windows NT\CurrentVersion\AppCompatFlags\Compatibility Assistant\Store\C:\Users\Administrator\Desktop\5c40b6c237da3b27e96a16f12ecdd659371a438b1fc2f1d998bf131858f4908a.exe,Binary Data,,,,,,,,,,,,,,,,,,,,,,,,,,,,,,,,,,,,InvDB,C.4f04b5de911bf0cd,C.4f04b5de911bf0cd
1.78221E+12,,,,,,,,,,,2026-06-23 9:43:57, {f4ba3e13-555c-6a3a-c300-000000002600},5336,C:\Users\Administrator\Desktop\5c40b6c237da3b27e96a16f12ecdd659371a438b1fc2f1d998bf131858f4908a.exe,,,CHILD\Administrator,,,,,,,,,,C:\Users\Administrator\Desktop\D.BAT,2026-06-23 9:43:57,,,,,,,,,,,,,,,,,,,,,,,,,,,,,,,,,,,,,,,-,C.4f04b5de911bf0cd,C.4f04b5de911bf0cd
1.78221E+12,,,,,,,,,,,2026-06-23 9:43:57, {f4ba3e13-555c-6a3a-c300-000000002600},5336,C:\Users\Administrator\Desktop\5c40b6c237da3b27e96a16f12ecdd659371a438b1fc2f1d998bf131858f4908a.exe,,,CHILD\Administrator,,,,,,,,,,C:\Users\Administrator\Desktop\Documento_digital.scr,2026-06-23 9:43:57,,,,,,,,,,,,,,,,,,,,,,,,,,,,,,,,,,,,,,,-,C.4f04b5de911bf0cd,C.4f04b5de911bf0cd
1.78221E+12,,,,,,,,,,,2026-06-23 9:43:59, {f4ba3e13-555e-6a3a-c400-000000002600},4932,C:\Windows\SysWOW64\cmd.exe,"C:\Windows\system32\cmd.exe /c """"C:\Users\Administrator\Desktop\D.BAT"" """,C:\Users\Administrator\Desktop\,CHILD\Administrator,"MD5=0FEC5F30E705EADAEA5E9144F2FB12DC,SHA256=614CA7B627533E22AA3E5C3594605DC6FE6F000B0CC2B845ECE47CA60673EC7F,IMPHASH=B20DE9D5F257E3C5BDD2834F89FC042A", {f4ba3e13-555c-6a3a-c300-000000002600},5336,C:\Users\Administrator\Desktop\5c40b6c237da3b27e96a16f12ecdd659371a438b1fc2f1d998bf131858f4908a.exe,"""C:\Users\Administrator\Desktop\5c40b6c237da3b27e96a16f12ecdd659371a438b1fc2f1d998bf131858f4908a.exe"" ",High,0x51609, {f4ba3e13-5335-6a3a-0916-050000000000},1,,,,,,,,,,,,,,,,,,,,,,,Microsoft Corporation,Microsoft® Windows® Operating System,Windows Command Processor,10.0.14393.0 (rs1_release.160715-1616),Cmd.Exe,,,,,,,,,,,,,,-,C.4f04b5de911bf0cd,C.4f04b5de911bf0cd
1.78221E+12,,,,,,,,,,,2026-06-23 9:43:59, {f4ba3e13-555c-6a3a-c300-000000002600},5336,C:\Users\Administrator\Desktop\5c40b6c237da3b27e96a16f12ecdd659371a438b1fc2f1d998bf131858f4908a.exe,,,CHILD\Administrator,,,,,,,,,,,,,,,,,,,,,,,,,,,,,,,,,,,,,,,,,,,,,,,,,,-,C.4f04b5de911bf0cd,C.4f04b5de911bf0cd
1.78221E+12,,,,,,,,,,,2026-06-23 9:43:59, {f4ba3e13-555e-6a3a-c600-000000002600},5784,C:\Users\Administrator\Desktop\Documento_digital.scr,Documento_digital.scr  -P2023 -d,C:\Users\Administrator\Desktop\,CHILD\Administrator,"MD5=888559F4F932A5ABE1543B29CDE8A4D7,SHA256=FEAEE8212BB5E39D7A598AAFAD88A53827590D308B16B021DB228AED4EAAD0E7,IMPHASH=FCF1390E9CE472C7270447FC5C61A0C1", {f4ba3e13-555e-6a3a-c400-000000002600},4932,C:\Windows\SysWOW64\cmd.exe,"C:\Windows\system32\cmd.exe /c """"C:\Users\Administrator\Desktop\D.BAT"" """,High,0x51609, {f4ba3e13-5335-6a3a-0916-050000000000},1,,,,,,,,,,,,,,,,,,,,,,,-,-,-,-,-,,,,,,,,,,,,,,-,C.4f04b5de911bf0cd,C.4f04b5de911bf0cd
1.78221E+12,,,,,,,,,,,2026-06-23 9:43:59, {f4ba3e13-555e-6a3a-c600-000000002600},5784,C:\Users\Administrator\Desktop\Documento_digital.scr,,,CHILD\Administrator,,,,,,,,,,C:\Users\Administrator\Desktop\Documento_digital-pdf.exe,2026-06-23 9:43:59,,,,,,,,,,,,,,,,,,,,,,,,,,,,,,,,,,,,,,,EXE,C.4f04b5de911bf0cd,C.4f04b5de911bf0cd
1.78221E+12,,,,,,,,,,,2026-06-23 9:44:00, {f4ba3e13-5560-6a3a-c700-000000002600},5744,C:\Users\Administrator\Desktop\Documento_digital-pdf.exe,"""C:\Users\Administrator\Desktop\Documento_digital-pdf.exe"" ",C:\Users\Administrator\Desktop\,CHILD\Administrator,"MD5=BE838D4E020B6DEF1D208E30DBC93D73,SHA256=C1FDFED5942BBCBEA68F5207A6057C360FF2BBE5A93349C212728C47B1A46B29,IMPHASH=FCF1390E9CE472C7270447FC5C61A0C1", {f4ba3e13-555e-6a3a-c600-000000002600},5784,C:\Users\Administrator\Desktop\Documento_digital.scr,Documento_digital.scr  -P2023 -d,High,0x51609, {f4ba3e13-5335-6a3a-0916-050000000000},1,,,,,,,,,,,,,,,,,,,,,,,-,-,-,-,-,,,,,,,,,,,,,,-,C.4f04b5de911bf0cd,C.4f04b5de911bf0cd
1.78221E+12,,,,,,,,,,,2026-06-23 9:44:00, {f4ba3e13-555e-6a3a-c600-000000002600},5784,C:\Users\Administrator\Desktop\Documento_digital.scr,,,CHILD\Administrator,,,,,,,,,,,,,,,,,,,,,,,,,,,,,,,,,,,,,,,,,,,,,,,,,,-,C.4f04b5de911bf0cd,C.4f04b5de911bf0cd
1.78221E+12,,,,,,,,,,,2026-06-23 9:44:00, {f4ba3e13-5560-6a3a-c700-000000002600},5744,C:\Users\Administrator\Desktop\Documento_digital-pdf.exe,,,CHILD\Administrator,,,,,,,,,,C:\Users\ADMINI~1\AppData\Local\Temp\DOCUMENTO.scr,2026-06-23 9:44:00,,,,,,,,,,,,,,,,,,,,,,,,,,,,,,,,,,,,,,,-,C.4f04b5de911bf0cd,C.4f04b5de911bf0cd
1.78221E+12,,,,,,,,,,,2026-06-23 9:44:00, {f4ba3e13-5560-6a3a-c700-000000002600},5744,C:\Users\Administrator\Desktop\Documento_digital-pdf.exe,,,CHILD\Administrator,,,,,,,,,,C:\Users\ADMINI~1\AppData\Local\Temp\Documento_digital---pdf.scr,2026-06-23 9:44:00,,,,,,,,,,,,,,,,,,,,,,,,,,,,,,,,,,,,,,,-,C.4f04b5de911bf0cd,C.4f04b5de911bf0cd
1.78221E+12,,,,,,,,,,,2026-06-23 9:44:00, {f4ba3e13-5560-6a3a-c700-000000002600},5744,C:\Users\Administrator\Desktop\Documento_digital-pdf.exe,,,CHILD\Administrator,,,,,,,,,,C:\Users\ADMINI~1\AppData\Local\Temp\Documento_digital--pdf.scr,2026-06-23 9:44:00,,,,,,,,,,,,,,,,,,,,,,,,,,,,,,,,,,,,,,,-,C.4f04b5de911bf0cd,C.4f04b5de911bf0cd
1.78221E+12,,,,,,,,,,,2026-06-23 9:44:00, {f4ba3e13-5560-6a3a-c700-000000002600},5744,C:\Users\Administrator\Desktop\Documento_digital-pdf.exe,,,CHILD\Administrator,,,,,,,,,,C:\Users\ADMINI~1\AppData\Local\Temp\Documento_digital-pdf.scr,2026-06-23 9:44:00,,,,,,,,,,,,,,,,,,,,,,,,,,,,,,,,,,,,,,,-,C.4f04b5de911bf0cd,C.4f04b5de911bf0cd
1.78221E+12,,,,,,,,,,,2026-06-23 9:44:01, {f4ba3e13-5560-6a3a-c800-000000002600},5212,C:\Users\ADMINI~1\AppData\Local\Temp\DOCUMENTO.scr,"""C:\Users\ADMINI~1\AppData\Local\Temp\DOCUMENTO.scr"" /S",C:\Users\ADMINI~1\AppData\Local\Temp\,CHILD\Administrator,"MD5=BA41B5441869EA118702E29DCF9C00B1,SHA256=6E14ECA69FD01513AC566D56C07B2BF9179B2F3486F668DC8CD5CDDF6008FB0C,IMPHASH=F34D5F2D4577ED6D9CEEC516C1F5A744", {f4ba3e13-5560-6a3a-c700-000000002600},5744,C:\Users\Administrator\Desktop\Documento_digital-pdf.exe,"""C:\Users\Administrator\Desktop\Documento_digital-pdf.exe"" ",High,0x51609, {f4ba3e13-5335-6a3a-0916-050000000000},1,,,,,,,,,,,,,,,,,,,,,,,-,curr,curr,1.0.0.0,curr.exe,,,,,,,,,,,,,,-,C.4f04b5de911bf0cd,C.4f04b5de911bf0cd
1.78221E+12,,,,,,,,,,,2026-06-23 9:44:01, {f4ba3e13-5560-6a3a-c900-000000002600},4916,C:\Users\ADMINI~1\AppData\Local\Temp\Documento_digital-pdf.scr,"""C:\Users\ADMINI~1\AppData\Local\Temp\Documento_digital-pdf.scr"" /S",C:\Users\ADMINI~1\AppData\Local\Temp\,CHILD\Administrator,"MD5=4F06DBE1AC34D12D476C67EE322F5CAA,SHA256=6769B31FB910EDBAB89A6FFF40B1FFA2D7ED1183CB30D9391B0DCDD152361C8A,IMPHASH=F34D5F2D4577ED6D9CEEC516C1F5A744", {f4ba3e13-5560-6a3a-c700-000000002600},5744,C:\Users\Administrator\Desktop\Documento_digital-pdf.exe,"""C:\Users\Administrator\Desktop\Documento_digital-pdf.exe"" ",High,0x51609, {f4ba3e13-5335-6a3a-0916-050000000000},1,,,,,,,,,,,,,,,,,,,,,,,-,curr,curr,1.0.0.0,curr.exe,,,,,,,,,,,,,,-,C.4f04b5de911bf0cd,C.4f04b5de911bf0cd
1.78221E+12,,,,,,,,,,,2026-06-23 9:44:01, {f4ba3e13-5560-6a3a-ca00-000000002600},3932,C:\Users\ADMINI~1\AppData\Local\Temp\Documento_digital--pdf.scr,"""C:\Users\ADMINI~1\AppData\Local\Temp\Documento_digital--pdf.scr"" /S",C:\Users\ADMINI~1\AppData\Local\Temp\,CHILD\Administrator,"MD5=0217BDB0F6B32CE66DCDC5F7600F90B7,SHA256=EE479D0FB2DDF01357045FD9B133591DFBD5F1305E1B5B62822EAACBEA5DA309,IMPHASH=F34D5F2D4577ED6D9CEEC516C1F5A744", {f4ba3e13-5560-6a3a-c700-000000002600},5744,C:\Users\Administrator\Desktop\Documento_digital-pdf.exe,"""C:\Users\Administrator\Desktop\Documento_digital-pdf.exe"" ",High,0x51609, {f4ba3e13-5335-6a3a-0916-050000000000},1,,,,,,,,,,,,,,,,,,,,,,,-,curr,curr,1.0.0.0,curr.exe,,,,,,,,,,,,,,-,C.4f04b5de911bf0cd,C.4f04b5de911bf0cd
1.78221E+12,,,,,,,,,,,2026-06-23 9:44:01, {f4ba3e13-5560-6a3a-cb00-000000002600},5828,C:\Users\ADMINI~1\AppData\Local\Temp\Documento_digital---pdf.scr,"""C:\Users\ADMINI~1\AppData\Local\Temp\Documento_digital---pdf.scr"" /S",C:\Users\ADMINI~1\AppData\Local\Temp\,CHILD\Administrator,"MD5=EF81B9F49216F3FA4AFEA35F82509DDB,SHA256=4892BE8C2980DBCB854E5454C100859BF6D2979ECBF4094AB8AFC29FB7AC4E93,IMPHASH=C6E51DDA1622035B42B177C9AFE67C30", {f4ba3e13-5560-6a3a-c700-000000002600},5744,C:\Users\Administrator\Desktop\Documento_digital-pdf.exe,"""C:\Users\Administrator\Desktop\Documento_digital-pdf.exe"" ",High,0x51609, {f4ba3e13-5335-6a3a-0916-050000000000},1,,,,,,,,,,,,,,,,,,,,,,,-,-,-,-,-,,,,,,,,,,,,,,-,C.4f04b5de911bf0cd,C.4f04b5de911bf0cd
1.78221E+12,,,,,,,,,,,2026-06-23 9:44:01, {f4ba3e13-5560-6a3a-c700-000000002600},5744,C:\Users\Administrator\Desktop\Documento_digital-pdf.exe,,,CHILD\Administrator,,,,,,,,,,,,,,,,,,,,,,,,,,,,,,,,,,,,,,,,,,,,,,,,,,-,C.4f04b5de911bf0cd,C.4f04b5de911bf0cd
1.78221E+12,,,,,,,,,,,2026-06-23 9:44:01, {f4ba3e13-508d-6a3a-1100-000000002600},372,C:\Windows\System32\svchost.exe,,,NT AUTHORITY\SYSTEM,,,,,,,,,,,,SetValue,HKU\S-1-5-21-1708988400-3611681687-2257486301-500\SOFTWARE\Microsoft\Windows NT\CurrentVersion\AppCompatFlags\Compatibility Assistant\Store\C:\Users\Administrator\Desktop\5c40b6c237da3b27e96a16f12ecdd659371a438b1fc2f1d998bf131858f4908a.exe,Binary Data,,,,,,,,,,,,,,,,,,,,,,,,,,,,,,,,,,,,InvDB,C.4f04b5de911bf0cd,C.4f04b5de911bf0cd
1.78221E+12,,,,,,,,,,,2026-06-23 9:44:07, {f4ba3e13-5567-6a3a-cd00-000000002600},5872,C:\Windows\SysWOW64\WindowsPowerShell\v1.0\powershell.exe,"""Powershell.exe"" -ExecutionPolicy Bypass -command Copy-Item 'C:\Users\ADMINI~1\AppData\Local\Temp\Documento_digital--pdf.scr' 'C:\Users\Administrator\AppData\Roaming\Microsoft\Windows\Start Menu\Programs\Startup\anydeskREM.exe'",C:\Users\Administrator\AppData\Local\Temp\,CHILD\Administrator,"MD5=65D86C34814C02569E2AD53FD24E7F61,SHA256=8133502266008B77DE7921451E1210B0EF3F0ED2DB7D8D3EE0C3350D856FA6FA,IMPHASH=5E0145CEF36FA9BFBA7DE33AA683B8ED", {f4ba3e13-5560-6a3a-ca00-000000002600},3932,C:\Users\ADMINI~1\AppData\Local\Temp\Documento_digital--pdf.scr,"""C:\Users\ADMINI~1\AppData\Local\Temp\Documento_digital--pdf.scr"" /S",High,0x51609, {f4ba3e13-5335-6a3a-0916-050000000000},1,,,,,,,,,,,,,,,,,,,,,,,Microsoft Corporation,Microsoft® Windows® Operating System,Windows PowerShell,10.0.14393.206 (rs1_release.160915-0644),PowerShell.EXE,,,,,,,,,,,,,,-,C.4f04b5de911bf0cd,C.4f04b5de911bf0cd
1.78221E+12,,,,,,,,,,,2026-06-23 9:44:07, {f4ba3e13-5567-6a3a-cc00-000000002600},5848,C:\Windows\SysWOW64\WindowsPowerShell\v1.0\powershell.exe,"""Powershell.exe"" -ExecutionPolicy Bypass -command Copy-Item 'C:\Users\ADMINI~1\AppData\Local\Temp\DOCUMENTO.scr' 'C:\Users\Administrator\AppData\Roaming\Microsoft\Windows\Start Menu\Programs\Startup\anydeskREM.exe'",C:\Users\Administrator\AppData\Local\Temp\,CHILD\Administrator,"MD5=65D86C34814C02569E2AD53FD24E7F61,SHA256=8133502266008B77DE7921451E1210B0EF3F0ED2DB7D8D3EE0C3350D856FA6FA,IMPHASH=5E0145CEF36FA9BFBA7DE33AA683B8ED", {f4ba3e13-5560-6a3a-c800-000000002600},5212,C:\Users\ADMINI~1\AppData\Local\Temp\DOCUMENTO.scr,"""C:\Users\ADMINI~1\AppData\Local\Temp\DOCUMENTO.scr"" /S",High,0x51609, {f4ba3e13-5335-6a3a-0916-050000000000},1,,,,,,,,,,,,,,,,,,,,,,,Microsoft Corporation,Microsoft® Windows® Operating System,Windows PowerShell,10.0.14393.206 (rs1_release.160915-0644),PowerShell.EXE,,,,,,,,,,,,,,-,C.4f04b5de911bf0cd,C.4f04b5de911bf0cd
1.78221E+12,,,,,,,,,,,2026-06-23 9:44:07, {f4ba3e13-5567-6a3a-ce00-000000002600},5852,C:\Windows\SysWOW64\WindowsPowerShell\v1.0\powershell.exe,"""Powershell.exe"" -ExecutionPolicy Bypass -command Copy-Item 'C:\Users\ADMINI~1\AppData\Local\Temp\Documento_digital-pdf.scr' 'C:\Users\Administrator\AppData\Roaming\Microsoft\Windows\Start Menu\Programs\Startup\anydeskREM.exe'",C:\Users\Administrator\AppData\Local\Temp\,CHILD\Administrator,"MD5=65D86C34814C02569E2AD53FD24E7F61,SHA256=8133502266008B77DE7921451E1210B0EF3F0ED2DB7D8D3EE0C3350D856FA6FA,IMPHASH=5E0145CEF36FA9BFBA7DE33AA683B8ED", {f4ba3e13-5560-6a3a-c900-000000002600},4916,C:\Users\ADMINI~1\AppData\Local\Temp\Documento_digital-pdf.scr,"""C:\Users\ADMINI~1\AppData\Local\Temp\Documento_digital-pdf.scr"" /S",High,0x51609, {f4ba3e13-5335-6a3a-0916-050000000000},1,,,,,,,,,,,,,,,,,,,,,,,Microsoft Corporation,Microsoft® Windows® Operating System,Windows PowerShell,10.0.14393.206 (rs1_release.160915-0644),PowerShell.EXE,,,,,,,,,,,,,,-,C.4f04b5de911bf0cd,C.4f04b5de911bf0cd
1.78221E+12,,,,,,,,,,,2026-06-23 9:44:08, {f4ba3e13-5567-6a3a-d200-000000002600},4880,C:\Program Files\Windows Defender\MpCmdRun.exe,"""C:\Program Files\Windows Defender\\MpCmdRun.exe"" GetDeviceTicket -AccessKey 96C5A660-B450-7975-38AA-B0730C1A3683 ",C:\Windows\system32\,NT AUTHORITY\NETWORK SERVICE,"MD5=C37ADF3801F599EDF3180354BBAB2560,SHA256=1C90A322F55D574EF703B9CB0ADFB379CEFA33A2B5D72F04A6E9AAA2F209F6B5,IMPHASH=5F980D25420E31451E189C1082EF5045", {f4ba3e13-50a9-6a3a-2c00-000000002600},2436,C:\Program Files\Windows Defender\MsMpEng.exe,"""C:\Program Files\Windows Defender\MsMpEng.exe""",System,0x3E4, {f4ba3e13-508c-6a3a-e403-000000000000},0,,,,,,,,,,,,,,,,,,,,,,,Microsoft Corporation,Microsoft® Windows® Operating System,Microsoft Malware Protection Command Line Utility,4.10.14393.0 (rs1_release.160715-1616),MpCmdRun.exe,,,,,,,,,,,,,,-,C.4f04b5de911bf0cd,C.4f04b5de911bf0cd
1.78221E+12,,,,,,,,,,,2026-06-23 9:44:08, {f4ba3e13-5568-6a3a-d300-000000002600},5948,C:\Users\ADMINI~1\AppData\Local\Temp\Documento_digital--pdf.scr,"""C:\Users\ADMINI~1\AppData\Local\Temp\Documento_digital--pdf.scr""",C:\Users\ADMINI~1\AppData\Local\Temp\,CHILD\Administrator,"MD5=0217BDB0F6B32CE66DCDC5F7600F90B7,SHA256=EE479D0FB2DDF01357045FD9B133591DFBD5F1305E1B5B62822EAACBEA5DA309,IMPHASH=F34D5F2D4577ED6D9CEEC516C1F5A744", {f4ba3e13-5560-6a3a-ca00-000000002600},3932,C:\Users\ADMINI~1\AppData\Local\Temp\Documento_digital--pdf.scr,"""C:\Users\ADMINI~1\AppData\Local\Temp\Documento_digital--pdf.scr"" /S",High,0x51609, {f4ba3e13-5335-6a3a-0916-050000000000},1,,,,,,,,,,,,,,,,,,,,,,,-,curr,curr,1.0.0.0,curr.exe,,,,,,,,,,,,,,-,C.4f04b5de911bf0cd,C.4f04b5de911bf0cd
1.78221E+12,,,,,,,,,,,2026-06-23 9:44:08, {f4ba3e13-5568-6a3a-d400-000000002600},5932,C:\Windows\Microsoft.NET\Framework\v4.0.30319\InstallUtil.exe,"""C:\Windows\Microsoft.NET\Framework\v4.0.30319\InstallUtil.exe""",C:\Users\ADMINI~1\AppData\Local\Temp\,CHILD\Administrator,"MD5=1177BBF7BD66C6BBA5DEC2321B911EA2,SHA256=4CDB61DB32FBDE586986927A9092B8306EE6F271FAB4A1379275297B20029AE0,IMPHASH=F34D5F2D4577ED6D9CEEC516C1F5A744", {f4ba3e13-5560-6a3a-c800-000000002600},5212,C:\Users\ADMINI~1\AppData\Local\Temp\DOCUMENTO.scr,"""C:\Users\ADMINI~1\AppData\Local\Temp\DOCUMENTO.scr"" /S",High,0x51609, {f4ba3e13-5335-6a3a-0916-050000000000},1,,,,,,,,,,,,,,,,,,,,,,,Microsoft Corporation,Microsoft® .NET Framework,.NET Framework installation utility,4.6.1586.0 built by: NETFXREL2,InstallUtil.exe,,,,,,,,,,,,,,-,C.4f04b5de911bf0cd,C.4f04b5de911bf0cd
1.78221E+12,,,,,,,,,,,2026-06-23 9:44:08, {f4ba3e13-5568-6a3a-d500-000000002600},5920,C:\Windows\Microsoft.NET\Framework\v4.0.30319\MSBuild.exe,"""C:\Windows\Microsoft.NET\Framework\v4.0.30319\MSBuild.exe""",C:\Users\ADMINI~1\AppData\Local\Temp\,CHILD\Administrator,"MD5=88DE8FBBD91803EEF67064B39D702650,SHA256=E37036167936BC38B6A51DDEDC970FC0889C9D6F1AC98991B26F2BDA11514AAD,IMPHASH=F34D5F2D4577ED6D9CEEC516C1F5A744", {f4ba3e13-5560-6a3a-c900-000000002600},4916,C:\Users\ADMINI~1\AppData\Local\Temp\Documento_digital-pdf.scr,"""C:\Users\ADMINI~1\AppData\Local\Temp\Documento_digital-pdf.scr"" /S",High,0x51609, {f4ba3e13-5335-6a3a-0916-050000000000},1,,,,,,,,,,,,,,,,,,,,,,,Microsoft Corporation,Microsoft® .NET Framework,MSBuild.exe,4.6.1586.0 built by: NETFXREL2,MSBuild.exe,,,,,,,,,,,,,,-,C.4f04b5de911bf0cd,C.4f04b5de911bf0cd
1.78221E+12,,,,,,,,,,,2026-06-23 9:44:09, {f4ba3e13-5568-6a3a-d300-000000002600},5948,C:\Users\ADMINI~1\AppData\Local\Temp\Documento_digital--pdf.scr,,,CHILD\Administrator,,,,,,,,,,,,,,,,,,,,,,,,,,,,,,,,,,,,,,,,,,,,,,,,,,-,C.4f04b5de911bf0cd,C.4f04b5de911bf0cd
1.78221E+12,,,,,,,,,,,2026-06-23 9:44:09, {f4ba3e13-5568-6a3a-d600-000000002600},460,C:\Users\ADMINI~1\AppData\Local\Temp\Documento_digital--pdf.scr,"""C:\Users\ADMINI~1\AppData\Local\Temp\Documento_digital--pdf.scr""",C:\Users\ADMINI~1\AppData\Local\Temp\,CHILD\Administrator,"MD5=0217BDB0F6B32CE66DCDC5F7600F90B7,SHA256=EE479D0FB2DDF01357045FD9B133591DFBD5F1305E1B5B62822EAACBEA5DA309,IMPHASH=F34D5F2D4577ED6D9CEEC516C1F5A744", {f4ba3e13-5560-6a3a-ca00-000000002600},3932,C:\Users\ADMINI~1\AppData\Local\Temp\Documento_digital--pdf.scr,"""C:\Users\ADMINI~1\AppData\Local\Temp\Documento_digital--pdf.scr"" /S",High,0x51609, {f4ba3e13-5335-6a3a-0916-050000000000},1,,,,,,,,,,,,,,,,,,,,,,,-,curr,curr,1.0.0.0,curr.exe,,,,,,,,,,,,,,-,C.4f04b5de911bf0cd,C.4f04b5de911bf0cd
1.78221E+12,,,,,,,,,,,2026-06-23 9:44:09, {f4ba3e13-5560-6a3a-c800-000000002600},5212,C:\Users\ADMINI~1\AppData\Local\Temp\DOCUMENTO.scr,,,CHILD\Administrator,,,,,,,,,,,,,,,,,,,,,,,,,,,,,,,,,,,,,,,,,,,,,,,,,,-,C.4f04b5de911bf0cd,C.4f04b5de911bf0cd
1.78221E+12,,,,,,,,,,,2026-06-23 9:44:09, {f4ba3e13-5560-6a3a-c900-000000002600},4916,C:\Users\ADMINI~1\AppData\Local\Temp\Documento_digital-pdf.scr,,,CHILD\Administrator,,,,,,,,,,,,,,,,,,,,,,,,,,,,,,,,,,,,,,,,,,,,,,,,,,-,C.4f04b5de911bf0cd,C.4f04b5de911bf0cd
1.78221E+12,,,,,,,,,,,2026-06-23 9:44:09, {f4ba3e13-5560-6a3a-ca00-000000002600},3932,C:\Users\ADMINI~1\AppData\Local\Temp\Documento_digital--pdf.scr,,,CHILD\Administrator,,,,,,,,,,,,,,,,,,,,,,,,,,,,,,,,,,,,,,,,,,,,,,,,,,-,C.4f04b5de911bf0cd,C.4f04b5de911bf0cd
1.78221E+12,,,,,,,,,,,2026-06-23 9:44:09, {f4ba3e13-5568-6a3a-d700-000000002600},4424,C:\Program Files\Windows Defender\MpCmdRun.exe,"""C:\Program Files\Windows Defender\\MpCmdRun.exe"" GetDeviceTicket -AccessKey 0A0CBEFA-2326-E936-09DC-4075A5353BA7 ",C:\Windows\system32\,NT AUTHORITY\NETWORK SERVICE,"MD5=C37ADF3801F599EDF3180354BBAB2560,SHA256=1C90A322F55D574EF703B9CB0ADFB379CEFA33A2B5D72F04A6E9AAA2F209F6B5,IMPHASH=5F980D25420E31451E189C1082EF5045", {f4ba3e13-50a9-6a3a-2c00-000000002600},2436,C:\Program Files\Windows Defender\MsMpEng.exe,"""C:\Program Files\Windows Defender\MsMpEng.exe""",System,0x3E4, {f4ba3e13-508c-6a3a-e403-000000000000},0,,,,,,,,,,,,,,,,,,,,,,,Microsoft Corporation,Microsoft® Windows® Operating System,Microsoft Malware Protection Command Line Utility,4.10.14393.0 (rs1_release.160715-1616),MpCmdRun.exe,,,,,,,,,,,,,,-,C.4f04b5de911bf0cd,C.4f04b5de911bf0cd
1.78221E+12,,,,,,,,,,,2026-06-23 9:44:09, {f4ba3e13-5567-6a3a-ce00-000000002600},5852,C:\Windows\SysWOW64\WindowsPowerShell\v1.0\Powershell.exe,,,CHILD\Administrator,,,,,,,,,,C:\Users\Administrator\AppData\Local\Temp\jfzmecsp.vts.ps1,2026-06-23 9:44:09,,,,,,,,,,,,,,,,,,,,,,,,,,,,,,,,,,,,,,,-,C.4f04b5de911bf0cd,C.4f04b5de911bf0cd
1.78221E+12,,,,,,,,,,,2026-06-23 9:44:09, {f4ba3e13-5567-6a3a-cc00-000000002600},5848,C:\Windows\SysWOW64\WindowsPowerShell\v1.0\Powershell.exe,,,CHILD\Administrator,,,,,,,,,,C:\Users\Administrator\AppData\Local\Temp\ypurchj3.jlh.ps1,2026-06-23 9:44:09,,,,,,,,,,,,,,,,,,,,,,,,,,,,,,,,,,,,,,,-,C.4f04b5de911bf0cd,C.4f04b5de911bf0cd
1.78221E+12,,,,,,,,,,,2026-06-23 9:44:09, {f4ba3e13-5567-6a3a-cd00-000000002600},5872,C:\Windows\SysWOW64\WindowsPowerShell\v1.0\Powershell.exe,,,CHILD\Administrator,,,,,,,,,,C:\Users\Administrator\AppData\Local\Temp\af3imcew.i50.ps1,2026-06-23 9:44:09,,,,,,,,,,,,,,,,,,,,,,,,,,,,,,,,,,,,,,,-,C.4f04b5de911bf0cd,C.4f04b5de911bf0cd
1.78221E+12,,,,,,,,,,,2026-06-23 9:44:09, {f4ba3e13-5568-6a3a-d600-000000002600},460,C:\Users\ADMINI~1\AppData\Local\Temp\Documento_digital--pdf.scr,,,CHILD\Administrator,,,,,,,,,,C:\Users\Administrator\AppData\Local\Temp\Rem\rems.exe,2026-06-23 9:44:09,,,,,,,,,,,,,,,,,,,,,,,,,,,,,,,,,,,,,,,EXE,C.4f04b5de911bf0cd,C.4f04b5de911bf0cd
1.78221E+12,,,,,,,,,,,2026-06-23 9:44:09, {f4ba3e13-5568-6a3a-d600-000000002600},460,C:\Users\ADMINI~1\AppData\Local\Temp\Documento_digital--pdf.scr,,,CHILD\Administrator,,,,,,,,,,,,SetValue,HKU\S-1-5-21-1708988400-3611681687-2257486301-500\SOFTWARE\Microsoft\Windows\CurrentVersion\Run\Remcos,"""C:\Users\Administrator\AppData\Local\Temp\Rem\rems.exe""",,,,,,,,,,,,,,,,,,,,,,,,,,,,,,,,,,,,"T1060,RunKey",C.4f04b5de911bf0cd,C.4f04b5de911bf0cd
1.78221E+12,,,,,,,,,,,2026-06-23 9:44:09, {f4ba3e13-5568-6a3a-d600-000000002600},460,C:\Users\ADMINI~1\AppData\Local\Temp\Documento_digital--pdf.scr,,,CHILD\Administrator,,,,,,,,,,,,SetValue,HKLM\SOFTWARE\WOW6432Node\Microsoft\Windows\CurrentVersion\Run\Remcos,"""C:\Users\Administrator\AppData\Local\Temp\Rem\rems.exe""",,,,,,,,,,,,,,,,,,,,,,,,,,,,,,,,,,,,"T1060,RunKey",C.4f04b5de911bf0cd,C.4f04b5de911bf0cd
1.78221E+12,,,,,,,,,,,2026-06-23 9:44:09, {f4ba3e13-5568-6a3a-d800-000000002600},2188,C:\Users\Administrator\AppData\Local\Temp\Rem\rems.exe,"""C:\Users\Administrator\AppData\Local\Temp\Rem\rems.exe"" ",C:\Users\ADMINI~1\AppData\Local\Temp\,CHILD\Administrator,"MD5=0217BDB0F6B32CE66DCDC5F7600F90B7,SHA256=EE479D0FB2DDF01357045FD9B133591DFBD5F1305E1B5B62822EAACBEA5DA309,IMPHASH=F34D5F2D4577ED6D9CEEC516C1F5A744", {f4ba3e13-5568-6a3a-d600-000000002600},460,C:\Users\ADMINI~1\AppData\Local\Temp\Documento_digital--pdf.scr,"""C:\Users\ADMINI~1\AppData\Local\Temp\Documento_digital--pdf.scr""",High,0x51609, {f4ba3e13-5335-6a3a-0916-050000000000},1,,,,,,,,,,,,,,,,,,,,,,,-,curr,curr,1.0.0.0,curr.exe,,,,,,,,,,,,,,-,C.4f04b5de911bf0cd,C.4f04b5de911bf0cd
1.78221E+12,,,,,,,,,,,2026-06-23 9:44:09, {f4ba3e13-5568-6a3a-d600-000000002600},460,C:\Users\ADMINI~1\AppData\Local\Temp\Documento_digital--pdf.scr,,,CHILD\Administrator,,,,,,,,,,,,,,,,,,,,,,,,,,,,,,,,,,,,,,,,,,,,,,,,,,-,C.4f04b5de911bf0cd,C.4f04b5de911bf0cd
1.78221E+12,,,,,,,,,,,2026-06-23 9:44:09, {f4ba3e13-5568-6a3a-d900-000000002600},5004,C:\Program Files\Windows Defender\MpCmdRun.exe,"""C:\Program Files\Windows Defender\\MpCmdRun.exe"" GetDeviceTicket -AccessKey D664A758-B98B-69A9-2EE2-09DB52212E82 ",C:\Windows\system32\,NT AUTHORITY\NETWORK SERVICE,"MD5=C37ADF3801F599EDF3180354BBAB2560,SHA256=1C90A322F55D574EF703B9CB0ADFB379CEFA33A2B5D72F04A6E9AAA2F209F6B5,IMPHASH=5F980D25420E31451E189C1082EF5045", {f4ba3e13-50a9-6a3a-2c00-000000002600},2436,C:\Program Files\Windows Defender\MsMpEng.exe,"""C:\Program Files\Windows Defender\MsMpEng.exe""",System,0x3E4, {f4ba3e13-508c-6a3a-e403-000000000000},0,,,,,,,,,,,,,,,,,,,,,,,Microsoft Corporation,Microsoft® Windows® Operating System,Microsoft Malware Protection Command Line Utility,4.10.14393.0 (rs1_release.160715-1616),MpCmdRun.exe,,,,,,,,,,,,,,-,C.4f04b5de911bf0cd,C.4f04b5de911bf0cd
1.78221E+12,,,,,,,,,,,2026-06-23 9:44:10, {f4ba3e13-5567-6a3a-cc00-000000002600},5848,C:\Windows\SysWOW64\WindowsPowerShell\v1.0\Powershell.exe,,,CHILD\Administrator,,,,,,,,,,C:\Users\Administrator\AppData\Roaming\Microsoft\Windows\Start Menu\Programs\Startup\anydeskREM.exe,2026-06-23 9:44:10,,,,,,,,,,,,,,,,,,,,,,,,,,,,,,,,,,,,,,,T1023,C.4f04b5de911bf0cd,C.4f04b5de911bf0cd
1.78221E+12,,,,,,,,,,,2026-06-23 9:44:10, {f4ba3e13-5567-6a3a-cd00-000000002600},5872,C:\Windows\SysWOW64\WindowsPowerShell\v1.0\Powershell.exe,,,CHILD\Administrator,,,,,,,,,,C:\Users\Administrator\AppData\Roaming\Microsoft\Windows\Start Menu\Programs\Startup\anydeskREM.exe,2026-06-23 9:44:10,,,,,,,,,,,,,,,,,,,,,,,,,,,,,,,,,,,,,,,T1023,C.4f04b5de911bf0cd,C.4f04b5de911bf0cd
1.78221E+12,,,,,,,,,,,2026-06-23 9:44:10, {f4ba3e13-5567-6a3a-ce00-000000002600},5852,C:\Windows\SysWOW64\WindowsPowerShell\v1.0\Powershell.exe,,,CHILD\Administrator,,,,,,,,,,C:\Users\Administrator\AppData\Roaming\Microsoft\Windows\Start Menu\Programs\Startup\anydeskREM.exe,2026-06-23 9:44:10,,,,,,,,,,,,,,,,,,,,,,,,,,,,,,,,,,,,,,,T1023,C.4f04b5de911bf0cd,C.4f04b5de911bf0cd
1.78221E+12,,,,,,,,,,,2026-06-23 9:44:14, {f4ba3e13-556e-6a3a-da00-000000002600},6016,C:\Windows\SysWOW64\WindowsPowerShell\v1.0\powershell.exe,"""Powershell.exe"" -ExecutionPolicy Bypass -command Copy-Item 'C:\Users\Administrator\AppData\Local\Temp\Rem\rems.exe' 'C:\Users\Administrator\AppData\Roaming\Microsoft\Windows\Start Menu\Programs\Startup\anydeskREM.exe'",C:\Users\Administrator\AppData\Local\Temp\,CHILD\Administrator,"MD5=65D86C34814C02569E2AD53FD24E7F61,SHA256=8133502266008B77DE7921451E1210B0EF3F0ED2DB7D8D3EE0C3350D856FA6FA,IMPHASH=5E0145CEF36FA9BFBA7DE33AA683B8ED", {f4ba3e13-5568-6a3a-d800-000000002600},2188,C:\Users\Administrator\AppData\Local\Temp\Rem\rems.exe,"""C:\Users\Administrator\AppData\Local\Temp\Rem\rems.exe"" ",High,0x51609, {f4ba3e13-5335-6a3a-0916-050000000000},1,,,,,,,,,,,,,,,,,,,,,,,Microsoft Corporation,Microsoft® Windows® Operating System,Windows PowerShell,10.0.14393.206 (rs1_release.160915-0644),PowerShell.EXE,,,,,,,,,,,,,,-,C.4f04b5de911bf0cd,C.4f04b5de911bf0cd
1.78221E+12,,,,,,,,,,,2026-06-23 9:44:14, {f4ba3e13-556e-6a3a-da00-000000002600},6016,C:\Windows\SysWOW64\WindowsPowerShell\v1.0\Powershell.exe,,,CHILD\Administrator,,,,,,,,,,C:\Users\Administrator\AppData\Local\Temp\eyiiwhhg.5d1.ps1,2026-06-23 9:44:14,,,,,,,,,,,,,,,,,,,,,,,,,,,,,,,,,,,,,,,-,C.4f04b5de911bf0cd,C.4f04b5de911bf0cd
1.78221E+12,,,,,,,,,,,2026-06-23 9:44:14, {f4ba3e13-556e-6a3a-da00-000000002600},6016,C:\Windows\SysWOW64\WindowsPowerShell\v1.0\Powershell.exe,,,CHILD\Administrator,,,,,,,,,,C:\Users\Administrator\AppData\Roaming\Microsoft\Windows\Start Menu\Programs\Startup\anydeskREM.exe,2026-06-23 9:44:10,,,,,,,,,,,,,,,,,,,,,,,,,,,,,,,,,,,,,,,T1023,C.4f04b5de911bf0cd,C.4f04b5de911bf0cd
1.78221E+12,,,,,,,,,,,2026-06-23 9:44:15, {f4ba3e13-556e-6a3a-dc00-000000002600},4708,C:\Program Files\Windows Defender\MpCmdRun.exe,"""C:\Program Files\Windows Defender\\MpCmdRun.exe"" GetDeviceTicket -AccessKey 0650DEB9-FE53-E68A-8960-3EC8482F9409 ",C:\Windows\system32\,NT AUTHORITY\NETWORK SERVICE,"MD5=C37ADF3801F599EDF3180354BBAB2560,SHA256=1C90A322F55D574EF703B9CB0ADFB379CEFA33A2B5D72F04A6E9AAA2F209F6B5,IMPHASH=5F980D25420E31451E189C1082EF5045", {f4ba3e13-50a9-6a3a-2c00-000000002600},2436,C:\Program Files\Windows Defender\MsMpEng.exe,"""C:\Program Files\Windows Defender\MsMpEng.exe""",System,0x3E4, {f4ba3e13-508c-6a3a-e403-000000000000},0,,,,,,,,,,,,,,,,,,,,,,,Microsoft Corporation,Microsoft® Windows® Operating System,Microsoft Malware Protection Command Line Utility,4.10.14393.0 (rs1_release.160715-1616),MpCmdRun.exe,,,,,,,,,,,,,,-,C.4f04b5de911bf0cd,C.4f04b5de911bf0cd
1.78221E+12,,,,,,,,,,,2026-06-23 9:44:15, {f4ba3e13-556f-6a3a-dd00-000000002600},5340,C:\Users\Administrator\AppData\Local\Temp\Rem\rems.exe,"""C:\Users\Administrator\AppData\Local\Temp\Rem\rems.exe""",C:\Users\ADMINI~1\AppData\Local\Temp\,CHILD\Administrator,"MD5=0217BDB0F6B32CE66DCDC5F7600F90B7,SHA256=EE479D0FB2DDF01357045FD9B133591DFBD5F1305E1B5B62822EAACBEA5DA309,IMPHASH=F34D5F2D4577ED6D9CEEC516C1F5A744", {f4ba3e13-5568-6a3a-d800-000000002600},2188,C:\Users\Administrator\AppData\Local\Temp\Rem\rems.exe,"""C:\Users\Administrator\AppData\Local\Temp\Rem\rems.exe"" ",High,0x51609, {f4ba3e13-5335-6a3a-0916-050000000000},1,,,,,,,,,,,,,,,,,,,,,,,-,curr,curr,1.0.0.0,curr.exe,,,,,,,,,,,,,,-,C.4f04b5de911bf0cd,C.4f04b5de911bf0cd
1.78221E+12,,,,,,,,,,,2026-06-23 9:44:15, {f4ba3e13-5568-6a3a-d800-000000002600},2188,C:\Users\Administrator\AppData\Local\Temp\Rem\rems.exe,,,CHILD\Administrator,,,,,,,,,,,,,,,,,,,,,,,,,,,,,,,,,,,,,,,,,,,,,,,,,,-,C.4f04b5de911bf0cd,C.4f04b5de911bf0cd
1.78221E+12,,,,,,,,,,,2026-06-23 9:44:15, {f4ba3e13-556f-6a3a-dd00-000000002600},5340,C:\Users\Administrator\AppData\Local\Temp\Rem\rems.exe,,,CHILD\Administrator,,,,,,,,,,,,SetValue,HKU\S-1-5-21-1708988400-3611681687-2257486301-500\SOFTWARE\Microsoft\Windows\CurrentVersion\Run\Remcos,"""C:\Users\Administrator\AppData\Local\Temp\Rem\rems.exe""",,,,,,,,,,,,,,,,,,,,,,,,,,,,,,,,,,,,"T1060,RunKey",C.4f04b5de911bf0cd,C.4f04b5de911bf0cd
1.78221E+12,,,,,,,,,,,2026-06-23 9:44:15, {f4ba3e13-556f-6a3a-dd00-000000002600},5340,C:\Users\Administrator\AppData\Local\Temp\Rem\rems.exe,,,CHILD\Administrator,,,,,,,,,,,,SetValue,HKLM\SOFTWARE\WOW6432Node\Microsoft\Windows\CurrentVersion\Run\Remcos,"""C:\Users\Administrator\AppData\Local\Temp\Rem\rems.exe""",,,,,,,,,,,,,,,,,,,,,,,,,,,,,,,,,,,,"T1060,RunKey",C.4f04b5de911bf0cd,C.4f04b5de911bf0cd
1.78221E+12,,,,,,,,,,,2026-06-23 9:44:16, {f4ba3e13-556f-6a3a-dd00-000000002600},5340,C:\Users\Administrator\AppData\Local\Temp\Rem\rems.exe,,,CHILD\Administrator,,,,,,,,,,,,,,,,,,,,,,,,,,,,,,,,,,,,,,,,,,,,,,,remnew.duckdns.org,0,::ffff:192.169.34.199;,-,C.4f04b5de911bf0cd,C.4f04b5de911bf0cd
1.78221E+12,,,,,,,,,,,2026-06-23 9:44:16, {f4ba3e13-556f-6a3a-dd00-000000002600},5340,C:\Users\Administrator\AppData\Local\Temp\Rem\rems.exe,,,CHILD\Administrator,,,,,,,,,,,,,,,,tcp, true, false,192.169.34.187,WIN-AREA23PG7FQ.CHILD.APT.LOCAL,55712,-, false,192.169.34.199,-,8090,-,,,,,,,,,,,,,,,,,,,,,,,Usermode,C.4f04b5de911bf0cd,C.4f04b5de911bf0cd
1.78221E+12,,,,,,,,,,,2026-06-23 9:44:16, {f4ba3e13-5568-6a3a-d500-000000002600},5920,C:\Windows\Microsoft.NET\Framework\v4.0.30319\MSBuild.exe,,,CHILD\Administrator,,,,,,,,,,,,,,,,,,,,,,,,,,,,,,,,,,,,,,,,,,,,,,,kbum1963.duckdns.org,0,::ffff:192.169.34.199;,-,C.4f04b5de911bf0cd,C.4f04b5de911bf0cd
1.78221E+12,,,,,,,,,,,2026-06-23 9:44:16, {f4ba3e13-5568-6a3a-d500-000000002600},5920,C:\Windows\Microsoft.NET\Framework\v4.0.30319\MSBuild.exe,,,CHILD\Administrator,,,,,,,,,,,,,,,,tcp, true, false,192.169.34.187,WIN-AREA23PG7FQ.CHILD.APT.LOCAL,55713,-, false,192.169.34.199,-,1963,-,,,,,,,,,,,,,,,,,,,,,,,-,C.4f04b5de911bf0cd,C.4f04b5de911bf0cd
1.78221E+12,,,,,,,,,,,2026-06-23 9:44:17, {f4ba3e13-556f-6a3a-dd00-000000002600},5340,C:\Users\Administrator\AppData\Local\Temp\Rem\rems.exe,,,CHILD\Administrator,,,,,,,,,,,,,,,,tcp, true, false,192.169.34.187,WIN-AREA23PG7FQ.CHILD.APT.LOCAL,55714,-, false,192.169.34.199,-,8090,-,,,,,,,,,,,,,,,,,,,,,,,Usermode,C.4f04b5de911bf0cd,C.4f04b5de911bf0cd
1.78221E+12,,,,,,,,,,,2026-06-23 9:44:18, {f4ba3e13-556f-6a3a-dd00-000000002600},5340,C:\Users\Administrator\AppData\Local\Temp\Rem\rems.exe,,,CHILD\Administrator,,,,,,,,,,,,,,,,tcp, true, false,192.169.34.187,WIN-AREA23PG7FQ.CHILD.APT.LOCAL,55715,-, false,192.169.34.199,-,8090,-,,,,,,,,,,,,,,,,,,,,,,,Usermode,C.4f04b5de911bf0cd,C.4f04b5de911bf0cd
1.78221E+12,,,,,,,,,,,2026-06-23 9:44:18, {f4ba3e13-5568-6a3a-d500-000000002600},5920,C:\Windows\Microsoft.NET\Framework\v4.0.30319\MSBuild.exe,,,CHILD\Administrator,,,,,,,,,,,,,,,,tcp, true, false,192.169.34.187,WIN-AREA23PG7FQ.CHILD.APT.LOCAL,55716,-, false,192.169.34.199,-,1963,-,,,,,,,,,,,,,,,,,,,,,,,-,C.4f04b5de911bf0cd,C.4f04b5de911bf0cd
1.78221E+12,,,,,,,,,,,2026-06-23 9:44:19, {f4ba3e13-556f-6a3a-dd00-000000002600},5340,C:\Users\Administrator\AppData\Local\Temp\Rem\rems.exe,,,CHILD\Administrator,,,,,,,,,,,,,,,,tcp, true, false,192.169.34.187,WIN-AREA23PG7FQ.CHILD.APT.LOCAL,55717,-, false,192.169.34.199,-,8090,-,,,,,,,,,,,,,,,,,,,,,,,Usermode,C.4f04b5de911bf0cd,C.4f04b5de911bf0cd
1.78221E+12,,,,,,,,,,,2026-06-23 9:44:20, {f4ba3e13-556f-6a3a-dd00-000000002600},5340,C:\Users\Administrator\AppData\Local\Temp\Rem\rems.exe,,,CHILD\Administrator,,,,,,,,,,,,,,,,tcp, true, false,192.169.34.187,WIN-AREA23PG7FQ.CHILD.APT.LOCAL,55718,-, false,192.169.34.199,-,8090,-,,,,,,,,,,,,,,,,,,,,,,,Usermode,C.4f04b5de911bf0cd,C.4f04b5de911bf0cd
1.78221E+12,,,,,,,,,,,2026-06-23 9:44:20, {f4ba3e13-5568-6a3a-d500-000000002600},5920,C:\Windows\Microsoft.NET\Framework\v4.0.30319\MSBuild.exe,,,CHILD\Administrator,,,,,,,,,,,,,,,,tcp, true, false,192.169.34.187,WIN-AREA23PG7FQ.CHILD.APT.LOCAL,55719,-, false,192.169.34.199,-,1963,-,,,,,,,,,,,,,,,,,,,,,,,-,C.4f04b5de911bf0cd,C.4f04b5de911bf0cd
1.78221E+12,,,,,,,,,,,2026-06-23 9:44:21, {f4ba3e13-556f-6a3a-dd00-000000002600},5340,C:\Users\Administrator\AppData\Local\Temp\Rem\rems.exe,,,CHILD\Administrator,,,,,,,,,,,,,,,,tcp, true, false,192.169.34.187,WIN-AREA23PG7FQ.CHILD.APT.LOCAL,55720,-, false,192.169.34.199,-,8090,-,,,,,,,,,,,,,,,,,,,,,,,Usermode,C.4f04b5de911bf0cd,C.4f04b5de911bf0cd
1.78221E+12,,,,,,,,,,,2026-06-23 9:44:22, {f4ba3e13-556f-6a3a-dd00-000000002600},5340,C:\Users\Administrator\AppData\Local\Temp\Rem\rems.exe,,,CHILD\Administrator,,,,,,,,,,,,,,,,tcp, true, false,192.169.34.187,WIN-AREA23PG7FQ.CHILD.APT.LOCAL,55721,-, false,192.169.34.199,-,8090,-,,,,,,,,,,,,,,,,,,,,,,,Usermode,C.4f04b5de911bf0cd,C.4f04b5de911bf0cd
1.78221E+12,,,,,,,,,,,2026-06-23 9:44:22, {f4ba3e13-5568-6a3a-d500-000000002600},5920,C:\Windows\Microsoft.NET\Framework\v4.0.30319\MSBuild.exe,,,CHILD\Administrator,,,,,,,,,,,,,,,,tcp, true, false,192.169.34.187,WIN-AREA23PG7FQ.CHILD.APT.LOCAL,55722,-, false,192.169.34.199,-,1963,-,,,,,,,,,,,,,,,,,,,,,,,-,C.4f04b5de911bf0cd,C.4f04b5de911bf0cd
1.78221E+12,,,,,,,,,,,2026-06-23 9:44:23, {f4ba3e13-556f-6a3a-dd00-000000002600},5340,C:\Users\Administrator\AppData\Local\Temp\Rem\rems.exe,,,CHILD\Administrator,,,,,,,,,,,,,,,,tcp, true, false,192.169.34.187,WIN-AREA23PG7FQ.CHILD.APT.LOCAL,55723,-, false,192.169.34.199,-,8090,-,,,,,,,,,,,,,,,,,,,,,,,Usermode,C.4f04b5de911bf0cd,C.4f04b5de911bf0cd
1.78221E+12,,,,,,,,,,,2026-06-23 9:44:24, {f4ba3e13-556f-6a3a-dd00-000000002600},5340,C:\Users\Administrator\AppData\Local\Temp\Rem\rems.exe,,,CHILD\Administrator,,,,,,,,,,,,,,,,tcp, true, false,192.169.34.187,WIN-AREA23PG7FQ.CHILD.APT.LOCAL,55724,-, false,192.169.34.199,-,8090,-,,,,,,,,,,,,,,,,,,,,,,,Usermode,C.4f04b5de911bf0cd,C.4f04b5de911bf0cd
1.78221E+12,,,,,,,,,,,2026-06-23 9:44:24, {f4ba3e13-5568-6a3a-d500-000000002600},5920,C:\Windows\Microsoft.NET\Framework\v4.0.30319\MSBuild.exe,,,CHILD\Administrator,,,,,,,,,,,,,,,,tcp, true, false,192.169.34.187,WIN-AREA23PG7FQ.CHILD.APT.LOCAL,55725,-, false,192.169.34.199,-,1963,-,,,,,,,,,,,,,,,,,,,,,,,-,C.4f04b5de911bf0cd,C.4f04b5de911bf0cd
1.78221E+12,,,,,,,,,,,2026-06-23 9:44:25, {f4ba3e13-556f-6a3a-dd00-000000002600},5340,C:\Users\Administrator\AppData\Local\Temp\Rem\rems.exe,,,CHILD\Administrator,,,,,,,,,,,,,,,,tcp, true, false,192.169.34.187,WIN-AREA23PG7FQ.CHILD.APT.LOCAL,55726,-, false,192.169.34.199,-,8090,-,,,,,,,,,,,,,,,,,,,,,,,Usermode,C.4f04b5de911bf0cd,C.4f04b5de911bf0cd
1.78221E+12,,,,,,,,,,,2026-06-23 9:44:26, {f4ba3e13-556f-6a3a-dd00-000000002600},5340,C:\Users\Administrator\AppData\Local\Temp\Rem\rems.exe,,,CHILD\Administrator,,,,,,,,,,,,,,,,tcp, true, false,192.169.34.187,WIN-AREA23PG7FQ.CHILD.APT.LOCAL,55727,-, false,192.169.34.199,-,8090,-,,,,,,,,,,,,,,,,,,,,,,,Usermode,C.4f04b5de911bf0cd,C.4f04b5de911bf0cd
1.78221E+12,,,,,,,,,,,2026-06-23 9:44:27, {f4ba3e13-5568-6a3a-d500-000000002600},5920,C:\Windows\Microsoft.NET\Framework\v4.0.30319\MSBuild.exe,,,CHILD\Administrator,,,,,,,,,,,,,,,,tcp, true, false,192.169.34.187,WIN-AREA23PG7FQ.CHILD.APT.LOCAL,55728,-, false,192.169.34.199,-,1963,-,,,,,,,,,,,,,,,,,,,,,,,-,C.4f04b5de911bf0cd,C.4f04b5de911bf0cd
1.78221E+12,,,,,,,,,,,2026-06-23 9:44:27, {f4ba3e13-556f-6a3a-dd00-000000002600},5340,C:\Users\Administrator\AppData\Local\Temp\Rem\rems.exe,,,CHILD\Administrator,,,,,,,,,,,,,,,,tcp, true, false,192.169.34.187,WIN-AREA23PG7FQ.CHILD.APT.LOCAL,55729,-, false,192.169.34.199,-,8090,-,,,,,,,,,,,,,,,,,,,,,,,Usermode,C.4f04b5de911bf0cd,C.4f04b5de911bf0cd
1.78221E+12,,,,,,,,,,,2026-06-23 9:44:28, {f4ba3e13-556f-6a3a-dd00-000000002600},5340,C:\Users\Administrator\AppData\Local\Temp\Rem\rems.exe,,,CHILD\Administrator,,,,,,,,,,,,,,,,tcp, true, false,192.169.34.187,WIN-AREA23PG7FQ.CHILD.APT.LOCAL,55730,-, false,192.169.34.199,-,8090,-,,,,,,,,,,,,,,,,,,,,,,,Usermode,C.4f04b5de911bf0cd,C.4f04b5de911bf0cd
1.78221E+12,,,,,,,,,,,2026-06-23 9:44:29, {f4ba3e13-5568-6a3a-d500-000000002600},5920,C:\Windows\Microsoft.NET\Framework\v4.0.30319\MSBuild.exe,,,CHILD\Administrator,,,,,,,,,,,,,,,,tcp, true, false,192.169.34.187,WIN-AREA23PG7FQ.CHILD.APT.LOCAL,55731,-, false,192.169.34.199,-,1963,-,,,,,,,,,,,,,,,,,,,,,,,-,C.4f04b5de911bf0cd,C.4f04b5de911bf0cd
1.78221E+12,,,,,,,,,,,2026-06-23 9:44:29, {f4ba3e13-556f-6a3a-dd00-000000002600},5340,C:\Users\Administrator\AppData\Local\Temp\Rem\rems.exe,,,CHILD\Administrator,,,,,,,,,,,,,,,,tcp, true, false,192.169.34.187,WIN-AREA23PG7FQ.CHILD.APT.LOCAL,55732,-, false,192.169.34.199,-,8090,-,,,,,,,,,,,,,,,,,,,,,,,Usermode,C.4f04b5de911bf0cd,C.4f04b5de911bf0cd
1.78221E+12,,,,,,,,,,,2026-06-23 9:44:30, {f4ba3e13-556f-6a3a-dd00-000000002600},5340,C:\Users\Administrator\AppData\Local\Temp\Rem\rems.exe,,,CHILD\Administrator,,,,,,,,,,,,,,,,tcp, true, false,192.169.34.187,WIN-AREA23PG7FQ.CHILD.APT.LOCAL,55733,-, false,192.169.34.199,-,8090,-,,,,,,,,,,,,,,,,,,,,,,,Usermode,C.4f04b5de911bf0cd,C.4f04b5de911bf0cd
1.78221E+12,,,,,,,,,,,2026-06-23 9:44:31, {f4ba3e13-5568-6a3a-d500-000000002600},5920,C:\Windows\Microsoft.NET\Framework\v4.0.30319\MSBuild.exe,,,CHILD\Administrator,,,,,,,,,,,,,,,,tcp, true, false,192.169.34.187,WIN-AREA23PG7FQ.CHILD.APT.LOCAL,55734,-, false,192.169.34.199,-,1963,-,,,,,,,,,,,,,,,,,,,,,,,-,C.4f04b5de911bf0cd,C.4f04b5de911bf0cd
1.78221E+12,,,,,,,,,,,2026-06-23 9:44:31, {f4ba3e13-556f-6a3a-dd00-000000002600},5340,C:\Users\Administrator\AppData\Local\Temp\Rem\rems.exe,,,CHILD\Administrator,,,,,,,,,,,,,,,,tcp, true, false,192.169.34.187,WIN-AREA23PG7FQ.CHILD.APT.LOCAL,55735,-, false,192.169.34.199,-,8090,-,,,,,,,,,,,,,,,,,,,,,,,Usermode,C.4f04b5de911bf0cd,C.4f04b5de911bf0cd
1.78221E+12,,,,,,,,,,,2026-06-23 9:44:32, {f4ba3e13-556f-6a3a-dd00-000000002600},5340,C:\Users\Administrator\AppData\Local\Temp\Rem\rems.exe,,,CHILD\Administrator,,,,,,,,,,,,,,,,tcp, true, false,192.169.34.187,WIN-AREA23PG7FQ.CHILD.APT.LOCAL,55736,-, false,192.169.34.199,-,8090,-,,,,,,,,,,,,,,,,,,,,,,,Usermode,C.4f04b5de911bf0cd,C.4f04b5de911bf0cd
1.78221E+12,,,,,,,,,,,2026-06-23 9:44:33, {f4ba3e13-5568-6a3a-d500-000000002600},5920,C:\Windows\Microsoft.NET\Framework\v4.0.30319\MSBuild.exe,,,CHILD\Administrator,,,,,,,,,,,,,,,,tcp, true, false,192.169.34.187,WIN-AREA23PG7FQ.CHILD.APT.LOCAL,55737,-, false,192.169.34.199,-,1963,-,,,,,,,,,,,,,,,,,,,,,,,-,C.4f04b5de911bf0cd,C.4f04b5de911bf0cd
1.78221E+12,,,,,,,,,,,2026-06-23 9:44:33, {f4ba3e13-556f-6a3a-dd00-000000002600},5340,C:\Users\Administrator\AppData\Local\Temp\Rem\rems.exe,,,CHILD\Administrator,,,,,,,,,,,,,,,,tcp, true, false,192.169.34.187,WIN-AREA23PG7FQ.CHILD.APT.LOCAL,55738,-, false,192.169.34.199,-,8090,-,,,,,,,,,,,,,,,,,,,,,,,Usermode,C.4f04b5de911bf0cd,C.4f04b5de911bf0cd
1.78221E+12,,,,,,,,,,,2026-06-23 9:44:34, {f4ba3e13-556f-6a3a-dd00-000000002600},5340,C:\Users\Administrator\AppData\Local\Temp\Rem\rems.exe,,,CHILD\Administrator,,,,,,,,,,,,,,,,tcp, true, false,192.169.34.187,WIN-AREA23PG7FQ.CHILD.APT.LOCAL,55739,-, false,192.169.34.199,-,8090,-,,,,,,,,,,,,,,,,,,,,,,,Usermode,C.4f04b5de911bf0cd,C.4f04b5de911bf0cd
1.78221E+12,,,,,,,,,,,2026-06-23 9:44:35, {f4ba3e13-5568-6a3a-d500-000000002600},5920,C:\Windows\Microsoft.NET\Framework\v4.0.30319\MSBuild.exe,,,CHILD\Administrator,,,,,,,,,,,,,,,,tcp, true, false,192.169.34.187,WIN-AREA23PG7FQ.CHILD.APT.LOCAL,55740,-, false,192.169.34.199,-,1963,-,,,,,,,,,,,,,,,,,,,,,,,-,C.4f04b5de911bf0cd,C.4f04b5de911bf0cd
1.78221E+12,,,,,,,,,,,2026-06-23 9:44:35, {f4ba3e13-556f-6a3a-dd00-000000002600},5340,C:\Users\Administrator\AppData\Local\Temp\Rem\rems.exe,,,CHILD\Administrator,,,,,,,,,,,,,,,,tcp, true, false,192.169.34.187,WIN-AREA23PG7FQ.CHILD.APT.LOCAL,55741,-, false,192.169.34.199,-,8090,-,,,,,,,,,,,,,,,,,,,,,,,Usermode,C.4f04b5de911bf0cd,C.4f04b5de911bf0cd
1.78221E+12,,,,,,,,,,,2026-06-23 9:44:36, {f4ba3e13-556f-6a3a-dd00-000000002600},5340,C:\Users\Administrator\AppData\Local\Temp\Rem\rems.exe,,,CHILD\Administrator,,,,,,,,,,,,,,,,tcp, true, false,192.169.34.187,WIN-AREA23PG7FQ.CHILD.APT.LOCAL,55743,-, false,192.169.34.199,-,8090,-,,,,,,,,,,,,,,,,,,,,,,,Usermode,C.4f04b5de911bf0cd,C.4f04b5de911bf0cd
1.78221E+12,,,,,,,,,,,2026-06-23 9:44:37, {f4ba3e13-5568-6a3a-d500-000000002600},5920,C:\Windows\Microsoft.NET\Framework\v4.0.30319\MSBuild.exe,,,CHILD\Administrator,,,,,,,,,,,,,,,,tcp, true, false,192.169.34.187,WIN-AREA23PG7FQ.CHILD.APT.LOCAL,55745,-, false,192.169.34.199,-,1963,-,,,,,,,,,,,,,,,,,,,,,,,-,C.4f04b5de911bf0cd,C.4f04b5de911bf0cd
1.78221E+12,,,,,,,,,,,2026-06-23 9:44:37, {f4ba3e13-556f-6a3a-dd00-000000002600},5340,C:\Users\Administrator\AppData\Local\Temp\Rem\rems.exe,,,CHILD\Administrator,,,,,,,,,,,,,,,,tcp, true, false,192.169.34.187,WIN-AREA23PG7FQ.CHILD.APT.LOCAL,55746,-, false,192.169.34.199,-,8090,-,,,,,,,,,,,,,,,,,,,,,,,Usermode,C.4f04b5de911bf0cd,C.4f04b5de911bf0cd
1.78221E+12,,,,,,,,,,,2026-06-23 9:44:39, {f4ba3e13-5586-6a3a-df00-000000002600},4420,C:\Program Files\Windows Defender\MpCmdRun.exe,"""C:\Program Files\Windows Defender\\MpCmdRun.exe"" GetDeviceTicket -AccessKey 57BB7AA5-465C-3C23-CE8C-E9AA3B36F584 ",C:\Windows\system32\,NT AUTHORITY\NETWORK SERVICE,"MD5=C37ADF3801F599EDF3180354BBAB2560,SHA256=1C90A322F55D574EF703B9CB0ADFB379CEFA33A2B5D72F04A6E9AAA2F209F6B5,IMPHASH=5F980D25420E31451E189C1082EF5045", {f4ba3e13-50a9-6a3a-2c00-000000002600},2436,C:\Program Files\Windows Defender\MsMpEng.exe,"""C:\Program Files\Windows Defender\MsMpEng.exe""",System,0x3E4, {f4ba3e13-508c-6a3a-e403-000000000000},0,,,,,,,,,,,,,,,,,,,,,,,Microsoft Corporation,Microsoft® Windows® Operating System,Microsoft Malware Protection Command Line Utility,4.10.14393.0 (rs1_release.160715-1616),MpCmdRun.exe,,,,,,,,,,,,,,-,C.4f04b5de911bf0cd,C.4f04b5de911bf0cd
1.78221E+12,,,,,,,,,,,2026-06-23 9:44:39, {f4ba3e13-5587-6a3a-e000-000000002600},1472,C:\Program Files\Windows Defender\MpCmdRun.exe,"""C:\Program Files\Windows Defender\\MpCmdRun.exe"" GetDeviceTicket -AccessKey 2F6285E4-1FA3-39DB-5A20-37B5D4968375 ",C:\Windows\system32\,NT AUTHORITY\NETWORK SERVICE,"MD5=C37ADF3801F599EDF3180354BBAB2560,SHA256=1C90A322F55D574EF703B9CB0ADFB379CEFA33A2B5D72F04A6E9AAA2F209F6B5,IMPHASH=5F980D25420E31451E189C1082EF5045", {f4ba3e13-50a9-6a3a-2c00-000000002600},2436,C:\Program Files\Windows Defender\MsMpEng.exe,"""C:\Program Files\Windows Defender\MsMpEng.exe""",System,0x3E4, {f4ba3e13-508c-6a3a-e403-000000000000},0,,,,,,,,,,,,,,,,,,,,,,,Microsoft Corporation,Microsoft® Windows® Operating System,Microsoft Malware Protection Command Line Utility,4.10.14393.0 (rs1_release.160715-1616),MpCmdRun.exe,,,,,,,,,,,,,,-,C.4f04b5de911bf0cd,C.4f04b5de911bf0cd
1.78221E+12,,,,,,,,,,,2026-06-23 9:44:38, {f4ba3e13-556f-6a3a-dd00-000000002600},5340,C:\Users\Administrator\AppData\Local\Temp\Rem\rems.exe,,,CHILD\Administrator,,,,,,,,,,,,,,,,tcp, true, false,192.169.34.187,WIN-AREA23PG7FQ.CHILD.APT.LOCAL,55747,-, false,192.169.34.199,-,8090,-,,,,,,,,,,,,,,,,,,,,,,,Usermode,C.4f04b5de911bf0cd,C.4f04b5de911bf0cd
1.78221E+12,,,,,,,,,,,2026-06-23 9:44:40, {f4ba3e13-5568-6a3a-d400-000000002600},5932,C:\Windows\Microsoft.NET\Framework\v4.0.30319\InstallUtil.exe,,,CHILD\Administrator,,,,,,,,,,C:\Users\Administrator\AppData\Local\Temp\InstallUtil.exe,2026-06-23 9:44:40,,,,,,,,,,,,,,,,,,,,,,,,,,,,,,,,,,,,,,,EXE,C.4f04b5de911bf0cd,C.4f04b5de911bf0cd
1.78221E+12,,,,,,,,,,,2026-06-23 9:44:40, {f4ba3e13-5568-6a3a-d400-000000002600},5932,C:\Windows\Microsoft.NET\Framework\v4.0.30319\InstallUtil.exe,,,CHILD\Administrator,,,,,,,,,,C:\Users\Administrator\AppData\Roaming\Microsoft\Windows\Start Menu\Programs\Startup\InstallUtil.lnk,2026-06-23 9:44:40,,,,,,,,,,,,,,,,,,,,,,,,,,,,,,,,,,,,,,,T1023,C.4f04b5de911bf0cd,C.4f04b5de911bf0cd
1.78221E+12,,,,,,,,,,,2026-06-23 9:44:39, {f4ba3e13-5568-6a3a-d500-000000002600},5920,C:\Windows\Microsoft.NET\Framework\v4.0.30319\MSBuild.exe,,,CHILD\Administrator,,,,,,,,,,,,,,,,tcp, true, false,192.169.34.187,WIN-AREA23PG7FQ.CHILD.APT.LOCAL,55749,-, false,192.169.34.199,-,1963,-,,,,,,,,,,,,,,,,,,,,,,,-,C.4f04b5de911bf0cd,C.4f04b5de911bf0cd
1.78221E+12,,,,,,,,,,,2026-06-23 9:44:39, {f4ba3e13-556f-6a3a-dd00-000000002600},5340,C:\Users\Administrator\AppData\Local\Temp\Rem\rems.exe,,,CHILD\Administrator,,,,,,,,,,,,,,,,tcp, true, false,192.169.34.187,WIN-AREA23PG7FQ.CHILD.APT.LOCAL,55753,-, false,192.169.34.199,-,8090,-,,,,,,,,,,,,,,,,,,,,,,,Usermode,C.4f04b5de911bf0cd,C.4f04b5de911bf0cd
1.78221E+12,,,,,,,,,,,2026-06-23 9:44:40, {f4ba3e13-556f-6a3a-dd00-000000002600},5340,C:\Users\Administrator\AppData\Local\Temp\Rem\rems.exe,,,CHILD\Administrator,,,,,,,,,,,,,,,,tcp, true, false,192.169.34.187,WIN-AREA23PG7FQ.CHILD.APT.LOCAL,55759,-, false,192.169.34.199,-,8090,-,,,,,,,,,,,,,,,,,,,,,,,Usermode,C.4f04b5de911bf0cd,C.4f04b5de911bf0cd
1.78221E+12,,,,,,,,,,,2026-06-23 9:44:41, {f4ba3e13-5568-6a3a-d500-000000002600},5920,C:\Windows\Microsoft.NET\Framework\v4.0.30319\MSBuild.exe,,,CHILD\Administrator,,,,,,,,,,,,,,,,tcp, true, false,192.169.34.187,WIN-AREA23PG7FQ.CHILD.APT.LOCAL,55761,-, false,192.169.34.199,-,1963,-,,,,,,,,,,,,,,,,,,,,,,,-,C.4f04b5de911bf0cd,C.4f04b5de911bf0cd
1.78221E+12,,,,,,,,,,,2026-06-23 9:44:41, {f4ba3e13-556f-6a3a-dd00-000000002600},5340,C:\Users\Administrator\AppData\Local\Temp\Rem\rems.exe,,,CHILD\Administrator,,,,,,,,,,,,,,,,tcp, true, false,192.169.34.187,WIN-AREA23PG7FQ.CHILD.APT.LOCAL,55762,-, false,192.169.34.199,-,8090,-,,,,,,,,,,,,,,,,,,,,,,,Usermode,C.4f04b5de911bf0cd,C.4f04b5de911bf0cd
1.78221E+12,,,,,,,,,,,2026-06-23 9:44:42, {f4ba3e13-556f-6a3a-dd00-000000002600},5340,C:\Users\Administrator\AppData\Local\Temp\Rem\rems.exe,,,CHILD\Administrator,,,,,,,,,,,,,,,,tcp, true, false,192.169.34.187,WIN-AREA23PG7FQ.CHILD.APT.LOCAL,55763,-, false,192.169.34.199,-,8090,-,,,,,,,,,,,,,,,,,,,,,,,Usermode,C.4f04b5de911bf0cd,C.4f04b5de911bf0cd
1.78221E+12,,,,,,,,,,,2026-06-23 9:44:43, {f4ba3e13-5568-6a3a-d500-000000002600},5920,C:\Windows\Microsoft.NET\Framework\v4.0.30319\MSBuild.exe,,,CHILD\Administrator,,,,,,,,,,,,,,,,tcp, true, false,192.169.34.187,WIN-AREA23PG7FQ.CHILD.APT.LOCAL,55766,-, false,192.169.34.199,-,1963,-,,,,,,,,,,,,,,,,,,,,,,,-,C.4f04b5de911bf0cd,C.4f04b5de911bf0cd
1.78221E+12,,,,,,,,,,,2026-06-23 9:44:44, {f4ba3e13-5568-6a3a-d400-000000002600},5932,C:\Windows\Microsoft.NET\Framework\v4.0.30319\InstallUtil.exe,,,CHILD\Administrator,,,,,,,,,,,,,,,,,,,,,,,,,,,,,,,,,,,,,,,,,,,,,,,yumaguoc.duckdns.org,0,::ffff:192.169.34.199;,-,C.4f04b5de911bf0cd,C.4f04b5de911bf0cd
1.78221E+12,,,,,,,,,,,2026-06-23 9:44:43, {f4ba3e13-556f-6a3a-dd00-000000002600},5340,C:\Users\Administrator\AppData\Local\Temp\Rem\rems.exe,,,CHILD\Administrator,,,,,,,,,,,,,,,,tcp, true, false,192.169.34.187,WIN-AREA23PG7FQ.CHILD.APT.LOCAL,55767,-, false,192.169.34.199,-,8090,-,,,,,,,,,,,,,,,,,,,,,,,Usermode,C.4f04b5de911bf0cd,C.4f04b5de911bf0cd
1.78221E+12,,,,,,,,,,,2026-06-23 9:44:44, {f4ba3e13-556f-6a3a-dd00-000000002600},5340,C:\Users\Administrator\AppData\Local\Temp\Rem\rems.exe,,,CHILD\Administrator,,,,,,,,,,,,,,,,tcp, true, false,192.169.34.187,WIN-AREA23PG7FQ.CHILD.APT.LOCAL,55769,-, false,192.169.34.199,-,8090,-,,,,,,,,,,,,,,,,,,,,,,,Usermode,C.4f04b5de911bf0cd,C.4f04b5de911bf0cd
1.78221E+12,,,,,,,,,,,2026-06-23 9:44:45, {f4ba3e13-5568-6a3a-d500-000000002600},5920,C:\Windows\Microsoft.NET\Framework\v4.0.30319\MSBuild.exe,,,CHILD\Administrator,,,,,,,,,,,,,,,,tcp, true, false,192.169.34.187,WIN-AREA23PG7FQ.CHILD.APT.LOCAL,55770,-, false,192.169.34.199,-,1963,-,,,,,,,,,,,,,,,,,,,,,,,-,C.4f04b5de911bf0cd,C.4f04b5de911bf0cd
1.78221E+12,,,,,,,,,,,2026-06-23 9:44:45, {f4ba3e13-556f-6a3a-dd00-000000002600},5340,C:\Users\Administrator\AppData\Local\Temp\Rem\rems.exe,,,CHILD\Administrator,,,,,,,,,,,,,,,,tcp, true, false,192.169.34.187,WIN-AREA23PG7FQ.CHILD.APT.LOCAL,55771,-, false,192.169.34.199,-,8090,-,,,,,,,,,,,,,,,,,,,,,,,Usermode,C.4f04b5de911bf0cd,C.4f04b5de911bf0cd
1.78221E+12,,,,,,,,,,,2026-06-23 9:44:46, {f4ba3e13-556f-6a3a-dd00-000000002600},5340,C:\Users\Administrator\AppData\Local\Temp\Rem\rems.exe,,,CHILD\Administrator,,,,,,,,,,,,,,,,tcp, true, false,192.169.34.187,WIN-AREA23PG7FQ.CHILD.APT.LOCAL,55772,-, false,192.169.34.199,-,8090,-,,,,,,,,,,,,,,,,,,,,,,,Usermode,C.4f04b5de911bf0cd,C.4f04b5de911bf0cd
1.78221E+12,,,,,,,,,,,2026-06-23 9:44:47, {f4ba3e13-5568-6a3a-d500-000000002600},5920,C:\Windows\Microsoft.NET\Framework\v4.0.30319\MSBuild.exe,,,CHILD\Administrator,,,,,,,,,,,,,,,,tcp, true, false,192.169.34.187,WIN-AREA23PG7FQ.CHILD.APT.LOCAL,55773,-, false,192.169.34.199,-,1963,-,,,,,,,,,,,,,,,,,,,,,,,-,C.4f04b5de911bf0cd,C.4f04b5de911bf0cd
1.78221E+12,,,,,,,,,,,2026-06-23 9:44:47, {f4ba3e13-556f-6a3a-dd00-000000002600},5340,C:\Users\Administrator\AppData\Local\Temp\Rem\rems.exe,,,CHILD\Administrator,,,,,,,,,,,,,,,,tcp, true, false,192.169.34.187,WIN-AREA23PG7FQ.CHILD.APT.LOCAL,55774,-, false,192.169.34.199,-,8090,-,,,,,,,,,,,,,,,,,,,,,,,Usermode,C.4f04b5de911bf0cd,C.4f04b5de911bf0cd
1.78221E+12,,,,,,,,,,,2026-06-23 9:44:48, {f4ba3e13-556f-6a3a-dd00-000000002600},5340,C:\Users\Administrator\AppData\Local\Temp\Rem\rems.exe,,,CHILD\Administrator,,,,,,,,,,,,,,,,tcp, true, false,192.169.34.187,WIN-AREA23PG7FQ.CHILD.APT.LOCAL,55775,-, false,192.169.34.199,-,8090,-,,,,,,,,,,,,,,,,,,,,,,,Usermode,C.4f04b5de911bf0cd,C.4f04b5de911bf0cd
1.78221E+12,,,,,,,,,,,2026-06-23 9:44:49, {f4ba3e13-5568-6a3a-d500-000000002600},5920,C:\Windows\Microsoft.NET\Framework\v4.0.30319\MSBuild.exe,,,CHILD\Administrator,,,,,,,,,,,,,,,,tcp, true, false,192.169.34.187,WIN-AREA23PG7FQ.CHILD.APT.LOCAL,55776,-, false,192.169.34.199,-,1963,-,,,,,,,,,,,,,,,,,,,,,,,-,C.4f04b5de911bf0cd,C.4f04b5de911bf0cd
1.78221E+12,,,,,,,,,,,2026-06-23 9:44:49, {f4ba3e13-556f-6a3a-dd00-000000002600},5340,C:\Users\Administrator\AppData\Local\Temp\Rem\rems.exe,,,CHILD\Administrator,,,,,,,,,,,,,,,,tcp, true, false,192.169.34.187,WIN-AREA23PG7FQ.CHILD.APT.LOCAL,55777,-, false,192.169.34.199,-,8090,-,,,,,,,,,,,,,,,,,,,,,,,Usermode,C.4f04b5de911bf0cd,C.4f04b5de911bf0cd
1.78221E+12,,,,,,,,,,,2026-06-23 9:44:50, {f4ba3e13-556f-6a3a-dd00-000000002600},5340,C:\Users\Administrator\AppData\Local\Temp\Rem\rems.exe,,,CHILD\Administrator,,,,,,,,,,,,,,,,tcp, true, false,192.169.34.187,WIN-AREA23PG7FQ.CHILD.APT.LOCAL,55778,-, false,192.169.34.199,-,8090,-,,,,,,,,,,,,,,,,,,,,,,,Usermode,C.4f04b5de911bf0cd,C.4f04b5de911bf0cd
1.78221E+12,,,,,,,,,,,2026-06-23 9:44:51, {f4ba3e13-5568-6a3a-d500-000000002600},5920,C:\Windows\Microsoft.NET\Framework\v4.0.30319\MSBuild.exe,,,CHILD\Administrator,,,,,,,,,,,,,,,,tcp, true, false,192.169.34.187,WIN-AREA23PG7FQ.CHILD.APT.LOCAL,55779,-, false,192.169.34.199,-,1963,-,,,,,,,,,,,,,,,,,,,,,,,-,C.4f04b5de911bf0cd,C.4f04b5de911bf0cd
1.78221E+12,,,,,,,,,,,2026-06-23 9:44:51, {f4ba3e13-556f-6a3a-dd00-000000002600},5340,C:\Users\Administrator\AppData\Local\Temp\Rem\rems.exe,,,CHILD\Administrator,,,,,,,,,,,,,,,,tcp, true, false,192.169.34.187,WIN-AREA23PG7FQ.CHILD.APT.LOCAL,55780,-, false,192.169.34.199,-,8090,-,,,,,,,,,,,,,,,,,,,,,,,Usermode,C.4f04b5de911bf0cd,C.4f04b5de911bf0cd
1.78221E+12,,,,,,,,,,,2026-06-23 9:44:52, {f4ba3e13-556f-6a3a-dd00-000000002600},5340,C:\Users\Administrator\AppData\Local\Temp\Rem\rems.exe,,,CHILD\Administrator,,,,,,,,,,,,,,,,tcp, true, false,192.169.34.187,WIN-AREA23PG7FQ.CHILD.APT.LOCAL,55781,-, false,192.169.34.199,-,8090,-,,,,,,,,,,,,,,,,,,,,,,,Usermode,C.4f04b5de911bf0cd,C.4f04b5de911bf0cd
1.78221E+12,,,,,,,,,,,2026-06-23 9:44:53, {f4ba3e13-5568-6a3a-d500-000000002600},5920,C:\Windows\Microsoft.NET\Framework\v4.0.30319\MSBuild.exe,,,CHILD\Administrator,,,,,,,,,,,,,,,,tcp, true, false,192.169.34.187,WIN-AREA23PG7FQ.CHILD.APT.LOCAL,55782,-, false,192.169.34.199,-,1963,-,,,,,,,,,,,,,,,,,,,,,,,-,C.4f04b5de911bf0cd,C.4f04b5de911bf0cd
1.78221E+12,,,,,,,,,,,2026-06-23 9:44:53, {f4ba3e13-556f-6a3a-dd00-000000002600},5340,C:\Users\Administrator\AppData\Local\Temp\Rem\rems.exe,,,CHILD\Administrator,,,,,,,,,,,,,,,,tcp, true, false,192.169.34.187,WIN-AREA23PG7FQ.CHILD.APT.LOCAL,55784,-, false,192.169.34.199,-,8090,-,,,,,,,,,,,,,,,,,,,,,,,Usermode,C.4f04b5de911bf0cd,C.4f04b5de911bf0cd
1.78221E+12,,,,,,,,,,,2026-06-23 9:44:54, {f4ba3e13-556f-6a3a-dd00-000000002600},5340,C:\Users\Administrator\AppData\Local\Temp\Rem\rems.exe,,,CHILD\Administrator,,,,,,,,,,,,,,,,tcp, true, false,192.169.34.187,WIN-AREA23PG7FQ.CHILD.APT.LOCAL,55785,-, false,192.169.34.199,-,8090,-,,,,,,,,,,,,,,,,,,,,,,,Usermode,C.4f04b5de911bf0cd,C.4f04b5de911bf0cd
1.78221E+12,,,,,,,,,,,2026-06-23 9:44:55, {f4ba3e13-5568-6a3a-d500-000000002600},5920,C:\Windows\Microsoft.NET\Framework\v4.0.30319\MSBuild.exe,,,CHILD\Administrator,,,,,,,,,,,,,,,,tcp, true, false,192.169.34.187,WIN-AREA23PG7FQ.CHILD.APT.LOCAL,55786,-, false,192.169.34.199,-,1963,-,,,,,,,,,,,,,,,,,,,,,,,-,C.4f04b5de911bf0cd,C.4f04b5de911bf0cd
1.78221E+12,,,,,,,,,,,2026-06-23 9:44:55, {f4ba3e13-556f-6a3a-dd00-000000002600},5340,C:\Users\Administrator\AppData\Local\Temp\Rem\rems.exe,,,CHILD\Administrator,,,,,,,,,,,,,,,,tcp, true, false,192.169.34.187,WIN-AREA23PG7FQ.CHILD.APT.LOCAL,55787,-, false,192.169.34.199,-,8090,-,,,,,,,,,,,,,,,,,,,,,,,Usermode,C.4f04b5de911bf0cd,C.4f04b5de911bf0cd
1.78221E+12,,,,,,,,,,,2026-06-23 9:44:56, {f4ba3e13-556f-6a3a-dd00-000000002600},5340,C:\Users\Administrator\AppData\Local\Temp\Rem\rems.exe,,,CHILD\Administrator,,,,,,,,,,,,,,,,tcp, true, false,192.169.34.187,WIN-AREA23PG7FQ.CHILD.APT.LOCAL,55788,-, false,192.169.34.199,-,8090,-,,,,,,,,,,,,,,,,,,,,,,,Usermode,C.4f04b5de911bf0cd,C.4f04b5de911bf0cd
1.78221E+12,,,,,,,,,,,2026-06-23 9:44:57, {f4ba3e13-5568-6a3a-d500-000000002600},5920,C:\Windows\Microsoft.NET\Framework\v4.0.30319\MSBuild.exe,,,CHILD\Administrator,,,,,,,,,,,,,,,,tcp, true, false,192.169.34.187,WIN-AREA23PG7FQ.CHILD.APT.LOCAL,55789,-, false,192.169.34.199,-,1963,-,,,,,,,,,,,,,,,,,,,,,,,-,C.4f04b5de911bf0cd,C.4f04b5de911bf0cd
1.78221E+12,,,,,,,,,,,2026-06-23 9:44:57, {f4ba3e13-556f-6a3a-dd00-000000002600},5340,C:\Users\Administrator\AppData\Local\Temp\Rem\rems.exe,,,CHILD\Administrator,,,,,,,,,,,,,,,,tcp, true, false,192.169.34.187,WIN-AREA23PG7FQ.CHILD.APT.LOCAL,55790,-, false,192.169.34.199,-,8090,-,,,,,,,,,,,,,,,,,,,,,,,Usermode,C.4f04b5de911bf0cd,C.4f04b5de911bf0cd
1.78221E+12,,,,,,,,,,,2026-06-23 9:44:58, {f4ba3e13-556f-6a3a-dd00-000000002600},5340,C:\Users\Administrator\AppData\Local\Temp\Rem\rems.exe,,,CHILD\Administrator,,,,,,,,,,,,,,,,tcp, true, false,192.169.34.187,WIN-AREA23PG7FQ.CHILD.APT.LOCAL,55791,-, false,192.169.34.199,-,8090,-,,,,,,,,,,,,,,,,,,,,,,,Usermode,C.4f04b5de911bf0cd,C.4f04b5de911bf0cd
1.78221E+12,,,,,,,,,,,2026-06-23 9:44:59, {f4ba3e13-5568-6a3a-d500-000000002600},5920,C:\Windows\Microsoft.NET\Framework\v4.0.30319\MSBuild.exe,,,CHILD\Administrator,,,,,,,,,,,,,,,,tcp, true, false,192.169.34.187,WIN-AREA23PG7FQ.CHILD.APT.LOCAL,55792,-, false,192.169.34.199,-,1963,-,,,,,,,,,,,,,,,,,,,,,,,-,C.4f04b5de911bf0cd,C.4f04b5de911bf0cd
1.78221E+12,,,,,,,,,,,2026-06-23 9:44:59, {f4ba3e13-556f-6a3a-dd00-000000002600},5340,C:\Users\Administrator\AppData\Local\Temp\Rem\rems.exe,,,CHILD\Administrator,,,,,,,,,,,,,,,,tcp, true, false,192.169.34.187,WIN-AREA23PG7FQ.CHILD.APT.LOCAL,55793,-, false,192.169.34.199,-,8090,-,,,,,,,,,,,,,,,,,,,,,,,Usermode,C.4f04b5de911bf0cd,C.4f04b5de911bf0cd
1.78221E+12,,,,,,,,,,,2026-06-23 9:45:00, {f4ba3e13-556f-6a3a-dd00-000000002600},5340,C:\Users\Administrator\AppData\Local\Temp\Rem\rems.exe,,,CHILD\Administrator,,,,,,,,,,,,,,,,tcp, true, false,192.169.34.187,WIN-AREA23PG7FQ.CHILD.APT.LOCAL,55794,-, false,192.169.34.199,-,8090,-,,,,,,,,,,,,,,,,,,,,,,,Usermode,C.4f04b5de911bf0cd,C.4f04b5de911bf0cd
1.78221E+12,,,,,,,,,,,2026-06-23 9:45:01, {f4ba3e13-5568-6a3a-d500-000000002600},5920,C:\Windows\Microsoft.NET\Framework\v4.0.30319\MSBuild.exe,,,CHILD\Administrator,,,,,,,,,,,,,,,,tcp, true, false,192.169.34.187,WIN-AREA23PG7FQ.CHILD.APT.LOCAL,55795,-, false,192.169.34.199,-,1963,-,,,,,,,,,,,,,,,,,,,,,,,-,C.4f04b5de911bf0cd,C.4f04b5de911bf0cd
1.78221E+12,,,,,,,,,,,2026-06-23 9:45:01, {f4ba3e13-556f-6a3a-dd00-000000002600},5340,C:\Users\Administrator\AppData\Local\Temp\Rem\rems.exe,,,CHILD\Administrator,,,,,,,,,,,,,,,,tcp, true, false,192.169.34.187,WIN-AREA23PG7FQ.CHILD.APT.LOCAL,55796,-, false,192.169.34.199,-,8090,-,,,,,,,,,,,,,,,,,,,,,,,Usermode,C.4f04b5de911bf0cd,C.4f04b5de911bf0cd
1.78221E+12,,,,,,,,,,,2026-06-23 9:45:02, {f4ba3e13-556f-6a3a-dd00-000000002600},5340,C:\Users\Administrator\AppData\Local\Temp\Rem\rems.exe,,,CHILD\Administrator,,,,,,,,,,,,,,,,tcp, true, false,192.169.34.187,WIN-AREA23PG7FQ.CHILD.APT.LOCAL,55797,-, false,192.169.34.199,-,8090,-,,,,,,,,,,,,,,,,,,,,,,,Usermode,C.4f04b5de911bf0cd,C.4f04b5de911bf0cd
1.78221E+12,,,,,,,,,,,2026-06-23 9:45:03, {f4ba3e13-5568-6a3a-d500-000000002600},5920,C:\Windows\Microsoft.NET\Framework\v4.0.30319\MSBuild.exe,,,CHILD\Administrator,,,,,,,,,,,,,,,,tcp, true, false,192.169.34.187,WIN-AREA23PG7FQ.CHILD.APT.LOCAL,55799,-, false,192.169.34.199,-,1963,-,,,,,,,,,,,,,,,,,,,,,,,-,C.4f04b5de911bf0cd,C.4f04b5de911bf0cd
1.78221E+12,,,,,,,,,,,2026-06-23 9:45:03, {f4ba3e13-556f-6a3a-dd00-000000002600},5340,C:\Users\Administrator\AppData\Local\Temp\Rem\rems.exe,,,CHILD\Administrator,,,,,,,,,,,,,,,,tcp, true, false,192.169.34.187,WIN-AREA23PG7FQ.CHILD.APT.LOCAL,55800,-, false,192.169.34.199,-,8090,-,,,,,,,,,,,,,,,,,,,,,,,Usermode,C.4f04b5de911bf0cd,C.4f04b5de911bf0cd
1.78221E+12,,,,,,,,,,,2026-06-23 9:45:04, {f4ba3e13-556f-6a3a-dd00-000000002600},5340,C:\Users\Administrator\AppData\Local\Temp\Rem\rems.exe,,,CHILD\Administrator,,,,,,,,,,,,,,,,tcp, true, false,192.169.34.187,WIN-AREA23PG7FQ.CHILD.APT.LOCAL,55801,-, false,192.169.34.199,-,8090,-,,,,,,,,,,,,,,,,,,,,,,,Usermode,C.4f04b5de911bf0cd,C.4f04b5de911bf0cd
1.78221E+12,,,,,,,,,,,2026-06-23 9:45:05, {f4ba3e13-5568-6a3a-d500-000000002600},5920,C:\Windows\Microsoft.NET\Framework\v4.0.30319\MSBuild.exe,,,CHILD\Administrator,,,,,,,,,,,,,,,,tcp, true, false,192.169.34.187,WIN-AREA23PG7FQ.CHILD.APT.LOCAL,55802,-, false,192.169.34.199,-,1963,-,,,,,,,,,,,,,,,,,,,,,,,-,C.4f04b5de911bf0cd,C.4f04b5de911bf0cd
1.78221E+12,,,,,,,,,,,2026-06-23 9:45:05, {f4ba3e13-556f-6a3a-dd00-000000002600},5340,C:\Users\Administrator\AppData\Local\Temp\Rem\rems.exe,,,CHILD\Administrator,,,,,,,,,,,,,,,,tcp, true, false,192.169.34.187,WIN-AREA23PG7FQ.CHILD.APT.LOCAL,55803,-, false,192.169.34.199,-,8090,-,,,,,,,,,,,,,,,,,,,,,,,Usermode,C.4f04b5de911bf0cd,C.4f04b5de911bf0cd
1.78221E+12,,,,,,,,,,,2026-06-23 9:45:06, {f4ba3e13-556f-6a3a-dd00-000000002600},5340,C:\Users\Administrator\AppData\Local\Temp\Rem\rems.exe,,,CHILD\Administrator,,,,,,,,,,,,,,,,tcp, true, false,192.169.34.187,WIN-AREA23PG7FQ.CHILD.APT.LOCAL,55804,-, false,192.169.34.199,-,8090,-,,,,,,,,,,,,,,,,,,,,,,,Usermode,C.4f04b5de911bf0cd,C.4f04b5de911bf0cd
1.78221E+12,,,,,,,,,,,2026-06-23 9:45:07, {f4ba3e13-5568-6a3a-d500-000000002600},5920,C:\Windows\Microsoft.NET\Framework\v4.0.30319\MSBuild.exe,,,CHILD\Administrator,,,,,,,,,,,,,,,,tcp, true, false,192.169.34.187,WIN-AREA23PG7FQ.CHILD.APT.LOCAL,55805,-, false,192.169.34.199,-,1963,-,,,,,,,,,,,,,,,,,,,,,,,-,C.4f04b5de911bf0cd,C.4f04b5de911bf0cd
1.78221E+12,,,,,,,,,,,2026-06-23 9:45:07, {f4ba3e13-556f-6a3a-dd00-000000002600},5340,C:\Users\Administrator\AppData\Local\Temp\Rem\rems.exe,,,CHILD\Administrator,,,,,,,,,,,,,,,,tcp, true, false,192.169.34.187,WIN-AREA23PG7FQ.CHILD.APT.LOCAL,55807,-, false,192.169.34.199,-,8090,-,,,,,,,,,,,,,,,,,,,,,,,Usermode,C.4f04b5de911bf0cd,C.4f04b5de911bf0cd
1.78221E+12,,,,,,,,,,,2026-06-23 9:45:08, {f4ba3e13-556f-6a3a-dd00-000000002600},5340,C:\Users\Administrator\AppData\Local\Temp\Rem\rems.exe,,,CHILD\Administrator,,,,,,,,,,,,,,,,tcp, true, false,192.169.34.187,WIN-AREA23PG7FQ.CHILD.APT.LOCAL,55809,-, false,192.169.34.199,-,8090,-,,,,,,,,,,,,,,,,,,,,,,,Usermode,C.4f04b5de911bf0cd,C.4f04b5de911bf0cd
1.78221E+12,,,,,,,,,,,2026-06-23 9:45:09, {f4ba3e13-5568-6a3a-d500-000000002600},5920,C:\Windows\Microsoft.NET\Framework\v4.0.30319\MSBuild.exe,,,CHILD\Administrator,,,,,,,,,,,,,,,,tcp, true, false,192.169.34.187,WIN-AREA23PG7FQ.CHILD.APT.LOCAL,55810,-, false,192.169.34.199,-,1963,-,,,,,,,,,,,,,,,,,,,,,,,-,C.4f04b5de911bf0cd,C.4f04b5de911bf0cd
1.78221E+12,,,,,,,,,,,2026-06-23 9:45:09, {f4ba3e13-556f-6a3a-dd00-000000002600},5340,C:\Users\Administrator\AppData\Local\Temp\Rem\rems.exe,,,CHILD\Administrator,,,,,,,,,,,,,,,,tcp, true, false,192.169.34.187,WIN-AREA23PG7FQ.CHILD.APT.LOCAL,55811,-, false,192.169.34.199,-,8090,-,,,,,,,,,,,,,,,,,,,,,,,Usermode,C.4f04b5de911bf0cd,C.4f04b5de911bf0cd
1.78221E+12,,,,,,,,,,,2026-06-23 9:45:10, {f4ba3e13-556f-6a3a-dd00-000000002600},5340,C:\Users\Administrator\AppData\Local\Temp\Rem\rems.exe,,,CHILD\Administrator,,,,,,,,,,,,,,,,tcp, true, false,192.169.34.187,WIN-AREA23PG7FQ.CHILD.APT.LOCAL,55812,-, false,192.169.34.199,-,8090,-,,,,,,,,,,,,,,,,,,,,,,,Usermode,C.4f04b5de911bf0cd,C.4f04b5de911bf0cd
1.78221E+12,,,,,,,,,,,2026-06-23 9:45:11, {f4ba3e13-5568-6a3a-d500-000000002600},5920,C:\Windows\Microsoft.NET\Framework\v4.0.30319\MSBuild.exe,,,CHILD\Administrator,,,,,,,,,,,,,,,,tcp, true, false,192.169.34.187,WIN-AREA23PG7FQ.CHILD.APT.LOCAL,55814,-, false,192.169.34.199,-,1963,-,,,,,,,,,,,,,,,,,,,,,,,-,C.4f04b5de911bf0cd,C.4f04b5de911bf0cd
1.78221E+12,,,,,,,,,,,2026-06-23 9:45:11, {f4ba3e13-556f-6a3a-dd00-000000002600},5340,C:\Users\Administrator\AppData\Local\Temp\Rem\rems.exe,,,CHILD\Administrator,,,,,,,,,,,,,,,,tcp, true, false,192.169.34.187,WIN-AREA23PG7FQ.CHILD.APT.LOCAL,55815,-, false,192.169.34.199,-,8090,-,,,,,,,,,,,,,,,,,,,,,,,Usermode,C.4f04b5de911bf0cd,C.4f04b5de911bf0cd
1.78221E+12,,,,,,,,,,,2026-06-23 9:45:12, {f4ba3e13-556f-6a3a-dd00-000000002600},5340,C:\Users\Administrator\AppData\Local\Temp\Rem\rems.exe,,,CHILD\Administrator,,,,,,,,,,,,,,,,tcp, true, false,192.169.34.187,WIN-AREA23PG7FQ.CHILD.APT.LOCAL,55816,-, false,192.169.34.199,-,8090,-,,,,,,,,,,,,,,,,,,,,,,,Usermode,C.4f04b5de911bf0cd,C.4f04b5de911bf0cd
1.78221E+12,,,,,,,,,,,2026-06-23 9:45:13, {f4ba3e13-5568-6a3a-d500-000000002600},5920,C:\Windows\Microsoft.NET\Framework\v4.0.30319\MSBuild.exe,,,CHILD\Administrator,,,,,,,,,,,,,,,,tcp, true, false,192.169.34.187,WIN-AREA23PG7FQ.CHILD.APT.LOCAL,55817,-, false,192.169.34.199,-,1963,-,,,,,,,,,,,,,,,,,,,,,,,-,C.4f04b5de911bf0cd,C.4f04b5de911bf0cd
1.78221E+12,,,,,,,,,,,2026-06-23 9:45:13, {f4ba3e13-556f-6a3a-dd00-000000002600},5340,C:\Users\Administrator\AppData\Local\Temp\Rem\rems.exe,,,CHILD\Administrator,,,,,,,,,,,,,,,,tcp, true, false,192.169.34.187,WIN-AREA23PG7FQ.CHILD.APT.LOCAL,55818,-, false,192.169.34.199,-,8090,-,,,,,,,,,,,,,,,,,,,,,,,Usermode,C.4f04b5de911bf0cd,C.4f04b5de911bf0cd
1.78221E+12,,,,,,,,,,,2026-06-23 9:45:14, {f4ba3e13-556f-6a3a-dd00-000000002600},5340,C:\Users\Administrator\AppData\Local\Temp\Rem\rems.exe,,,CHILD\Administrator,,,,,,,,,,,,,,,,tcp, true, false,192.169.34.187,WIN-AREA23PG7FQ.CHILD.APT.LOCAL,55819,-, false,192.169.34.199,-,8090,-,,,,,,,,,,,,,,,,,,,,,,,Usermode,C.4f04b5de911bf0cd,C.4f04b5de911bf0cd
1.78221E+12,,,,,,,,,,,2026-06-23 9:45:15, {f4ba3e13-5568-6a3a-d500-000000002600},5920,C:\Windows\Microsoft.NET\Framework\v4.0.30319\MSBuild.exe,,,CHILD\Administrator,,,,,,,,,,,,,,,,tcp, true, false,192.169.34.187,WIN-AREA23PG7FQ.CHILD.APT.LOCAL,55821,-, false,192.169.34.199,-,1963,-,,,,,,,,,,,,,,,,,,,,,,,-,C.4f04b5de911bf0cd,C.4f04b5de911bf0cd
1.78221E+12,,,,,,,,,,,2026-06-23 9:45:15, {f4ba3e13-556f-6a3a-dd00-000000002600},5340,C:\Users\Administrator\AppData\Local\Temp\Rem\rems.exe,,,CHILD\Administrator,,,,,,,,,,,,,,,,tcp, true, false,192.169.34.187,WIN-AREA23PG7FQ.CHILD.APT.LOCAL,55822,-, false,192.169.34.199,-,8090,-,,,,,,,,,,,,,,,,,,,,,,,Usermode,C.4f04b5de911bf0cd,C.4f04b5de911bf0cd
1.78221E+12,,,,,,,,,,,2026-06-23 9:45:16, {f4ba3e13-556f-6a3a-dd00-000000002600},5340,C:\Users\Administrator\AppData\Local\Temp\Rem\rems.exe,,,CHILD\Administrator,,,,,,,,,,,,,,,,tcp, true, false,192.169.34.187,WIN-AREA23PG7FQ.CHILD.APT.LOCAL,55823,-, false,192.169.34.199,-,8090,-,,,,,,,,,,,,,,,,,,,,,,,Usermode,C.4f04b5de911bf0cd,C.4f04b5de911bf0cd
1.78221E+12,,,,,,,,,,,2026-06-23 9:45:17, {f4ba3e13-5568-6a3a-d500-000000002600},5920,C:\Windows\Microsoft.NET\Framework\v4.0.30319\MSBuild.exe,,,CHILD\Administrator,,,,,,,,,,,,,,,,tcp, true, false,192.169.34.187,WIN-AREA23PG7FQ.CHILD.APT.LOCAL,55825,-, false,192.169.34.199,-,1963,-,,,,,,,,,,,,,,,,,,,,,,,-,C.4f04b5de911bf0cd,C.4f04b5de911bf0cd
1.78221E+12,,,,,,,,,,,2026-06-23 9:45:18, {f4ba3e13-556f-6a3a-dd00-000000002600},5340,C:\Users\Administrator\AppData\Local\Temp\Rem\rems.exe,,,CHILD\Administrator,,,,,,,,,,,,,,,,tcp, true, false,192.169.34.187,WIN-AREA23PG7FQ.CHILD.APT.LOCAL,55826,-, false,192.169.34.199,-,8090,-,,,,,,,,,,,,,,,,,,,,,,,Usermode,C.4f04b5de911bf0cd,C.4f04b5de911bf0cd
1.78221E+12,,,,,,,,,,,2026-06-23 9:45:19, {f4ba3e13-556f-6a3a-dd00-000000002600},5340,C:\Users\Administrator\AppData\Local\Temp\Rem\rems.exe,,,CHILD\Administrator,,,,,,,,,,,,,,,,tcp, true, false,192.169.34.187,WIN-AREA23PG7FQ.CHILD.APT.LOCAL,55827,-, false,192.169.34.199,-,8090,-,,,,,,,,,,,,,,,,,,,,,,,Usermode,C.4f04b5de911bf0cd,C.4f04b5de911bf0cd
1.78221E+12,,,,,,,,,,,2026-06-23 9:45:20, {f4ba3e13-5568-6a3a-d500-000000002600},5920,C:\Windows\Microsoft.NET\Framework\v4.0.30319\MSBuild.exe,,,CHILD\Administrator,,,,,,,,,,,,,,,,tcp, true, false,192.169.34.187,WIN-AREA23PG7FQ.CHILD.APT.LOCAL,55828,-, false,192.169.34.199,-,1963,-,,,,,,,,,,,,,,,,,,,,,,,-,C.4f04b5de911bf0cd,C.4f04b5de911bf0cd
1.78221E+12,,,,,,,,,,,2026-06-23 9:45:20, {f4ba3e13-556f-6a3a-dd00-000000002600},5340,C:\Users\Administrator\AppData\Local\Temp\Rem\rems.exe,,,CHILD\Administrator,,,,,,,,,,,,,,,,tcp, true, false,192.169.34.187,WIN-AREA23PG7FQ.CHILD.APT.LOCAL,55829,-, false,192.169.34.199,-,8090,-,,,,,,,,,,,,,,,,,,,,,,,Usermode,C.4f04b5de911bf0cd,C.4f04b5de911bf0cd
1.78221E+12,,,,,,,,,,,2026-06-23 9:45:21, {f4ba3e13-556f-6a3a-dd00-000000002600},5340,C:\Users\Administrator\AppData\Local\Temp\Rem\rems.exe,,,CHILD\Administrator,,,,,,,,,,,,,,,,tcp, true, false,192.169.34.187,WIN-AREA23PG7FQ.CHILD.APT.LOCAL,55830,-, false,192.169.34.199,-,8090,-,,,,,,,,,,,,,,,,,,,,,,,Usermode,C.4f04b5de911bf0cd,C.4f04b5de911bf0cd
1.78221E+12,,,,,,,,,,,2026-06-23 9:45:22, {f4ba3e13-5568-6a3a-d500-000000002600},5920,C:\Windows\Microsoft.NET\Framework\v4.0.30319\MSBuild.exe,,,CHILD\Administrator,,,,,,,,,,,,,,,,tcp, true, false,192.169.34.187,WIN-AREA23PG7FQ.CHILD.APT.LOCAL,55831,-, false,192.169.34.199,-,1963,-,,,,,,,,,,,,,,,,,,,,,,,-,C.4f04b5de911bf0cd,C.4f04b5de911bf0cd
1.78221E+12,,,,,,,,,,,2026-06-23 9:45:22, {f4ba3e13-556f-6a3a-dd00-000000002600},5340,C:\Users\Administrator\AppData\Local\Temp\Rem\rems.exe,,,CHILD\Administrator,,,,,,,,,,,,,,,,tcp, true, false,192.169.34.187,WIN-AREA23PG7FQ.CHILD.APT.LOCAL,55832,-, false,192.169.34.199,-,8090,-,,,,,,,,,,,,,,,,,,,,,,,Usermode,C.4f04b5de911bf0cd,C.4f04b5de911bf0cd
1.78221E+12,,,,,,,,,,,2026-06-23 9:45:23, {f4ba3e13-556f-6a3a-dd00-000000002600},5340,C:\Users\Administrator\AppData\Local\Temp\Rem\rems.exe,,,CHILD\Administrator,,,,,,,,,,,,,,,,tcp, true, false,192.169.34.187,WIN-AREA23PG7FQ.CHILD.APT.LOCAL,55833,-, false,192.169.34.199,-,8090,-,,,,,,,,,,,,,,,,,,,,,,,Usermode,C.4f04b5de911bf0cd,C.4f04b5de911bf0cd
1.78221E+12,,,,,,,,,,,2026-06-23 9:45:24, {f4ba3e13-5568-6a3a-d500-000000002600},5920,C:\Windows\Microsoft.NET\Framework\v4.0.30319\MSBuild.exe,,,CHILD\Administrator,,,,,,,,,,,,,,,,tcp, true, false,192.169.34.187,WIN-AREA23PG7FQ.CHILD.APT.LOCAL,55834,-, false,192.169.34.199,-,1963,-,,,,,,,,,,,,,,,,,,,,,,,-,C.4f04b5de911bf0cd,C.4f04b5de911bf0cd
1.78221E+12,,,,,,,,,,,2026-06-23 9:45:24, {f4ba3e13-556f-6a3a-dd00-000000002600},5340,C:\Users\Administrator\AppData\Local\Temp\Rem\rems.exe,,,CHILD\Administrator,,,,,,,,,,,,,,,,tcp, true, false,192.169.34.187,WIN-AREA23PG7FQ.CHILD.APT.LOCAL,55835,-, false,192.169.34.199,-,8090,-,,,,,,,,,,,,,,,,,,,,,,,Usermode,C.4f04b5de911bf0cd,C.4f04b5de911bf0cd
1.78221E+12,,,,,,,,,,,2026-06-23 9:45:25, {f4ba3e13-556f-6a3a-dd00-000000002600},5340,C:\Users\Administrator\AppData\Local\Temp\Rem\rems.exe,,,CHILD\Administrator,,,,,,,,,,,,,,,,tcp, true, false,192.169.34.187,WIN-AREA23PG7FQ.CHILD.APT.LOCAL,55837,-, false,192.169.34.199,-,8090,-,,,,,,,,,,,,,,,,,,,,,,,Usermode,C.4f04b5de911bf0cd,C.4f04b5de911bf0cd
1.78221E+12,,,,,,,,,,,2026-06-23 9:45:26, {f4ba3e13-5568-6a3a-d500-000000002600},5920,C:\Windows\Microsoft.NET\Framework\v4.0.30319\MSBuild.exe,,,CHILD\Administrator,,,,,,,,,,,,,,,,tcp, true, false,192.169.34.187,WIN-AREA23PG7FQ.CHILD.APT.LOCAL,55838,-, false,192.169.34.199,-,1963,-,,,,,,,,,,,,,,,,,,,,,,,-,C.4f04b5de911bf0cd,C.4f04b5de911bf0cd
1.78221E+12,,,,,,,,,,,2026-06-23 9:45:26, {f4ba3e13-556f-6a3a-dd00-000000002600},5340,C:\Users\Administrator\AppData\Local\Temp\Rem\rems.exe,,,CHILD\Administrator,,,,,,,,,,,,,,,,tcp, true, false,192.169.34.187,WIN-AREA23PG7FQ.CHILD.APT.LOCAL,55839,-, false,192.169.34.199,-,8090,-,,,,,,,,,,,,,,,,,,,,,,,Usermode,C.4f04b5de911bf0cd,C.4f04b5de911bf0cd
1.78221E+12,,,,,,,,,,,2026-06-23 9:45:27, {f4ba3e13-556f-6a3a-dd00-000000002600},5340,C:\Users\Administrator\AppData\Local\Temp\Rem\rems.exe,,,CHILD\Administrator,,,,,,,,,,,,,,,,tcp, true, false,192.169.34.187,WIN-AREA23PG7FQ.CHILD.APT.LOCAL,55840,-, false,192.169.34.199,-,8090,-,,,,,,,,,,,,,,,,,,,,,,,Usermode,C.4f04b5de911bf0cd,C.4f04b5de911bf0cd
1.78221E+12,,,,,,,,,,,2026-06-23 9:45:28, {f4ba3e13-556f-6a3a-dd00-000000002600},5340,C:\Users\Administrator\AppData\Local\Temp\Rem\rems.exe,,,CHILD\Administrator,,,,,,,,,,,,,,,,tcp, true, false,192.169.34.187,WIN-AREA23PG7FQ.CHILD.APT.LOCAL,55841,-, false,192.169.34.199,-,8090,-,,,,,,,,,,,,,,,,,,,,,,,Usermode,C.4f04b5de911bf0cd,C.4f04b5de911bf0cd
1.78221E+12,,,,,,,,,,,2026-06-23 9:45:28, {f4ba3e13-5568-6a3a-d500-000000002600},5920,C:\Windows\Microsoft.NET\Framework\v4.0.30319\MSBuild.exe,,,CHILD\Administrator,,,,,,,,,,,,,,,,tcp, true, false,192.169.34.187,WIN-AREA23PG7FQ.CHILD.APT.LOCAL,55842,-, false,192.169.34.199,-,1963,-,,,,,,,,,,,,,,,,,,,,,,,-,C.4f04b5de911bf0cd,C.4f04b5de911bf0cd
1.78221E+12,,,,,,,,,,,2026-06-23 9:45:29, {f4ba3e13-556f-6a3a-dd00-000000002600},5340,C:\Users\Administrator\AppData\Local\Temp\Rem\rems.exe,,,CHILD\Administrator,,,,,,,,,,,,,,,,tcp, true, false,192.169.34.187,WIN-AREA23PG7FQ.CHILD.APT.LOCAL,55843,-, false,192.169.34.199,-,8090,-,,,,,,,,,,,,,,,,,,,,,,,Usermode,C.4f04b5de911bf0cd,C.4f04b5de911bf0cd
1.78221E+12,,,,,,,,,,,2026-06-23 9:45:30, {f4ba3e13-556f-6a3a-dd00-000000002600},5340,C:\Users\Administrator\AppData\Local\Temp\Rem\rems.exe,,,CHILD\Administrator,,,,,,,,,,,,,,,,tcp, true, false,192.169.34.187,WIN-AREA23PG7FQ.CHILD.APT.LOCAL,55844,-, false,192.169.34.199,-,8090,-,,,,,,,,,,,,,,,,,,,,,,,Usermode,C.4f04b5de911bf0cd,C.4f04b5de911bf0cd
1.78221E+12,,,,,,,,,,,2026-06-23 9:45:30, {f4ba3e13-5568-6a3a-d500-000000002600},5920,C:\Windows\Microsoft.NET\Framework\v4.0.30319\MSBuild.exe,,,CHILD\Administrator,,,,,,,,,,,,,,,,tcp, true, false,192.169.34.187,WIN-AREA23PG7FQ.CHILD.APT.LOCAL,55845,-, false,192.169.34.199,-,1963,-,,,,,,,,,,,,,,,,,,,,,,,-,C.4f04b5de911bf0cd,C.4f04b5de911bf0cd
1.78221E+12,,,,,,,,,,,2026-06-23 9:45:31, {f4ba3e13-556f-6a3a-dd00-000000002600},5340,C:\Users\Administrator\AppData\Local\Temp\Rem\rems.exe,,,CHILD\Administrator,,,,,,,,,,,,,,,,tcp, true, false,192.169.34.187,WIN-AREA23PG7FQ.CHILD.APT.LOCAL,55850,-, false,192.169.34.199,-,8090,-,,,,,,,,,,,,,,,,,,,,,,,Usermode,C.4f04b5de911bf0cd,C.4f04b5de911bf0cd
1.78221E+12,,,,,,,,,,,2026-06-23 9:45:32, {f4ba3e13-556f-6a3a-dd00-000000002600},5340,C:\Users\Administrator\AppData\Local\Temp\Rem\rems.exe,,,CHILD\Administrator,,,,,,,,,,,,,,,,tcp, true, false,192.169.34.187,WIN-AREA23PG7FQ.CHILD.APT.LOCAL,55851,-, false,192.169.34.199,-,8090,-,,,,,,,,,,,,,,,,,,,,,,,Usermode,C.4f04b5de911bf0cd,C.4f04b5de911bf0cd
1.78221E+12,,,,,,,,,,,2026-06-23 9:45:32, {f4ba3e13-5568-6a3a-d500-000000002600},5920,C:\Windows\Microsoft.NET\Framework\v4.0.30319\MSBuild.exe,,,CHILD\Administrator,,,,,,,,,,,,,,,,tcp, true, false,192.169.34.187,WIN-AREA23PG7FQ.CHILD.APT.LOCAL,55852,-, false,192.169.34.199,-,1963,-,,,,,,,,,,,,,,,,,,,,,,,-,C.4f04b5de911bf0cd,C.4f04b5de911bf0cd
1.78221E+12,,,,,,,,,,,2026-06-23 9:45:33, {f4ba3e13-556f-6a3a-dd00-000000002600},5340,C:\Users\Administrator\AppData\Local\Temp\Rem\rems.exe,,,CHILD\Administrator,,,,,,,,,,,,,,,,tcp, true, false,192.169.34.187,WIN-AREA23PG7FQ.CHILD.APT.LOCAL,55853,-, false,192.169.34.199,-,8090,-,,,,,,,,,,,,,,,,,,,,,,,Usermode,C.4f04b5de911bf0cd,C.4f04b5de911bf0cd
1.78221E+12,,,,,,,,,,,2026-06-23 9:45:34, {f4ba3e13-556f-6a3a-dd00-000000002600},5340,C:\Users\Administrator\AppData\Local\Temp\Rem\rems.exe,,,CHILD\Administrator,,,,,,,,,,,,,,,,tcp, true, false,192.169.34.187,WIN-AREA23PG7FQ.CHILD.APT.LOCAL,55854,-, false,192.169.34.199,-,8090,-,,,,,,,,,,,,,,,,,,,,,,,Usermode,C.4f04b5de911bf0cd,C.4f04b5de911bf0cd
1.78221E+12,,,,,,,,,,,2026-06-23 9:45:34, {f4ba3e13-5568-6a3a-d500-000000002600},5920,C:\Windows\Microsoft.NET\Framework\v4.0.30319\MSBuild.exe,,,CHILD\Administrator,,,,,,,,,,,,,,,,tcp, true, false,192.169.34.187,WIN-AREA23PG7FQ.CHILD.APT.LOCAL,55855,-, false,192.169.34.199,-,1963,-,,,,,,,,,,,,,,,,,,,,,,,-,C.4f04b5de911bf0cd,C.4f04b5de911bf0cd
1.78221E+12,,,,,,,,,,,2026-06-23 9:45:35, {f4ba3e13-556f-6a3a-dd00-000000002600},5340,C:\Users\Administrator\AppData\Local\Temp\Rem\rems.exe,,,CHILD\Administrator,,,,,,,,,,,,,,,,tcp, true, false,192.169.34.187,WIN-AREA23PG7FQ.CHILD.APT.LOCAL,55856,-, false,192.169.34.199,-,8090,-,,,,,,,,,,,,,,,,,,,,,,,Usermode,C.4f04b5de911bf0cd,C.4f04b5de911bf0cd
1.78221E+12,,,,,,,,,,,2026-06-23 9:45:36, {f4ba3e13-556f-6a3a-dd00-000000002600},5340,C:\Users\Administrator\AppData\Local\Temp\Rem\rems.exe,,,CHILD\Administrator,,,,,,,,,,,,,,,,tcp, true, false,192.169.34.187,WIN-AREA23PG7FQ.CHILD.APT.LOCAL,55857,-, false,192.169.34.199,-,8090,-,,,,,,,,,,,,,,,,,,,,,,,Usermode,C.4f04b5de911bf0cd,C.4f04b5de911bf0cd
1.78221E+12,,,,,,,,,,,2026-06-23 9:45:36, {f4ba3e13-5568-6a3a-d500-000000002600},5920,C:\Windows\Microsoft.NET\Framework\v4.0.30319\MSBuild.exe,,,CHILD\Administrator,,,,,,,,,,,,,,,,tcp, true, false,192.169.34.187,WIN-AREA23PG7FQ.CHILD.APT.LOCAL,55858,-, false,192.169.34.199,-,1963,-,,,,,,,,,,,,,,,,,,,,,,,-,C.4f04b5de911bf0cd,C.4f04b5de911bf0cd
1.78221E+12,,,,,,,,,,,2026-06-23 9:45:37, {f4ba3e13-556f-6a3a-dd00-000000002600},5340,C:\Users\Administrator\AppData\Local\Temp\Rem\rems.exe,,,CHILD\Administrator,,,,,,,,,,,,,,,,tcp, true, false,192.169.34.187,WIN-AREA23PG7FQ.CHILD.APT.LOCAL,55859,-, false,192.169.34.199,-,8090,-,,,,,,,,,,,,,,,,,,,,,,,Usermode,C.4f04b5de911bf0cd,C.4f04b5de911bf0cd
1.78221E+12,,,,,,,,,,,2026-06-23 9:45:38, {f4ba3e13-556f-6a3a-dd00-000000002600},5340,C:\Users\Administrator\AppData\Local\Temp\Rem\rems.exe,,,CHILD\Administrator,,,,,,,,,,,,,,,,tcp, true, false,192.169.34.187,WIN-AREA23PG7FQ.CHILD.APT.LOCAL,55860,-, false,192.169.34.199,-,8090,-,,,,,,,,,,,,,,,,,,,,,,,Usermode,C.4f04b5de911bf0cd,C.4f04b5de911bf0cd
1.78221E+12,,,,,,,,,,,2026-06-23 9:45:38, {f4ba3e13-5568-6a3a-d500-000000002600},5920,C:\Windows\Microsoft.NET\Framework\v4.0.30319\MSBuild.exe,,,CHILD\Administrator,,,,,,,,,,,,,,,,tcp, true, false,192.169.34.187,WIN-AREA23PG7FQ.CHILD.APT.LOCAL,55861,-, false,192.169.34.199,-,1963,-,,,,,,,,,,,,,,,,,,,,,,,-,C.4f04b5de911bf0cd,C.4f04b5de911bf0cd
1.78221E+12,,,,,,,,,,,2026-06-23 9:45:39, {f4ba3e13-556f-6a3a-dd00-000000002600},5340,C:\Users\Administrator\AppData\Local\Temp\Rem\rems.exe,,,CHILD\Administrator,,,,,,,,,,,,,,,,tcp, true, false,192.169.34.187,WIN-AREA23PG7FQ.CHILD.APT.LOCAL,55862,-, false,192.169.34.199,-,8090,-,,,,,,,,,,,,,,,,,,,,,,,Usermode,C.4f04b5de911bf0cd,C.4f04b5de911bf0cd
1.78221E+12,,,,,,,,,,,2026-06-23 9:45:40, {f4ba3e13-556f-6a3a-dd00-000000002600},5340,C:\Users\Administrator\AppData\Local\Temp\Rem\rems.exe,,,CHILD\Administrator,,,,,,,,,,,,,,,,tcp, true, false,192.169.34.187,WIN-AREA23PG7FQ.CHILD.APT.LOCAL,55864,-, false,192.169.34.199,-,8090,-,,,,,,,,,,,,,,,,,,,,,,,Usermode,C.4f04b5de911bf0cd,C.4f04b5de911bf0cd
1.78221E+12,,,,,,,,,,,2026-06-23 9:45:40, {f4ba3e13-5568-6a3a-d500-000000002600},5920,C:\Windows\Microsoft.NET\Framework\v4.0.30319\MSBuild.exe,,,CHILD\Administrator,,,,,,,,,,,,,,,,tcp, true, false,192.169.34.187,WIN-AREA23PG7FQ.CHILD.APT.LOCAL,55865,-, false,192.169.34.199,-,1963,-,,,,,,,,,,,,,,,,,,,,,,,-,C.4f04b5de911bf0cd,C.4f04b5de911bf0cd
1.78221E+12,,,,,,,,,,,2026-06-23 9:45:41, {f4ba3e13-556f-6a3a-dd00-000000002600},5340,C:\Users\Administrator\AppData\Local\Temp\Rem\rems.exe,,,CHILD\Administrator,,,,,,,,,,,,,,,,tcp, true, false,192.169.34.187,WIN-AREA23PG7FQ.CHILD.APT.LOCAL,55866,-, false,192.169.34.199,-,8090,-,,,,,,,,,,,,,,,,,,,,,,,Usermode,C.4f04b5de911bf0cd,C.4f04b5de911bf0cd
1.78221E+12,,,,,,,,,,,2026-06-23 9:45:42, {f4ba3e13-556f-6a3a-dd00-000000002600},5340,C:\Users\Administrator\AppData\Local\Temp\Rem\rems.exe,,,CHILD\Administrator,,,,,,,,,,,,,,,,tcp, true, false,192.169.34.187,WIN-AREA23PG7FQ.CHILD.APT.LOCAL,55867,-, false,192.169.34.199,-,8090,-,,,,,,,,,,,,,,,,,,,,,,,Usermode,C.4f04b5de911bf0cd,C.4f04b5de911bf0cd
1.78221E+12,,,,,,,,,,,2026-06-23 9:45:42, {f4ba3e13-5568-6a3a-d500-000000002600},5920,C:\Windows\Microsoft.NET\Framework\v4.0.30319\MSBuild.exe,,,CHILD\Administrator,,,,,,,,,,,,,,,,tcp, true, false,192.169.34.187,WIN-AREA23PG7FQ.CHILD.APT.LOCAL,55868,-, false,192.169.34.199,-,1963,-,,,,,,,,,,,,,,,,,,,,,,,-,C.4f04b5de911bf0cd,C.4f04b5de911bf0cd
1.78221E+12,,,,,,,,,,,2026-06-23 9:45:43, {f4ba3e13-556f-6a3a-dd00-000000002600},5340,C:\Users\Administrator\AppData\Local\Temp\Rem\rems.exe,,,CHILD\Administrator,,,,,,,,,,,,,,,,tcp, true, false,192.169.34.187,WIN-AREA23PG7FQ.CHILD.APT.LOCAL,55869,-, false,192.169.34.199,-,8090,-,,,,,,,,,,,,,,,,,,,,,,,Usermode,C.4f04b5de911bf0cd,C.4f04b5de911bf0cd
1.78221E+12,,,,,,,,,,,2026-06-23 9:45:44, {f4ba3e13-556f-6a3a-dd00-000000002600},5340,C:\Users\Administrator\AppData\Local\Temp\Rem\rems.exe,,,CHILD\Administrator,,,,,,,,,,,,,,,,tcp, true, false,192.169.34.187,WIN-AREA23PG7FQ.CHILD.APT.LOCAL,55870,-, false,192.169.34.199,-,8090,-,,,,,,,,,,,,,,,,,,,,,,,Usermode,C.4f04b5de911bf0cd,C.4f04b5de911bf0cd
1.78221E+12,,,,,,,,,,,2026-06-23 9:45:44, {f4ba3e13-5568-6a3a-d500-000000002600},5920,C:\Windows\Microsoft.NET\Framework\v4.0.30319\MSBuild.exe,,,CHILD\Administrator,,,,,,,,,,,,,,,,tcp, true, false,192.169.34.187,WIN-AREA23PG7FQ.CHILD.APT.LOCAL,55871,-, false,192.169.34.199,-,1963,-,,,,,,,,,,,,,,,,,,,,,,,-,C.4f04b5de911bf0cd,C.4f04b5de911bf0cd
1.78221E+12,,,,,,,,,,,2026-06-23 9:45:45, {f4ba3e13-556f-6a3a-dd00-000000002600},5340,C:\Users\Administrator\AppData\Local\Temp\Rem\rems.exe,,,CHILD\Administrator,,,,,,,,,,,,,,,,tcp, true, false,192.169.34.187,WIN-AREA23PG7FQ.CHILD.APT.LOCAL,55873,-, false,192.169.34.199,-,8090,-,,,,,,,,,,,,,,,,,,,,,,,Usermode,C.4f04b5de911bf0cd,C.4f04b5de911bf0cd
1.78221E+12,,,,,,,,,,,2026-06-23 9:45:46, {f4ba3e13-556f-6a3a-dd00-000000002600},5340,C:\Users\Administrator\AppData\Local\Temp\Rem\rems.exe,,,CHILD\Administrator,,,,,,,,,,,,,,,,tcp, true, false,192.169.34.187,WIN-AREA23PG7FQ.CHILD.APT.LOCAL,55874,-, false,192.169.34.199,-,8090,-,,,,,,,,,,,,,,,,,,,,,,,Usermode,C.4f04b5de911bf0cd,C.4f04b5de911bf0cd
1.78221E+12,,,,,,,,,,,2026-06-23 9:45:46, {f4ba3e13-5568-6a3a-d500-000000002600},5920,C:\Windows\Microsoft.NET\Framework\v4.0.30319\MSBuild.exe,,,CHILD\Administrator,,,,,,,,,,,,,,,,tcp, true, false,192.169.34.187,WIN-AREA23PG7FQ.CHILD.APT.LOCAL,55875,-, false,192.169.34.199,-,1963,-,,,,,,,,,,,,,,,,,,,,,,,-,C.4f04b5de911bf0cd,C.4f04b5de911bf0cd
1.78221E+12,,,,,,,,,,,2026-06-23 9:45:47, {f4ba3e13-556f-6a3a-dd00-000000002600},5340,C:\Users\Administrator\AppData\Local\Temp\Rem\rems.exe,,,CHILD\Administrator,,,,,,,,,,,,,,,,tcp, true, false,192.169.34.187,WIN-AREA23PG7FQ.CHILD.APT.LOCAL,55876,-, false,192.169.34.199,-,8090,-,,,,,,,,,,,,,,,,,,,,,,,Usermode,C.4f04b5de911bf0cd,C.4f04b5de911bf0cd
1.78221E+12,,,,,,,,,,,2026-06-23 9:45:48, {f4ba3e13-556f-6a3a-dd00-000000002600},5340,C:\Users\Administrator\AppData\Local\Temp\Rem\rems.exe,,,CHILD\Administrator,,,,,,,,,,,,,,,,tcp, true, false,192.169.34.187,WIN-AREA23PG7FQ.CHILD.APT.LOCAL,55877,-, false,192.169.34.199,-,8090,-,,,,,,,,,,,,,,,,,,,,,,,Usermode,C.4f04b5de911bf0cd,C.4f04b5de911bf0cd
1.78221E+12,,,,,,,,,,,2026-06-23 9:45:48, {f4ba3e13-5568-6a3a-d500-000000002600},5920,C:\Windows\Microsoft.NET\Framework\v4.0.30319\MSBuild.exe,,,CHILD\Administrator,,,,,,,,,,,,,,,,tcp, true, false,192.169.34.187,WIN-AREA23PG7FQ.CHILD.APT.LOCAL,55878,-, false,192.169.34.199,-,1963,-,,,,,,,,,,,,,,,,,,,,,,,-,C.4f04b5de911bf0cd,C.4f04b5de911bf0cd
1.78221E+12,,,,,,,,,,,2026-06-23 9:45:49, {f4ba3e13-556f-6a3a-dd00-000000002600},5340,C:\Users\Administrator\AppData\Local\Temp\Rem\rems.exe,,,CHILD\Administrator,,,,,,,,,,,,,,,,tcp, true, false,192.169.34.187,WIN-AREA23PG7FQ.CHILD.APT.LOCAL,55879,-, false,192.169.34.199,-,8090,-,,,,,,,,,,,,,,,,,,,,,,,Usermode,C.4f04b5de911bf0cd,C.4f04b5de911bf0cd
1.78221E+12,,,,,,,,,,,2026-06-23 9:45:50, {f4ba3e13-556f-6a3a-dd00-000000002600},5340,C:\Users\Administrator\AppData\Local\Temp\Rem\rems.exe,,,CHILD\Administrator,,,,,,,,,,,,,,,,tcp, true, false,192.169.34.187,WIN-AREA23PG7FQ.CHILD.APT.LOCAL,55881,-, false,192.169.34.199,-,8090,-,,,,,,,,,,,,,,,,,,,,,,,Usermode,C.4f04b5de911bf0cd,C.4f04b5de911bf0cd
1.78221E+12,,,,,,,,,,,2026-06-23 9:45:50, {f4ba3e13-5568-6a3a-d500-000000002600},5920,C:\Windows\Microsoft.NET\Framework\v4.0.30319\MSBuild.exe,,,CHILD\Administrator,,,,,,,,,,,,,,,,tcp, true, false,192.169.34.187,WIN-AREA23PG7FQ.CHILD.APT.LOCAL,55882,-, false,192.169.34.199,-,1963,-,,,,,,,,,,,,,,,,,,,,,,,-,C.4f04b5de911bf0cd,C.4f04b5de911bf0cd
1.78221E+12,,,,,,,,,,,2026-06-23 9:45:51, {f4ba3e13-556f-6a3a-dd00-000000002600},5340,C:\Users\Administrator\AppData\Local\Temp\Rem\rems.exe,,,CHILD\Administrator,,,,,,,,,,,,,,,,tcp, true, false,192.169.34.187,WIN-AREA23PG7FQ.CHILD.APT.LOCAL,55883,-, false,192.169.34.199,-,8090,-,,,,,,,,,,,,,,,,,,,,,,,Usermode,C.4f04b5de911bf0cd,C.4f04b5de911bf0cd
1.78221E+12,,,,,,,,,,,2026-06-23 9:45:52, {f4ba3e13-556f-6a3a-dd00-000000002600},5340,C:\Users\Administrator\AppData\Local\Temp\Rem\rems.exe,,,CHILD\Administrator,,,,,,,,,,,,,,,,tcp, true, false,192.169.34.187,WIN-AREA23PG7FQ.CHILD.APT.LOCAL,55884,-, false,192.169.34.199,-,8090,-,,,,,,,,,,,,,,,,,,,,,,,Usermode,C.4f04b5de911bf0cd,C.4f04b5de911bf0cd
1.78221E+12,,,,,,,,,,,2026-06-23 9:45:52, {f4ba3e13-5568-6a3a-d500-000000002600},5920,C:\Windows\Microsoft.NET\Framework\v4.0.30319\MSBuild.exe,,,CHILD\Administrator,,,,,,,,,,,,,,,,tcp, true, false,192.169.34.187,WIN-AREA23PG7FQ.CHILD.APT.LOCAL,55885,-, false,192.169.34.199,-,1963,-,,,,,,,,,,,,,,,,,,,,,,,-,C.4f04b5de911bf0cd,C.4f04b5de911bf0cd
1.78221E+12,,,,,,,,,,,2026-06-23 9:45:53, {f4ba3e13-556f-6a3a-dd00-000000002600},5340,C:\Users\Administrator\AppData\Local\Temp\Rem\rems.exe,,,CHILD\Administrator,,,,,,,,,,,,,,,,tcp, true, false,192.169.34.187,WIN-AREA23PG7FQ.CHILD.APT.LOCAL,55886,-, false,192.169.34.199,-,8090,-,,,,,,,,,,,,,,,,,,,,,,,Usermode,C.4f04b5de911bf0cd,C.4f04b5de911bf0cd
1.78221E+12,,,,,,,,,,,2026-06-23 9:45:54, {f4ba3e13-556f-6a3a-dd00-000000002600},5340,C:\Users\Administrator\AppData\Local\Temp\Rem\rems.exe,,,CHILD\Administrator,,,,,,,,,,,,,,,,tcp, true, false,192.169.34.187,WIN-AREA23PG7FQ.CHILD.APT.LOCAL,55887,-, false,192.169.34.199,-,8090,-,,,,,,,,,,,,,,,,,,,,,,,Usermode,C.4f04b5de911bf0cd,C.4f04b5de911bf0cd
1.78221E+12,,,,,,,,,,,2026-06-23 9:45:54, {f4ba3e13-5568-6a3a-d500-000000002600},5920,C:\Windows\Microsoft.NET\Framework\v4.0.30319\MSBuild.exe,,,CHILD\Administrator,,,,,,,,,,,,,,,,tcp, true, false,192.169.34.187,WIN-AREA23PG7FQ.CHILD.APT.LOCAL,55888,-, false,192.169.34.199,-,1963,-,,,,,,,,,,,,,,,,,,,,,,,-,C.4f04b5de911bf0cd,C.4f04b5de911bf0cd
1.78221E+12,,,,,,,,,,,2026-06-23 9:45:55, {f4ba3e13-556f-6a3a-dd00-000000002600},5340,C:\Users\Administrator\AppData\Local\Temp\Rem\rems.exe,,,CHILD\Administrator,,,,,,,,,,,,,,,,tcp, true, false,192.169.34.187,WIN-AREA23PG7FQ.CHILD.APT.LOCAL,55889,-, false,192.169.34.199,-,8090,-,,,,,,,,,,,,,,,,,,,,,,,Usermode,C.4f04b5de911bf0cd,C.4f04b5de911bf0cd
1.78221E+12,,,,,,,,,,,2026-06-23 9:45:56, {f4ba3e13-556f-6a3a-dd00-000000002600},5340,C:\Users\Administrator\AppData\Local\Temp\Rem\rems.exe,,,CHILD\Administrator,,,,,,,,,,,,,,,,tcp, true, false,192.169.34.187,WIN-AREA23PG7FQ.CHILD.APT.LOCAL,55890,-, false,192.169.34.199,-,8090,-,,,,,,,,,,,,,,,,,,,,,,,Usermode,C.4f04b5de911bf0cd,C.4f04b5de911bf0cd
1.78221E+12,,,,,,,,,,,2026-06-23 9:45:56, {f4ba3e13-5568-6a3a-d500-000000002600},5920,C:\Windows\Microsoft.NET\Framework\v4.0.30319\MSBuild.exe,,,CHILD\Administrator,,,,,,,,,,,,,,,,tcp, true, false,192.169.34.187,WIN-AREA23PG7FQ.CHILD.APT.LOCAL,55891,-, false,192.169.34.199,-,1963,-,,,,,,,,,,,,,,,,,,,,,,,-,C.4f04b5de911bf0cd,C.4f04b5de911bf0cd
1.78221E+12,,,,,,,,,,,2026-06-23 9:45:57, {f4ba3e13-556f-6a3a-dd00-000000002600},5340,C:\Users\Administrator\AppData\Local\Temp\Rem\rems.exe,,,CHILD\Administrator,,,,,,,,,,,,,,,,tcp, true, false,192.169.34.187,WIN-AREA23PG7FQ.CHILD.APT.LOCAL,55892,-, false,192.169.34.199,-,8090,-,,,,,,,,,,,,,,,,,,,,,,,Usermode,C.4f04b5de911bf0cd,C.4f04b5de911bf0cd
1.78221E+12,,,,,,,,,,,2026-06-23 9:45:58, {f4ba3e13-556f-6a3a-dd00-000000002600},5340,C:\Users\Administrator\AppData\Local\Temp\Rem\rems.exe,,,CHILD\Administrator,,,,,,,,,,,,,,,,tcp, true, false,192.169.34.187,WIN-AREA23PG7FQ.CHILD.APT.LOCAL,55893,-, false,192.169.34.199,-,8090,-,,,,,,,,,,,,,,,,,,,,,,,Usermode,C.4f04b5de911bf0cd,C.4f04b5de911bf0cd
1.78221E+12,,,,,,,,,,,2026-06-23 9:45:58, {f4ba3e13-5568-6a3a-d500-000000002600},5920,C:\Windows\Microsoft.NET\Framework\v4.0.30319\MSBuild.exe,,,CHILD\Administrator,,,,,,,,,,,,,,,,tcp, true, false,192.169.34.187,WIN-AREA23PG7FQ.CHILD.APT.LOCAL,55894,-, false,192.169.34.199,-,1963,-,,,,,,,,,,,,,,,,,,,,,,,-,C.4f04b5de911bf0cd,C.4f04b5de911bf0cd
1.78221E+12,,,,,,,,,,,2026-06-23 9:45:59, {f4ba3e13-556f-6a3a-dd00-000000002600},5340,C:\Users\Administrator\AppData\Local\Temp\Rem\rems.exe,,,CHILD\Administrator,,,,,,,,,,,,,,,,tcp, true, false,192.169.34.187,WIN-AREA23PG7FQ.CHILD.APT.LOCAL,55896,-, false,192.169.34.199,-,8090,-,,,,,,,,,,,,,,,,,,,,,,,Usermode,C.4f04b5de911bf0cd,C.4f04b5de911bf0cd
1.78221E+12,,,,,,,,,,,2026-06-23 9:46:00, {f4ba3e13-556f-6a3a-dd00-000000002600},5340,C:\Users\Administrator\AppData\Local\Temp\Rem\rems.exe,,,CHILD\Administrator,,,,,,,,,,,,,,,,tcp, true, false,192.169.34.187,WIN-AREA23PG7FQ.CHILD.APT.LOCAL,55897,-, false,192.169.34.199,-,8090,-,,,,,,,,,,,,,,,,,,,,,,,Usermode,C.4f04b5de911bf0cd,C.4f04b5de911bf0cd
1.78221E+12,,,,,,,,,,,2026-06-23 9:46:00, {f4ba3e13-5568-6a3a-d500-000000002600},5920,C:\Windows\Microsoft.NET\Framework\v4.0.30319\MSBuild.exe,,,CHILD\Administrator,,,,,,,,,,,,,,,,tcp, true, false,192.169.34.187,WIN-AREA23PG7FQ.CHILD.APT.LOCAL,55898,-, false,192.169.34.199,-,1963,-,,,,,,,,,,,,,,,,,,,,,,,-,C.4f04b5de911bf0cd,C.4f04b5de911bf0cd
1.78221E+12,,,,,,,,,,,2026-06-23 9:46:01, {f4ba3e13-556f-6a3a-dd00-000000002600},5340,C:\Users\Administrator\AppData\Local\Temp\Rem\rems.exe,,,CHILD\Administrator,,,,,,,,,,,,,,,,tcp, true, false,192.169.34.187,WIN-AREA23PG7FQ.CHILD.APT.LOCAL,55899,-, false,192.169.34.199,-,8090,-,,,,,,,,,,,,,,,,,,,,,,,Usermode,C.4f04b5de911bf0cd,C.4f04b5de911bf0cd
1.78221E+12,,,,,,,,,,,2026-06-23 9:46:02, {f4ba3e13-556f-6a3a-dd00-000000002600},5340,C:\Users\Administrator\AppData\Local\Temp\Rem\rems.exe,,,CHILD\Administrator,,,,,,,,,,,,,,,,tcp, true, false,192.169.34.187,WIN-AREA23PG7FQ.CHILD.APT.LOCAL,55900,-, false,192.169.34.199,-,8090,-,,,,,,,,,,,,,,,,,,,,,,,Usermode,C.4f04b5de911bf0cd,C.4f04b5de911bf0cd
1.78221E+12,,,,,,,,,,,2026-06-23 9:46:02, {f4ba3e13-5568-6a3a-d500-000000002600},5920,C:\Windows\Microsoft.NET\Framework\v4.0.30319\MSBuild.exe,,,CHILD\Administrator,,,,,,,,,,,,,,,,tcp, true, false,192.169.34.187,WIN-AREA23PG7FQ.CHILD.APT.LOCAL,55901,-, false,192.169.34.199,-,1963,-,,,,,,,,,,,,,,,,,,,,,,,-,C.4f04b5de911bf0cd,C.4f04b5de911bf0cd
1.78221E+12,,,,,,,,,,,2026-06-23 9:46:03, {f4ba3e13-556f-6a3a-dd00-000000002600},5340,C:\Users\Administrator\AppData\Local\Temp\Rem\rems.exe,,,CHILD\Administrator,,,,,,,,,,,,,,,,tcp, true, false,192.169.34.187,WIN-AREA23PG7FQ.CHILD.APT.LOCAL,55902,-, false,192.169.34.199,-,8090,-,,,,,,,,,,,,,,,,,,,,,,,Usermode,C.4f04b5de911bf0cd,C.4f04b5de911bf0cd
1.78221E+12,,,,,,,,,,,2026-06-23 9:46:04, {f4ba3e13-556f-6a3a-dd00-000000002600},5340,C:\Users\Administrator\AppData\Local\Temp\Rem\rems.exe,,,CHILD\Administrator,,,,,,,,,,,,,,,,tcp, true, false,192.169.34.187,WIN-AREA23PG7FQ.CHILD.APT.LOCAL,55904,-, false,192.169.34.199,-,8090,-,,,,,,,,,,,,,,,,,,,,,,,Usermode,C.4f04b5de911bf0cd,C.4f04b5de911bf0cd
1.78221E+12,,,,,,,,,,,2026-06-23 9:46:04, {f4ba3e13-5568-6a3a-d500-000000002600},5920,C:\Windows\Microsoft.NET\Framework\v4.0.30319\MSBuild.exe,,,CHILD\Administrator,,,,,,,,,,,,,,,,tcp, true, false,192.169.34.187,WIN-AREA23PG7FQ.CHILD.APT.LOCAL,55905,-, false,192.169.34.199,-,1963,-,,,,,,,,,,,,,,,,,,,,,,,-,C.4f04b5de911bf0cd,C.4f04b5de911bf0cd
1.78221E+12,,,,,,,,,,,2026-06-23 9:46:05, {f4ba3e13-556f-6a3a-dd00-000000002600},5340,C:\Users\Administrator\AppData\Local\Temp\Rem\rems.exe,,,CHILD\Administrator,,,,,,,,,,,,,,,,tcp, true, false,192.169.34.187,WIN-AREA23PG7FQ.CHILD.APT.LOCAL,55906,-, false,192.169.34.199,-,8090,-,,,,,,,,,,,,,,,,,,,,,,,Usermode,C.4f04b5de911bf0cd,C.4f04b5de911bf0cd
1.78221E+12,,,,,,,,,,,2026-06-23 9:46:06, {f4ba3e13-556f-6a3a-dd00-000000002600},5340,C:\Users\Administrator\AppData\Local\Temp\Rem\rems.exe,,,CHILD\Administrator,,,,,,,,,,,,,,,,tcp, true, false,192.169.34.187,WIN-AREA23PG7FQ.CHILD.APT.LOCAL,55907,-, false,192.169.34.199,-,8090,-,,,,,,,,,,,,,,,,,,,,,,,Usermode,C.4f04b5de911bf0cd,C.4f04b5de911bf0cd
1.78221E+12,,,,,,,,,,,2026-06-23 9:46:06, {f4ba3e13-5568-6a3a-d500-000000002600},5920,C:\Windows\Microsoft.NET\Framework\v4.0.30319\MSBuild.exe,,,CHILD\Administrator,,,,,,,,,,,,,,,,tcp, true, false,192.169.34.187,WIN-AREA23PG7FQ.CHILD.APT.LOCAL,55908,-, false,192.169.34.199,-,1963,-,,,,,,,,,,,,,,,,,,,,,,,-,C.4f04b5de911bf0cd,C.4f04b5de911bf0cd
1.78221E+12,,,,,,,,,,,2026-06-23 9:46:07, {f4ba3e13-556f-6a3a-dd00-000000002600},5340,C:\Users\Administrator\AppData\Local\Temp\Rem\rems.exe,,,CHILD\Administrator,,,,,,,,,,,,,,,,tcp, true, false,192.169.34.187,WIN-AREA23PG7FQ.CHILD.APT.LOCAL,55909,-, false,192.169.34.199,-,8090,-,,,,,,,,,,,,,,,,,,,,,,,Usermode,C.4f04b5de911bf0cd,C.4f04b5de911bf0cd
1.78221E+12,,,,,,,,,,,2026-06-23 9:46:08, {f4ba3e13-556f-6a3a-dd00-000000002600},5340,C:\Users\Administrator\AppData\Local\Temp\Rem\rems.exe,,,CHILD\Administrator,,,,,,,,,,,,,,,,tcp, true, false,192.169.34.187,WIN-AREA23PG7FQ.CHILD.APT.LOCAL,55912,-, false,192.169.34.199,-,8090,-,,,,,,,,,,,,,,,,,,,,,,,Usermode,C.4f04b5de911bf0cd,C.4f04b5de911bf0cd
1.78221E+12,,,,,,,,,,,2026-06-23 9:46:08, {f4ba3e13-5568-6a3a-d500-000000002600},5920,C:\Windows\Microsoft.NET\Framework\v4.0.30319\MSBuild.exe,,,CHILD\Administrator,,,,,,,,,,,,,,,,tcp, true, false,192.169.34.187,WIN-AREA23PG7FQ.CHILD.APT.LOCAL,55914,-, false,192.169.34.199,-,1963,-,,,,,,,,,,,,,,,,,,,,,,,-,C.4f04b5de911bf0cd,C.4f04b5de911bf0cd
1.78221E+12,,,,,,,,,,,2026-06-23 9:46:09, {f4ba3e13-556f-6a3a-dd00-000000002600},5340,C:\Users\Administrator\AppData\Local\Temp\Rem\rems.exe,,,CHILD\Administrator,,,,,,,,,,,,,,,,tcp, true, false,192.169.34.187,WIN-AREA23PG7FQ.CHILD.APT.LOCAL,55915,-, false,192.169.34.199,-,8090,-,,,,,,,,,,,,,,,,,,,,,,,Usermode,C.4f04b5de911bf0cd,C.4f04b5de911bf0cd
1.78221E+12,,,,,,,,,,,2026-06-23 9:46:10, {f4ba3e13-556f-6a3a-dd00-000000002600},5340,C:\Users\Administrator\AppData\Local\Temp\Rem\rems.exe,,,CHILD\Administrator,,,,,,,,,,,,,,,,tcp, true, false,192.169.34.187,WIN-AREA23PG7FQ.CHILD.APT.LOCAL,55917,-, false,192.169.34.199,-,8090,-,,,,,,,,,,,,,,,,,,,,,,,Usermode,C.4f04b5de911bf0cd,C.4f04b5de911bf0cd
1.78221E+12,,,,,,,,,,,2026-06-23 9:46:11, {f4ba3e13-5568-6a3a-d500-000000002600},5920,C:\Windows\Microsoft.NET\Framework\v4.0.30319\MSBuild.exe,,,CHILD\Administrator,,,,,,,,,,,,,,,,tcp, true, false,192.169.34.187,WIN-AREA23PG7FQ.CHILD.APT.LOCAL,55918,-, false,192.169.34.199,-,1963,-,,,,,,,,,,,,,,,,,,,,,,,-,C.4f04b5de911bf0cd,C.4f04b5de911bf0cd
1.78221E+12,,,,,,,,,,,2026-06-23 9:46:11, {f4ba3e13-556f-6a3a-dd00-000000002600},5340,C:\Users\Administrator\AppData\Local\Temp\Rem\rems.exe,,,CHILD\Administrator,,,,,,,,,,,,,,,,tcp, true, false,192.169.34.187,WIN-AREA23PG7FQ.CHILD.APT.LOCAL,55919,-, false,192.169.34.199,-,8090,-,,,,,,,,,,,,,,,,,,,,,,,Usermode,C.4f04b5de911bf0cd,C.4f04b5de911bf0cd
1.78221E+12,,,,,,,,,,,2026-06-23 9:46:12, {f4ba3e13-556f-6a3a-dd00-000000002600},5340,C:\Users\Administrator\AppData\Local\Temp\Rem\rems.exe,,,CHILD\Administrator,,,,,,,,,,,,,,,,tcp, true, false,192.169.34.187,WIN-AREA23PG7FQ.CHILD.APT.LOCAL,55921,-, false,192.169.34.199,-,8090,-,,,,,,,,,,,,,,,,,,,,,,,Usermode,C.4f04b5de911bf0cd,C.4f04b5de911bf0cd
1.78221E+12,,,,,,,,,,,2026-06-23 9:46:13, {f4ba3e13-5568-6a3a-d500-000000002600},5920,C:\Windows\Microsoft.NET\Framework\v4.0.30319\MSBuild.exe,,,CHILD\Administrator,,,,,,,,,,,,,,,,tcp, true, false,192.169.34.187,WIN-AREA23PG7FQ.CHILD.APT.LOCAL,55922,-, false,192.169.34.199,-,1963,-,,,,,,,,,,,,,,,,,,,,,,,-,C.4f04b5de911bf0cd,C.4f04b5de911bf0cd
1.78221E+12,,,,,,,,,,,2026-06-23 9:46:13, {f4ba3e13-556f-6a3a-dd00-000000002600},5340,C:\Users\Administrator\AppData\Local\Temp\Rem\rems.exe,,,CHILD\Administrator,,,,,,,,,,,,,,,,tcp, true, false,192.169.34.187,WIN-AREA23PG7FQ.CHILD.APT.LOCAL,55923,-, false,192.169.34.199,-,8090,-,,,,,,,,,,,,,,,,,,,,,,,Usermode,C.4f04b5de911bf0cd,C.4f04b5de911bf0cd
1.78221E+12,,,,,,,,,,,2026-06-23 9:46:14, {f4ba3e13-556f-6a3a-dd00-000000002600},5340,C:\Users\Administrator\AppData\Local\Temp\Rem\rems.exe,,,CHILD\Administrator,,,,,,,,,,,,,,,,tcp, true, false,192.169.34.187,WIN-AREA23PG7FQ.CHILD.APT.LOCAL,55926,-, false,192.169.34.199,-,8090,-,,,,,,,,,,,,,,,,,,,,,,,Usermode,C.4f04b5de911bf0cd,C.4f04b5de911bf0cd
1.78221E+12,,,,,,,,,,,2026-06-23 9:46:15, {f4ba3e13-5568-6a3a-d500-000000002600},5920,C:\Windows\Microsoft.NET\Framework\v4.0.30319\MSBuild.exe,,,CHILD\Administrator,,,,,,,,,,,,,,,,tcp, true, false,192.169.34.187,WIN-AREA23PG7FQ.CHILD.APT.LOCAL,55927,-, false,192.169.34.199,-,1963,-,,,,,,,,,,,,,,,,,,,,,,,-,C.4f04b5de911bf0cd,C.4f04b5de911bf0cd
1.78221E+12,,,,,,,,,,,2026-06-23 9:46:15, {f4ba3e13-556f-6a3a-dd00-000000002600},5340,C:\Users\Administrator\AppData\Local\Temp\Rem\rems.exe,,,CHILD\Administrator,,,,,,,,,,,,,,,,tcp, true, false,192.169.34.187,WIN-AREA23PG7FQ.CHILD.APT.LOCAL,55928,-, false,192.169.34.199,-,8090,-,,,,,,,,,,,,,,,,,,,,,,,Usermode,C.4f04b5de911bf0cd,C.4f04b5de911bf0cd
1.78221E+12,,,,,,,,,,,2026-06-23 9:46:16, {f4ba3e13-556f-6a3a-dd00-000000002600},5340,C:\Users\Administrator\AppData\Local\Temp\Rem\rems.exe,,,CHILD\Administrator,,,,,,,,,,,,,,,,tcp, true, false,192.169.34.187,WIN-AREA23PG7FQ.CHILD.APT.LOCAL,55931,-, false,192.169.34.199,-,8090,-,,,,,,,,,,,,,,,,,,,,,,,Usermode,C.4f04b5de911bf0cd,C.4f04b5de911bf0cd
1.78221E+12,,,,,,,,,,,2026-06-23 9:46:17, {f4ba3e13-5568-6a3a-d500-000000002600},5920,C:\Windows\Microsoft.NET\Framework\v4.0.30319\MSBuild.exe,,,CHILD\Administrator,,,,,,,,,,,,,,,,tcp, true, false,192.169.34.187,WIN-AREA23PG7FQ.CHILD.APT.LOCAL,55932,-, false,192.169.34.199,-,1963,-,,,,,,,,,,,,,,,,,,,,,,,-,C.4f04b5de911bf0cd,C.4f04b5de911bf0cd
1.78221E+12,,,,,,,,,,,2026-06-23 9:46:17, {f4ba3e13-556f-6a3a-dd00-000000002600},5340,C:\Users\Administrator\AppData\Local\Temp\Rem\rems.exe,,,CHILD\Administrator,,,,,,,,,,,,,,,,tcp, true, false,192.169.34.187,WIN-AREA23PG7FQ.CHILD.APT.LOCAL,55933,-, false,192.169.34.199,-,8090,-,,,,,,,,,,,,,,,,,,,,,,,Usermode,C.4f04b5de911bf0cd,C.4f04b5de911bf0cd
1.78221E+12,,,,,,,,,,,2026-06-23 9:46:18, {f4ba3e13-556f-6a3a-dd00-000000002600},5340,C:\Users\Administrator\AppData\Local\Temp\Rem\rems.exe,,,CHILD\Administrator,,,,,,,,,,,,,,,,tcp, true, false,192.169.34.187,WIN-AREA23PG7FQ.CHILD.APT.LOCAL,55935,-, false,192.169.34.199,-,8090,-,,,,,,,,,,,,,,,,,,,,,,,Usermode,C.4f04b5de911bf0cd,C.4f04b5de911bf0cd
1.78221E+12,,,,,,,,,,,2026-06-23 9:46:19, {f4ba3e13-5568-6a3a-d500-000000002600},5920,C:\Windows\Microsoft.NET\Framework\v4.0.30319\MSBuild.exe,,,CHILD\Administrator,,,,,,,,,,,,,,,,tcp, true, false,192.169.34.187,WIN-AREA23PG7FQ.CHILD.APT.LOCAL,55936,-, false,192.169.34.199,-,1963,-,,,,,,,,,,,,,,,,,,,,,,,-,C.4f04b5de911bf0cd,C.4f04b5de911bf0cd
1.78221E+12,,,,,,,,,,,2026-06-23 9:46:19, {f4ba3e13-556f-6a3a-dd00-000000002600},5340,C:\Users\Administrator\AppData\Local\Temp\Rem\rems.exe,,,CHILD\Administrator,,,,,,,,,,,,,,,,tcp, true, false,192.169.34.187,WIN-AREA23PG7FQ.CHILD.APT.LOCAL,55937,-, false,192.169.34.199,-,8090,-,,,,,,,,,,,,,,,,,,,,,,,Usermode,C.4f04b5de911bf0cd,C.4f04b5de911bf0cd
1.78221E+12,,,,,,,,,,,2026-06-23 9:46:20, {f4ba3e13-556f-6a3a-dd00-000000002600},5340,C:\Users\Administrator\AppData\Local\Temp\Rem\rems.exe,,,CHILD\Administrator,,,,,,,,,,,,,,,,tcp, true, false,192.169.34.187,WIN-AREA23PG7FQ.CHILD.APT.LOCAL,55938,-, false,192.169.34.199,-,8090,-,,,,,,,,,,,,,,,,,,,,,,,Usermode,C.4f04b5de911bf0cd,C.4f04b5de911bf0cd
1.78221E+12,,,,,,,,,,,2026-06-23 9:46:21, {f4ba3e13-5568-6a3a-d500-000000002600},5920,C:\Windows\Microsoft.NET\Framework\v4.0.30319\MSBuild.exe,,,CHILD\Administrator,,,,,,,,,,,,,,,,tcp, true, false,192.169.34.187,WIN-AREA23PG7FQ.CHILD.APT.LOCAL,55939,-, false,192.169.34.199,-,1963,-,,,,,,,,,,,,,,,,,,,,,,,-,C.4f04b5de911bf0cd,C.4f04b5de911bf0cd
1.78221E+12,,,,,,,,,,,2026-06-23 9:46:21, {f4ba3e13-556f-6a3a-dd00-000000002600},5340,C:\Users\Administrator\AppData\Local\Temp\Rem\rems.exe,,,CHILD\Administrator,,,,,,,,,,,,,,,,tcp, true, false,192.169.34.187,WIN-AREA23PG7FQ.CHILD.APT.LOCAL,55941,-, false,192.169.34.199,-,8090,-,,,,,,,,,,,,,,,,,,,,,,,Usermode,C.4f04b5de911bf0cd,C.4f04b5de911bf0cd
1.78221E+12,,,,,,,,,,,2026-06-23 9:46:22, {f4ba3e13-556f-6a3a-dd00-000000002600},5340,C:\Users\Administrator\AppData\Local\Temp\Rem\rems.exe,,,CHILD\Administrator,,,,,,,,,,,,,,,,tcp, true, false,192.169.34.187,WIN-AREA23PG7FQ.CHILD.APT.LOCAL,55942,-, false,192.169.34.199,-,8090,-,,,,,,,,,,,,,,,,,,,,,,,Usermode,C.4f04b5de911bf0cd,C.4f04b5de911bf0cd
1.78221E+12,,,,,,,,,,,2026-06-23 9:46:23, {f4ba3e13-5568-6a3a-d500-000000002600},5920,C:\Windows\Microsoft.NET\Framework\v4.0.30319\MSBuild.exe,,,CHILD\Administrator,,,,,,,,,,,,,,,,tcp, true, false,192.169.34.187,WIN-AREA23PG7FQ.CHILD.APT.LOCAL,55943,-, false,192.169.34.199,-,1963,-,,,,,,,,,,,,,,,,,,,,,,,-,C.4f04b5de911bf0cd,C.4f04b5de911bf0cd
1.78221E+12,,,,,,,,,,,2026-06-23 9:46:23, {f4ba3e13-556f-6a3a-dd00-000000002600},5340,C:\Users\Administrator\AppData\Local\Temp\Rem\rems.exe,,,CHILD\Administrator,,,,,,,,,,,,,,,,tcp, true, false,192.169.34.187,WIN-AREA23PG7FQ.CHILD.APT.LOCAL,55944,-, false,192.169.34.199,-,8090,-,,,,,,,,,,,,,,,,,,,,,,,Usermode,C.4f04b5de911bf0cd,C.4f04b5de911bf0cd
1.78221E+12,,,,,,,,,,,2026-06-23 9:46:24, {f4ba3e13-556f-6a3a-dd00-000000002600},5340,C:\Users\Administrator\AppData\Local\Temp\Rem\rems.exe,,,CHILD\Administrator,,,,,,,,,,,,,,,,tcp, true, false,192.169.34.187,WIN-AREA23PG7FQ.CHILD.APT.LOCAL,55945,-, false,192.169.34.199,-,8090,-,,,,,,,,,,,,,,,,,,,,,,,Usermode,C.4f04b5de911bf0cd,C.4f04b5de911bf0cd
1.78221E+12,,,,,,,,,,,2026-06-23 9:46:25, {f4ba3e13-5568-6a3a-d500-000000002600},5920,C:\Windows\Microsoft.NET\Framework\v4.0.30319\MSBuild.exe,,,CHILD\Administrator,,,,,,,,,,,,,,,,tcp, true, false,192.169.34.187,WIN-AREA23PG7FQ.CHILD.APT.LOCAL,55946,-, false,192.169.34.199,-,1963,-,,,,,,,,,,,,,,,,,,,,,,,-,C.4f04b5de911bf0cd,C.4f04b5de911bf0cd
1.78221E+12,,,,,,,,,,,2026-06-23 9:46:25, {f4ba3e13-556f-6a3a-dd00-000000002600},5340,C:\Users\Administrator\AppData\Local\Temp\Rem\rems.exe,,,CHILD\Administrator,,,,,,,,,,,,,,,,tcp, true, false,192.169.34.187,WIN-AREA23PG7FQ.CHILD.APT.LOCAL,55947,-, false,192.169.34.199,-,8090,-,,,,,,,,,,,,,,,,,,,,,,,Usermode,C.4f04b5de911bf0cd,C.4f04b5de911bf0cd
1.78221E+12,,,,,,,,,,,2026-06-23 9:46:26, {f4ba3e13-556f-6a3a-dd00-000000002600},5340,C:\Users\Administrator\AppData\Local\Temp\Rem\rems.exe,,,CHILD\Administrator,,,,,,,,,,,,,,,,tcp, true, false,192.169.34.187,WIN-AREA23PG7FQ.CHILD.APT.LOCAL,55948,-, false,192.169.34.199,-,8090,-,,,,,,,,,,,,,,,,,,,,,,,Usermode,C.4f04b5de911bf0cd,C.4f04b5de911bf0cd
1.78221E+12,,,,,,,,,,,2026-06-23 9:46:27, {f4ba3e13-5568-6a3a-d500-000000002600},5920,C:\Windows\Microsoft.NET\Framework\v4.0.30319\MSBuild.exe,,,CHILD\Administrator,,,,,,,,,,,,,,,,tcp, true, false,192.169.34.187,WIN-AREA23PG7FQ.CHILD.APT.LOCAL,55950,-, false,192.169.34.199,-,1963,-,,,,,,,,,,,,,,,,,,,,,,,-,C.4f04b5de911bf0cd,C.4f04b5de911bf0cd
1.78221E+12,,,,,,,,,,,2026-06-23 9:46:27, {f4ba3e13-556f-6a3a-dd00-000000002600},5340,C:\Users\Administrator\AppData\Local\Temp\Rem\rems.exe,,,CHILD\Administrator,,,,,,,,,,,,,,,,tcp, true, false,192.169.34.187,WIN-AREA23PG7FQ.CHILD.APT.LOCAL,55951,-, false,192.169.34.199,-,8090,-,,,,,,,,,,,,,,,,,,,,,,,Usermode,C.4f04b5de911bf0cd,C.4f04b5de911bf0cd
1.78221E+12,,,,,,,,,,,2026-06-23 9:46:28, {f4ba3e13-556f-6a3a-dd00-000000002600},5340,C:\Users\Administrator\AppData\Local\Temp\Rem\rems.exe,,,CHILD\Administrator,,,,,,,,,,,,,,,,tcp, true, false,192.169.34.187,WIN-AREA23PG7FQ.CHILD.APT.LOCAL,55952,-, false,192.169.34.199,-,8090,-,,,,,,,,,,,,,,,,,,,,,,,Usermode,C.4f04b5de911bf0cd,C.4f04b5de911bf0cd
1.78221E+12,,,,,,,,,,,2026-06-23 9:46:29, {f4ba3e13-5568-6a3a-d500-000000002600},5920,C:\Windows\Microsoft.NET\Framework\v4.0.30319\MSBuild.exe,,,CHILD\Administrator,,,,,,,,,,,,,,,,tcp, true, false,192.169.34.187,WIN-AREA23PG7FQ.CHILD.APT.LOCAL,55953,-, false,192.169.34.199,-,1963,-,,,,,,,,,,,,,,,,,,,,,,,-,C.4f04b5de911bf0cd,C.4f04b5de911bf0cd
1.78221E+12,,,,,,,,,,,2026-06-23 9:46:29, {f4ba3e13-556f-6a3a-dd00-000000002600},5340,C:\Users\Administrator\AppData\Local\Temp\Rem\rems.exe,,,CHILD\Administrator,,,,,,,,,,,,,,,,tcp, true, false,192.169.34.187,WIN-AREA23PG7FQ.CHILD.APT.LOCAL,55954,-, false,192.169.34.199,-,8090,-,,,,,,,,,,,,,,,,,,,,,,,Usermode,C.4f04b5de911bf0cd,C.4f04b5de911bf0cd
1.78221E+12,,,,,,,,,,,2026-06-23 9:46:30, {f4ba3e13-556f-6a3a-dd00-000000002600},5340,C:\Users\Administrator\AppData\Local\Temp\Rem\rems.exe,,,CHILD\Administrator,,,,,,,,,,,,,,,,tcp, true, false,192.169.34.187,WIN-AREA23PG7FQ.CHILD.APT.LOCAL,55955,-, false,192.169.34.199,-,8090,-,,,,,,,,,,,,,,,,,,,,,,,Usermode,C.4f04b5de911bf0cd,C.4f04b5de911bf0cd
1.78221E+12,,,,,,,,,,,2026-06-23 9:46:31, {f4ba3e13-5568-6a3a-d500-000000002600},5920,C:\Windows\Microsoft.NET\Framework\v4.0.30319\MSBuild.exe,,,CHILD\Administrator,,,,,,,,,,,,,,,,tcp, true, false,192.169.34.187,WIN-AREA23PG7FQ.CHILD.APT.LOCAL,55956,-, false,192.169.34.199,-,1963,-,,,,,,,,,,,,,,,,,,,,,,,-,C.4f04b5de911bf0cd,C.4f04b5de911bf0cd
1.78221E+12,,,,,,,,,,,2026-06-23 9:46:31, {f4ba3e13-556f-6a3a-dd00-000000002600},5340,C:\Users\Administrator\AppData\Local\Temp\Rem\rems.exe,,,CHILD\Administrator,,,,,,,,,,,,,,,,tcp, true, false,192.169.34.187,WIN-AREA23PG7FQ.CHILD.APT.LOCAL,55957,-, false,192.169.34.199,-,8090,-,,,,,,,,,,,,,,,,,,,,,,,Usermode,C.4f04b5de911bf0cd,C.4f04b5de911bf0cd
1.78221E+12,,,,,,,,,,,2026-06-23 9:46:32, {f4ba3e13-556f-6a3a-dd00-000000002600},5340,C:\Users\Administrator\AppData\Local\Temp\Rem\rems.exe,,,CHILD\Administrator,,,,,,,,,,,,,,,,tcp, true, false,192.169.34.187,WIN-AREA23PG7FQ.CHILD.APT.LOCAL,55959,-, false,192.169.34.199,-,8090,-,,,,,,,,,,,,,,,,,,,,,,,Usermode,C.4f04b5de911bf0cd,C.4f04b5de911bf0cd
1.78221E+12,,,,,,,,,,,2026-06-23 9:46:33, {f4ba3e13-5568-6a3a-d500-000000002600},5920,C:\Windows\Microsoft.NET\Framework\v4.0.30319\MSBuild.exe,,,CHILD\Administrator,,,,,,,,,,,,,,,,tcp, true, false,192.169.34.187,WIN-AREA23PG7FQ.CHILD.APT.LOCAL,55960,-, false,192.169.34.199,-,1963,-,,,,,,,,,,,,,,,,,,,,,,,-,C.4f04b5de911bf0cd,C.4f04b5de911bf0cd
1.78221E+12,,,,,,,,,,,2026-06-23 9:46:33, {f4ba3e13-556f-6a3a-dd00-000000002600},5340,C:\Users\Administrator\AppData\Local\Temp\Rem\rems.exe,,,CHILD\Administrator,,,,,,,,,,,,,,,,tcp, true, false,192.169.34.187,WIN-AREA23PG7FQ.CHILD.APT.LOCAL,55961,-, false,192.169.34.199,-,8090,-,,,,,,,,,,,,,,,,,,,,,,,Usermode,C.4f04b5de911bf0cd,C.4f04b5de911bf0cd
1.78221E+12,,,,,,,,,,,2026-06-23 9:46:34, {f4ba3e13-556f-6a3a-dd00-000000002600},5340,C:\Users\Administrator\AppData\Local\Temp\Rem\rems.exe,,,CHILD\Administrator,,,,,,,,,,,,,,,,tcp, true, false,192.169.34.187,WIN-AREA23PG7FQ.CHILD.APT.LOCAL,55962,-, false,192.169.34.199,-,8090,-,,,,,,,,,,,,,,,,,,,,,,,Usermode,C.4f04b5de911bf0cd,C.4f04b5de911bf0cd
1.78221E+12,,,,,,,,,,,2026-06-23 9:46:35, {f4ba3e13-5568-6a3a-d500-000000002600},5920,C:\Windows\Microsoft.NET\Framework\v4.0.30319\MSBuild.exe,,,CHILD\Administrator,,,,,,,,,,,,,,,,tcp, true, false,192.169.34.187,WIN-AREA23PG7FQ.CHILD.APT.LOCAL,55963,-, false,192.169.34.199,-,1963,-,,,,,,,,,,,,,,,,,,,,,,,-,C.4f04b5de911bf0cd,C.4f04b5de911bf0cd
1.78221E+12,,,,,,,,,,,2026-06-23 9:46:36, {f4ba3e13-556f-6a3a-dd00-000000002600},5340,C:\Users\Administrator\AppData\Local\Temp\Rem\rems.exe,,,CHILD\Administrator,,,,,,,,,,,,,,,,tcp, true, false,192.169.34.187,WIN-AREA23PG7FQ.CHILD.APT.LOCAL,55964,-, false,192.169.34.199,-,8090,-,,,,,,,,,,,,,,,,,,,,,,,Usermode,C.4f04b5de911bf0cd,C.4f04b5de911bf0cd
1.78221E+12,,,,,,,,,,,2026-06-23 9:46:37, {f4ba3e13-556f-6a3a-dd00-000000002600},5340,C:\Users\Administrator\AppData\Local\Temp\Rem\rems.exe,,,CHILD\Administrator,,,,,,,,,,,,,,,,tcp, true, false,192.169.34.187,WIN-AREA23PG7FQ.CHILD.APT.LOCAL,55965,-, false,192.169.34.199,-,8090,-,,,,,,,,,,,,,,,,,,,,,,,Usermode,C.4f04b5de911bf0cd,C.4f04b5de911bf0cd
1.78221E+12,,,,,,,,,,,2026-06-23 9:46:37, {f4ba3e13-5568-6a3a-d500-000000002600},5920,C:\Windows\Microsoft.NET\Framework\v4.0.30319\MSBuild.exe,,,CHILD\Administrator,,,,,,,,,,,,,,,,tcp, true, false,192.169.34.187,WIN-AREA23PG7FQ.CHILD.APT.LOCAL,55966,-, false,192.169.34.199,-,1963,-,,,,,,,,,,,,,,,,,,,,,,,-,C.4f04b5de911bf0cd,C.4f04b5de911bf0cd
1.78221E+12,,,,,,,,,,,2026-06-23 9:46:38, {f4ba3e13-556f-6a3a-dd00-000000002600},5340,C:\Users\Administrator\AppData\Local\Temp\Rem\rems.exe,,,CHILD\Administrator,,,,,,,,,,,,,,,,tcp, true, false,192.169.34.187,WIN-AREA23PG7FQ.CHILD.APT.LOCAL,55967,-, false,192.169.34.199,-,8090,-,,,,,,,,,,,,,,,,,,,,,,,Usermode,C.4f04b5de911bf0cd,C.4f04b5de911bf0cd
1.78221E+12,,,,,,,,,,,2026-06-23 9:46:39, {f4ba3e13-556f-6a3a-dd00-000000002600},5340,C:\Users\Administrator\AppData\Local\Temp\Rem\rems.exe,,,CHILD\Administrator,,,,,,,,,,,,,,,,tcp, true, false,192.169.34.187,WIN-AREA23PG7FQ.CHILD.APT.LOCAL,55968,-, false,192.169.34.199,-,8090,-,,,,,,,,,,,,,,,,,,,,,,,Usermode,C.4f04b5de911bf0cd,C.4f04b5de911bf0cd
1.78221E+12,,,,,,,,,,,2026-06-23 9:46:39, {f4ba3e13-5568-6a3a-d500-000000002600},5920,C:\Windows\Microsoft.NET\Framework\v4.0.30319\MSBuild.exe,,,CHILD\Administrator,,,,,,,,,,,,,,,,tcp, true, false,192.169.34.187,WIN-AREA23PG7FQ.CHILD.APT.LOCAL,55969,-, false,192.169.34.199,-,1963,-,,,,,,,,,,,,,,,,,,,,,,,-,C.4f04b5de911bf0cd,C.4f04b5de911bf0cd
1.78221E+12,,,,,,,,,,,2026-06-23 9:46:40, {f4ba3e13-556f-6a3a-dd00-000000002600},5340,C:\Users\Administrator\AppData\Local\Temp\Rem\rems.exe,,,CHILD\Administrator,,,,,,,,,,,,,,,,tcp, true, false,192.169.34.187,WIN-AREA23PG7FQ.CHILD.APT.LOCAL,55970,-, false,192.169.34.199,-,8090,-,,,,,,,,,,,,,,,,,,,,,,,Usermode,C.4f04b5de911bf0cd,C.4f04b5de911bf0cd
1.78221E+12,,,,,,,,,,,2026-06-23 9:46:41, {f4ba3e13-556f-6a3a-dd00-000000002600},5340,C:\Users\Administrator\AppData\Local\Temp\Rem\rems.exe,,,CHILD\Administrator,,,,,,,,,,,,,,,,tcp, true, false,192.169.34.187,WIN-AREA23PG7FQ.CHILD.APT.LOCAL,55972,-, false,192.169.34.199,-,8090,-,,,,,,,,,,,,,,,,,,,,,,,Usermode,C.4f04b5de911bf0cd,C.4f04b5de911bf0cd
1.78221E+12,,,,,,,,,,,2026-06-23 9:46:41, {f4ba3e13-5568-6a3a-d500-000000002600},5920,C:\Windows\Microsoft.NET\Framework\v4.0.30319\MSBuild.exe,,,CHILD\Administrator,,,,,,,,,,,,,,,,tcp, true, false,192.169.34.187,WIN-AREA23PG7FQ.CHILD.APT.LOCAL,55973,-, false,192.169.34.199,-,1963,-,,,,,,,,,,,,,,,,,,,,,,,-,C.4f04b5de911bf0cd,C.4f04b5de911bf0cd
1.78221E+12,,,,,,,,,,,2026-06-23 9:46:42, {f4ba3e13-556f-6a3a-dd00-000000002600},5340,C:\Users\Administrator\AppData\Local\Temp\Rem\rems.exe,,,CHILD\Administrator,,,,,,,,,,,,,,,,tcp, true, false,192.169.34.187,WIN-AREA23PG7FQ.CHILD.APT.LOCAL,55974,-, false,192.169.34.199,-,8090,-,,,,,,,,,,,,,,,,,,,,,,,Usermode,C.4f04b5de911bf0cd,C.4f04b5de911bf0cd
1.78221E+12,,,,,,,,,,,2026-06-23 9:46:43, {f4ba3e13-556f-6a3a-dd00-000000002600},5340,C:\Users\Administrator\AppData\Local\Temp\Rem\rems.exe,,,CHILD\Administrator,,,,,,,,,,,,,,,,tcp, true, false,192.169.34.187,WIN-AREA23PG7FQ.CHILD.APT.LOCAL,55975,-, false,192.169.34.199,-,8090,-,,,,,,,,,,,,,,,,,,,,,,,Usermode,C.4f04b5de911bf0cd,C.4f04b5de911bf0cd
1.78221E+12,,,,,,,,,,,2026-06-23 9:46:43, {f4ba3e13-5568-6a3a-d500-000000002600},5920,C:\Windows\Microsoft.NET\Framework\v4.0.30319\MSBuild.exe,,,CHILD\Administrator,,,,,,,,,,,,,,,,tcp, true, false,192.169.34.187,WIN-AREA23PG7FQ.CHILD.APT.LOCAL,55976,-, false,192.169.34.199,-,1963,-,,,,,,,,,,,,,,,,,,,,,,,-,C.4f04b5de911bf0cd,C.4f04b5de911bf0cd
1.78221E+12,,,,,,,,,,,2026-06-23 9:46:46, {f4ba3e13-5605-6a3a-e100-000000002600},2972,C:\Program Files\Internet Explorer\iexplore.exe,"""C:\Program Files\Internet Explorer\iexplore.exe"" http://java.com/download",C:\Users\ADMINI~1\AppData\Local\Temp\,CHILD\Administrator,"MD5=0AAC13CDEF3602BAB8544FE51DF2641D,SHA256=1C4166658B35BD8EE61B8F23E13F629149B1B6ACAF499B741C7B96FC051A1C7B,IMPHASH=0C11172F26410EEA34F2F3888548B293", {f4ba3e13-5560-6a3a-cb00-000000002600},5828,C:\Users\ADMINI~1\AppData\Local\Temp\Documento_digital---pdf.scr,"""C:\Users\ADMINI~1\AppData\Local\Temp\Documento_digital---pdf.scr"" /S",High,0x51609, {f4ba3e13-5335-6a3a-0916-050000000000},1,,,,,,,,,,,,,,,,,,,,,,,Microsoft Corporation,Internet Explorer,Internet Explorer,11.00.14393.0 (rs1_release.160715-1616),IEXPLORE.EXE,,,,,,,,,,,,,,-,C.4f04b5de911bf0cd,C.4f04b5de911bf0cd
1.78221E+12,,,,,,,,,,,2026-06-23 9:46:46, {f4ba3e13-5560-6a3a-cb00-000000002600},5828,C:\Users\ADMINI~1\AppData\Local\Temp\Documento_digital---pdf.scr,,,CHILD\Administrator,,,,,,,,,,,,,,,,,,,,,,,,,,,,,,,,,,,,,,,,,,,,,,,,,,-,C.4f04b5de911bf0cd,C.4f04b5de911bf0cd
1.78221E+12,,,,,,,,,,,2026-06-23 9:46:46, {f4ba3e13-5605-6a3a-e100-000000002600},2972,C:\Program Files\Internet Explorer\iexplore.exe,,,CHILD\Administrator,,,,,,,,,,,,SetValue,HKU\S-1-5-21-1708988400-3611681687-2257486301-500\SOFTWARE\Microsoft\Windows\CurrentVersion\Internet Settings\ProxyEnable,DWORD (0x00000000),,,,,,,,,,,,,,,,,,,,,,,,,,,,,,,,,,,,-,C.4f04b5de911bf0cd,C.4f04b5de911bf0cd
1.78221E+12,,,,,,,,,,,2026-06-23 9:46:46, {f4ba3e13-5606-6a3a-e200-000000002600},3952,C:\Program Files (x86)\Internet Explorer\iexplore.exe,"""C:\Program Files (x86)\Internet Explorer\IEXPLORE.EXE"" SCODEF:2972 CREDAT:82945 /prefetch:2",C:\Users\Administrator\Desktop\,CHILD\Administrator,"MD5=AD09A75E04A6F259F7A94D9D3BFAF2BD,SHA256=346061315F31F0697727AC96E8CC83A7EE36B42D95D190FBECCCA2D1D288A394,IMPHASH=924665B8202A7049BE45596FA4AE5F8F", {f4ba3e13-5605-6a3a-e100-000000002600},2972,C:\Program Files\Internet Explorer\iexplore.exe,"""C:\Program Files\Internet Explorer\iexplore.exe"" http://java.com/download",High,0x51609, {f4ba3e13-5335-6a3a-0916-050000000000},1,,,,,,,,,,,,,,,,,,,,,,,Microsoft Corporation,Internet Explorer,Internet Explorer,11.00.14393.0 (rs1_release.160715-1616),IEXPLORE.EXE,,,,,,,,,,,,,,-,C.4f04b5de911bf0cd,C.4f04b5de911bf0cd
1.78221E+12,,,,,,,,,,,2026-06-23 9:46:44, {f4ba3e13-556f-6a3a-dd00-000000002600},5340,C:\Users\Administrator\AppData\Local\Temp\Rem\rems.exe,,,CHILD\Administrator,,,,,,,,,,,,,,,,tcp, true, false,192.169.34.187,WIN-AREA23PG7FQ.CHILD.APT.LOCAL,55977,-, false,192.169.34.199,-,8090,-,,,,,,,,,,,,,,,,,,,,,,,Usermode,C.4f04b5de911bf0cd,C.4f04b5de911bf0cd
1.78221E+12,,,,,,,,,,,2026-06-23 9:46:47, {f4ba3e13-5606-6a3a-e200-000000002600},3952,C:\Program Files (x86)\Internet Explorer\IEXPLORE.EXE,,,CHILD\Administrator,,,,,,,,,,,,SetValue,HKU\S-1-5-21-1708988400-3611681687-2257486301-500\SOFTWARE\Microsoft\Windows\CurrentVersion\Internet Settings\ProxyEnable,DWORD (0x00000000),,,,,,,,,,,,,,,,,,,,,,,,,,,,,,,,,,,,-,C.4f04b5de911bf0cd,C.4f04b5de911bf0cd
1.78221E+12,,,,,,,,,,,2026-06-23 9:46:45, {f4ba3e13-556f-6a3a-dd00-000000002600},5340,C:\Users\Administrator\AppData\Local\Temp\Rem\rems.exe,,,CHILD\Administrator,,,,,,,,,,,,,,,,tcp, true, false,192.169.34.187,WIN-AREA23PG7FQ.CHILD.APT.LOCAL,55978,-, false,192.169.34.199,-,8090,-,,,,,,,,,,,,,,,,,,,,,,,Usermode,C.4f04b5de911bf0cd,C.4f04b5de911bf0cd
1.78221E+12,,,,,,,,,,,2026-06-23 9:46:45, {f4ba3e13-5568-6a3a-d500-000000002600},5920,C:\Windows\Microsoft.NET\Framework\v4.0.30319\MSBuild.exe,,,CHILD\Administrator,,,,,,,,,,,,,,,,tcp, true, false,192.169.34.187,WIN-AREA23PG7FQ.CHILD.APT.LOCAL,55979,-, false,192.169.34.199,-,1963,-,,,,,,,,,,,,,,,,,,,,,,,-,C.4f04b5de911bf0cd,C.4f04b5de911bf0cd
1.78221E+12,,,,,,,,,,,2026-06-23 9:46:46, {f4ba3e13-556f-6a3a-dd00-000000002600},5340,C:\Users\Administrator\AppData\Local\Temp\Rem\rems.exe,,,CHILD\Administrator,,,,,,,,,,,,,,,,tcp, true, false,192.169.34.187,WIN-AREA23PG7FQ.CHILD.APT.LOCAL,55981,-, false,192.169.34.199,-,8090,-,,,,,,,,,,,,,,,,,,,,,,,Usermode,C.4f04b5de911bf0cd,C.4f04b5de911bf0cd
1.78221E+12,,,,,,,,,,,2026-06-23 9:46:46, {f4ba3e13-5605-6a3a-e100-000000002600},2972,C:\Program Files\Internet Explorer\iexplore.exe,,,CHILD\Administrator,,,,,,,,,,,,,,,,,,,,,,,,,,,,,,,,,,,,,,,,,,,,,,,java.com,0,::ffff:192.169.34.199;,-,C.4f04b5de911bf0cd,C.4f04b5de911bf0cd
1.78221E+12,,,,,,,,,,,2026-06-23 9:46:47, {f4ba3e13-5606-6a3a-e200-000000002600},3952,C:\Program Files (x86)\Internet Explorer\iexplore.exe,,,CHILD\Administrator,,,,,,,,,,,,,,,,,,,,,,,,,,,,,,,,,,,,,,,,,,,,,,,java.com,0,::ffff:192.169.34.199;,-,C.4f04b5de911bf0cd,C.4f04b5de911bf0cd
1.78221E+12,,,,,,,,,,,2026-06-23 9:46:47, {f4ba3e13-556f-6a3a-dd00-000000002600},5340,C:\Users\Administrator\AppData\Local\Temp\Rem\rems.exe,,,CHILD\Administrator,,,,,,,,,,,,,,,,tcp, true, false,192.169.34.187,WIN-AREA23PG7FQ.CHILD.APT.LOCAL,55983,-, false,192.169.34.199,-,8090,-,,,,,,,,,,,,,,,,,,,,,,,Usermode,C.4f04b5de911bf0cd,C.4f04b5de911bf0cd
1.78221E+12,,,,,,,,,,,2026-06-23 9:46:47, {f4ba3e13-5568-6a3a-d500-000000002600},5920,C:\Windows\Microsoft.NET\Framework\v4.0.30319\MSBuild.exe,,,CHILD\Administrator,,,,,,,,,,,,,,,,tcp, true, false,192.169.34.187,WIN-AREA23PG7FQ.CHILD.APT.LOCAL,55986,-, false,192.169.34.199,-,1963,-,,,,,,,,,,,,,,,,,,,,,,,-,C.4f04b5de911bf0cd,C.4f04b5de911bf0cd
1.78221E+12,,,,,,,,,,,2026-06-23 9:46:48, {f4ba3e13-556f-6a3a-dd00-000000002600},5340,C:\Users\Administrator\AppData\Local\Temp\Rem\rems.exe,,,CHILD\Administrator,,,,,,,,,,,,,,,,tcp, true, false,192.169.34.187,WIN-AREA23PG7FQ.CHILD.APT.LOCAL,55988,-, false,192.169.34.199,-,8090,-,,,,,,,,,,,,,,,,,,,,,,,Usermode,C.4f04b5de911bf0cd,C.4f04b5de911bf0cd
1.78221E+12,,,,,,,,,,,2026-06-23 9:46:49, {f4ba3e13-556f-6a3a-dd00-000000002600},5340,C:\Users\Administrator\AppData\Local\Temp\Rem\rems.exe,,,CHILD\Administrator,,,,,,,,,,,,,,,,tcp, true, false,192.169.34.187,WIN-AREA23PG7FQ.CHILD.APT.LOCAL,55989,-, false,192.169.34.199,-,8090,-,,,,,,,,,,,,,,,,,,,,,,,Usermode,C.4f04b5de911bf0cd,C.4f04b5de911bf0cd
1.78221E+12,,,,,,,,,,,2026-06-23 9:46:49, {f4ba3e13-5568-6a3a-d500-000000002600},5920,C:\Windows\Microsoft.NET\Framework\v4.0.30319\MSBuild.exe,,,CHILD\Administrator,,,,,,,,,,,,,,,,tcp, true, false,192.169.34.187,WIN-AREA23PG7FQ.CHILD.APT.LOCAL,55991,-, false,192.169.34.199,-,1963,-,,,,,,,,,,,,,,,,,,,,,,,-,C.4f04b5de911bf0cd,C.4f04b5de911bf0cd
1.78221E+12,,,,,,,,,,,2026-06-23 9:46:50, {f4ba3e13-556f-6a3a-dd00-000000002600},5340,C:\Users\Administrator\AppData\Local\Temp\Rem\rems.exe,,,CHILD\Administrator,,,,,,,,,,,,,,,,tcp, true, false,192.169.34.187,WIN-AREA23PG7FQ.CHILD.APT.LOCAL,55992,-, false,192.169.34.199,-,8090,-,,,,,,,,,,,,,,,,,,,,,,,Usermode,C.4f04b5de911bf0cd,C.4f04b5de911bf0cd
1.78221E+12,,,,,,,,,,,2026-06-23 9:46:51, {f4ba3e13-556f-6a3a-dd00-000000002600},5340,C:\Users\Administrator\AppData\Local\Temp\Rem\rems.exe,,,CHILD\Administrator,,,,,,,,,,,,,,,,tcp, true, false,192.169.34.187,WIN-AREA23PG7FQ.CHILD.APT.LOCAL,55993,-, false,192.169.34.199,-,8090,-,,,,,,,,,,,,,,,,,,,,,,,Usermode,C.4f04b5de911bf0cd,C.4f04b5de911bf0cd
1.78221E+12,,,,,,,,,,,2026-06-23 9:46:51, {f4ba3e13-5568-6a3a-d500-000000002600},5920,C:\Windows\Microsoft.NET\Framework\v4.0.30319\MSBuild.exe,,,CHILD\Administrator,,,,,,,,,,,,,,,,tcp, true, false,192.169.34.187,WIN-AREA23PG7FQ.CHILD.APT.LOCAL,55996,-, false,192.169.34.199,-,1963,-,,,,,,,,,,,,,,,,,,,,,,,-,C.4f04b5de911bf0cd,C.4f04b5de911bf0cd
1.78221E+12,,,,,,,,,,,2026-06-23 9:46:52, {f4ba3e13-556f-6a3a-dd00-000000002600},5340,C:\Users\Administrator\AppData\Local\Temp\Rem\rems.exe,,,CHILD\Administrator,,,,,,,,,,,,,,,,tcp, true, false,192.169.34.187,WIN-AREA23PG7FQ.CHILD.APT.LOCAL,55997,-, false,192.169.34.199,-,8090,-,,,,,,,,,,,,,,,,,,,,,,,Usermode,C.4f04b5de911bf0cd,C.4f04b5de911bf0cd
1.78221E+12,,,,,,,,,,,2026-06-23 9:46:53, {f4ba3e13-556f-6a3a-dd00-000000002600},5340,C:\Users\Administrator\AppData\Local\Temp\Rem\rems.exe,,,CHILD\Administrator,,,,,,,,,,,,,,,,tcp, true, false,192.169.34.187,WIN-AREA23PG7FQ.CHILD.APT.LOCAL,55998,-, false,192.169.34.199,-,8090,-,,,,,,,,,,,,,,,,,,,,,,,Usermode,C.4f04b5de911bf0cd,C.4f04b5de911bf0cd
1.78221E+12,,,,,,,,,,,2026-06-23 9:46:53, {f4ba3e13-5568-6a3a-d500-000000002600},5920,C:\Windows\Microsoft.NET\Framework\v4.0.30319\MSBuild.exe,,,CHILD\Administrator,,,,,,,,,,,,,,,,tcp, true, false,192.169.34.187,WIN-AREA23PG7FQ.CHILD.APT.LOCAL,56000,-, false,192.169.34.199,-,1963,-,,,,,,,,,,,,,,,,,,,,,,,-,C.4f04b5de911bf0cd,C.4f04b5de911bf0cd
1.78221E+12,,,,,,,,,,,2026-06-23 9:46:54, {f4ba3e13-556f-6a3a-dd00-000000002600},5340,C:\Users\Administrator\AppData\Local\Temp\Rem\rems.exe,,,CHILD\Administrator,,,,,,,,,,,,,,,,tcp, true, false,192.169.34.187,WIN-AREA23PG7FQ.CHILD.APT.LOCAL,56001,-, false,192.169.34.199,-,8090,-,,,,,,,,,,,,,,,,,,,,,,,Usermode,C.4f04b5de911bf0cd,C.4f04b5de911bf0cd
1.78221E+12,,,,,,,,,,,2026-06-23 9:46:55, {f4ba3e13-556f-6a3a-dd00-000000002600},5340,C:\Users\Administrator\AppData\Local\Temp\Rem\rems.exe,,,CHILD\Administrator,,,,,,,,,,,,,,,,tcp, true, false,192.169.34.187,WIN-AREA23PG7FQ.CHILD.APT.LOCAL,56002,-, false,192.169.34.199,-,8090,-,,,,,,,,,,,,,,,,,,,,,,,Usermode,C.4f04b5de911bf0cd,C.4f04b5de911bf0cd
1.78221E+12,,,,,,,,,,,2026-06-23 9:46:55, {f4ba3e13-5568-6a3a-d500-000000002600},5920,C:\Windows\Microsoft.NET\Framework\v4.0.30319\MSBuild.exe,,,CHILD\Administrator,,,,,,,,,,,,,,,,tcp, true, false,192.169.34.187,WIN-AREA23PG7FQ.CHILD.APT.LOCAL,56003,-, false,192.169.34.199,-,1963,-,,,,,,,,,,,,,,,,,,,,,,,-,C.4f04b5de911bf0cd,C.4f04b5de911bf0cd
1.78221E+12,,,,,,,,,,,2026-06-23 9:46:56, {f4ba3e13-556f-6a3a-dd00-000000002600},5340,C:\Users\Administrator\AppData\Local\Temp\Rem\rems.exe,,,CHILD\Administrator,,,,,,,,,,,,,,,,tcp, true, false,192.169.34.187,WIN-AREA23PG7FQ.CHILD.APT.LOCAL,56004,-, false,192.169.34.199,-,8090,-,,,,,,,,,,,,,,,,,,,,,,,Usermode,C.4f04b5de911bf0cd,C.4f04b5de911bf0cd
1.78221E+12,,,,,,,,,,,2026-06-23 9:46:57, {f4ba3e13-556f-6a3a-dd00-000000002600},5340,C:\Users\Administrator\AppData\Local\Temp\Rem\rems.exe,,,CHILD\Administrator,,,,,,,,,,,,,,,,tcp, true, false,192.169.34.187,WIN-AREA23PG7FQ.CHILD.APT.LOCAL,56005,-, false,192.169.34.199,-,8090,-,,,,,,,,,,,,,,,,,,,,,,,Usermode,C.4f04b5de911bf0cd,C.4f04b5de911bf0cd
1.78221E+12,,,,,,,,,,,2026-06-23 9:46:57, {f4ba3e13-5568-6a3a-d500-000000002600},5920,C:\Windows\Microsoft.NET\Framework\v4.0.30319\MSBuild.exe,,,CHILD\Administrator,,,,,,,,,,,,,,,,tcp, true, false,192.169.34.187,WIN-AREA23PG7FQ.CHILD.APT.LOCAL,56006,-, false,192.169.34.199,-,1963,-,,,,,,,,,,,,,,,,,,,,,,,-,C.4f04b5de911bf0cd,C.4f04b5de911bf0cd
1.78221E+12,,,,,,,,,,,2026-06-23 9:46:58, {f4ba3e13-556f-6a3a-dd00-000000002600},5340,C:\Users\Administrator\AppData\Local\Temp\Rem\rems.exe,,,CHILD\Administrator,,,,,,,,,,,,,,,,tcp, true, false,192.169.34.187,WIN-AREA23PG7FQ.CHILD.APT.LOCAL,56007,-, false,192.169.34.199,-,8090,-,,,,,,,,,,,,,,,,,,,,,,,Usermode,C.4f04b5de911bf0cd,C.4f04b5de911bf0cd
1.78221E+12,,,,,,,,,,,2026-06-23 9:46:59, {f4ba3e13-556f-6a3a-dd00-000000002600},5340,C:\Users\Administrator\AppData\Local\Temp\Rem\rems.exe,,,CHILD\Administrator,,,,,,,,,,,,,,,,tcp, true, false,192.169.34.187,WIN-AREA23PG7FQ.CHILD.APT.LOCAL,56008,-, false,192.169.34.199,-,8090,-,,,,,,,,,,,,,,,,,,,,,,,Usermode,C.4f04b5de911bf0cd,C.4f04b5de911bf0cd
1.78221E+12,,,,,,,,,,,2026-06-23 9:46:59, {f4ba3e13-5568-6a3a-d500-000000002600},5920,C:\Windows\Microsoft.NET\Framework\v4.0.30319\MSBuild.exe,,,CHILD\Administrator,,,,,,,,,,,,,,,,tcp, true, false,192.169.34.187,WIN-AREA23PG7FQ.CHILD.APT.LOCAL,56009,-, false,192.169.34.199,-,1963,-,,,,,,,,,,,,,,,,,,,,,,,-,C.4f04b5de911bf0cd,C.4f04b5de911bf0cd
1.78221E+12,,,,,,,,,,,2026-06-23 9:47:00, {f4ba3e13-556f-6a3a-dd00-000000002600},5340,C:\Users\Administrator\AppData\Local\Temp\Rem\rems.exe,,,CHILD\Administrator,,,,,,,,,,,,,,,,tcp, true, false,192.169.34.187,WIN-AREA23PG7FQ.CHILD.APT.LOCAL,56010,-, false,192.169.34.199,-,8090,-,,,,,,,,,,,,,,,,,,,,,,,Usermode,C.4f04b5de911bf0cd,C.4f04b5de911bf0cd
1.78221E+12,,,,,,,,,,,2026-06-23 9:47:01, {f4ba3e13-556f-6a3a-dd00-000000002600},5340,C:\Users\Administrator\AppData\Local\Temp\Rem\rems.exe,,,CHILD\Administrator,,,,,,,,,,,,,,,,tcp, true, false,192.169.34.187,WIN-AREA23PG7FQ.CHILD.APT.LOCAL,56012,-, false,192.169.34.199,-,8090,-,,,,,,,,,,,,,,,,,,,,,,,Usermode,C.4f04b5de911bf0cd,C.4f04b5de911bf0cd
1.78221E+12,,,,,,,,,,,2026-06-23 9:47:02, {f4ba3e13-5568-6a3a-d500-000000002600},5920,C:\Windows\Microsoft.NET\Framework\v4.0.30319\MSBuild.exe,,,CHILD\Administrator,,,,,,,,,,,,,,,,tcp, true, false,192.169.34.187,WIN-AREA23PG7FQ.CHILD.APT.LOCAL,56013,-, false,192.169.34.199,-,1963,-,,,,,,,,,,,,,,,,,,,,,,,-,C.4f04b5de911bf0cd,C.4f04b5de911bf0cd
1.78221E+12,,,,,,,,,,,2026-06-23 9:47:02, {f4ba3e13-556f-6a3a-dd00-000000002600},5340,C:\Users\Administrator\AppData\Local\Temp\Rem\rems.exe,,,CHILD\Administrator,,,,,,,,,,,,,,,,tcp, true, false,192.169.34.187,WIN-AREA23PG7FQ.CHILD.APT.LOCAL,56014,-, false,192.169.34.199,-,8090,-,,,,,,,,,,,,,,,,,,,,,,,Usermode,C.4f04b5de911bf0cd,C.4f04b5de911bf0cd
1.78221E+12,,,,,,,,,,,2026-06-23 9:47:03, {f4ba3e13-556f-6a3a-dd00-000000002600},5340,C:\Users\Administrator\AppData\Local\Temp\Rem\rems.exe,,,CHILD\Administrator,,,,,,,,,,,,,,,,tcp, true, false,192.169.34.187,WIN-AREA23PG7FQ.CHILD.APT.LOCAL,56015,-, false,192.169.34.199,-,8090,-,,,,,,,,,,,,,,,,,,,,,,,Usermode,C.4f04b5de911bf0cd,C.4f04b5de911bf0cd
1.78221E+12,,,,,,,,,,,2026-06-23 9:47:04, {f4ba3e13-5568-6a3a-d500-000000002600},5920,C:\Windows\Microsoft.NET\Framework\v4.0.30319\MSBuild.exe,,,CHILD\Administrator,,,,,,,,,,,,,,,,tcp, true, false,192.169.34.187,WIN-AREA23PG7FQ.CHILD.APT.LOCAL,56016,-, false,192.169.34.199,-,1963,-,,,,,,,,,,,,,,,,,,,,,,,-,C.4f04b5de911bf0cd,C.4f04b5de911bf0cd
1.78221E+12,,,,,,,,,,,2026-06-23 9:47:04, {f4ba3e13-556f-6a3a-dd00-000000002600},5340,C:\Users\Administrator\AppData\Local\Temp\Rem\rems.exe,,,CHILD\Administrator,,,,,,,,,,,,,,,,tcp, true, false,192.169.34.187,WIN-AREA23PG7FQ.CHILD.APT.LOCAL,56017,-, false,192.169.34.199,-,8090,-,,,,,,,,,,,,,,,,,,,,,,,Usermode,C.4f04b5de911bf0cd,C.4f04b5de911bf0cd
1.78221E+12,,,,,,,,,,,2026-06-23 9:47:05, {f4ba3e13-556f-6a3a-dd00-000000002600},5340,C:\Users\Administrator\AppData\Local\Temp\Rem\rems.exe,,,CHILD\Administrator,,,,,,,,,,,,,,,,tcp, true, false,192.169.34.187,WIN-AREA23PG7FQ.CHILD.APT.LOCAL,56018,-, false,192.169.34.199,-,8090,-,,,,,,,,,,,,,,,,,,,,,,,Usermode,C.4f04b5de911bf0cd,C.4f04b5de911bf0cd
1.78221E+12,,,,,,,,,,,2026-06-23 9:47:06, {f4ba3e13-5568-6a3a-d500-000000002600},5920,C:\Windows\Microsoft.NET\Framework\v4.0.30319\MSBuild.exe,,,CHILD\Administrator,,,,,,,,,,,,,,,,tcp, true, false,192.169.34.187,WIN-AREA23PG7FQ.CHILD.APT.LOCAL,56019,-, false,192.169.34.199,-,1963,-,,,,,,,,,,,,,,,,,,,,,,,-,C.4f04b5de911bf0cd,C.4f04b5de911bf0cd
1.78221E+12,,,,,,,,,,,2026-06-23 9:47:06, {f4ba3e13-556f-6a3a-dd00-000000002600},5340,C:\Users\Administrator\AppData\Local\Temp\Rem\rems.exe,,,CHILD\Administrator,,,,,,,,,,,,,,,,tcp, true, false,192.169.34.187,WIN-AREA23PG7FQ.CHILD.APT.LOCAL,56020,-, false,192.169.34.199,-,8090,-,,,,,,,,,,,,,,,,,,,,,,,Usermode,C.4f04b5de911bf0cd,C.4f04b5de911bf0cd
1.78221E+12,,,,,,,,,,,2026-06-23 9:47:07, {f4ba3e13-556f-6a3a-dd00-000000002600},5340,C:\Users\Administrator\AppData\Local\Temp\Rem\rems.exe,,,CHILD\Administrator,,,,,,,,,,,,,,,,tcp, true, false,192.169.34.187,WIN-AREA23PG7FQ.CHILD.APT.LOCAL,56022,-, false,192.169.34.199,-,8090,-,,,,,,,,,,,,,,,,,,,,,,,Usermode,C.4f04b5de911bf0cd,C.4f04b5de911bf0cd
1.78221E+12,,,,,,,,,,,2026-06-23 9:47:08, {f4ba3e13-5568-6a3a-d500-000000002600},5920,C:\Windows\Microsoft.NET\Framework\v4.0.30319\MSBuild.exe,,,CHILD\Administrator,,,,,,,,,,,,,,,,tcp, true, false,192.169.34.187,WIN-AREA23PG7FQ.CHILD.APT.LOCAL,56025,-, false,192.169.34.199,-,1963,-,,,,,,,,,,,,,,,,,,,,,,,-,C.4f04b5de911bf0cd,C.4f04b5de911bf0cd
1.78221E+12,,,,,,,,,,,2026-06-23 9:47:08, {f4ba3e13-556f-6a3a-dd00-000000002600},5340,C:\Users\Administrator\AppData\Local\Temp\Rem\rems.exe,,,CHILD\Administrator,,,,,,,,,,,,,,,,tcp, true, false,192.169.34.187,WIN-AREA23PG7FQ.CHILD.APT.LOCAL,56026,-, false,192.169.34.199,-,8090,-,,,,,,,,,,,,,,,,,,,,,,,Usermode,C.4f04b5de911bf0cd,C.4f04b5de911bf0cd
1.78221E+12,,,,,,,,,,,2026-06-23 9:47:09, {f4ba3e13-556f-6a3a-dd00-000000002600},5340,C:\Users\Administrator\AppData\Local\Temp\Rem\rems.exe,,,CHILD\Administrator,,,,,,,,,,,,,,,,tcp, true, false,192.169.34.187,WIN-AREA23PG7FQ.CHILD.APT.LOCAL,56027,-, false,192.169.34.199,-,8090,-,,,,,,,,,,,,,,,,,,,,,,,Usermode,C.4f04b5de911bf0cd,C.4f04b5de911bf0cd
1.78221E+12,,,,,,,,,,,2026-06-23 9:47:10, {f4ba3e13-5568-6a3a-d500-000000002600},5920,C:\Windows\Microsoft.NET\Framework\v4.0.30319\MSBuild.exe,,,CHILD\Administrator,,,,,,,,,,,,,,,,tcp, true, false,192.169.34.187,WIN-AREA23PG7FQ.CHILD.APT.LOCAL,56028,-, false,192.169.34.199,-,1963,-,,,,,,,,,,,,,,,,,,,,,,,-,C.4f04b5de911bf0cd,C.4f04b5de911bf0cd
1.78221E+12,,,,,,,,,,,2026-06-23 9:47:10, {f4ba3e13-556f-6a3a-dd00-000000002600},5340,C:\Users\Administrator\AppData\Local\Temp\Rem\rems.exe,,,CHILD\Administrator,,,,,,,,,,,,,,,,tcp, true, false,192.169.34.187,WIN-AREA23PG7FQ.CHILD.APT.LOCAL,56029,-, false,192.169.34.199,-,8090,-,,,,,,,,,,,,,,,,,,,,,,,Usermode,C.4f04b5de911bf0cd,C.4f04b5de911bf0cd
1.78221E+12,,,,,,,,,,,2026-06-23 9:47:11, {f4ba3e13-556f-6a3a-dd00-000000002600},5340,C:\Users\Administrator\AppData\Local\Temp\Rem\rems.exe,,,CHILD\Administrator,,,,,,,,,,,,,,,,tcp, true, false,192.169.34.187,WIN-AREA23PG7FQ.CHILD.APT.LOCAL,56030,-, false,192.169.34.199,-,8090,-,,,,,,,,,,,,,,,,,,,,,,,Usermode,C.4f04b5de911bf0cd,C.4f04b5de911bf0cd
1.78221E+12,,,,,,,,,,,2026-06-23 9:47:12, {f4ba3e13-5568-6a3a-d500-000000002600},5920,C:\Windows\Microsoft.NET\Framework\v4.0.30319\MSBuild.exe,,,CHILD\Administrator,,,,,,,,,,,,,,,,tcp, true, false,192.169.34.187,WIN-AREA23PG7FQ.CHILD.APT.LOCAL,56031,-, false,192.169.34.199,-,1963,-,,,,,,,,,,,,,,,,,,,,,,,-,C.4f04b5de911bf0cd,C.4f04b5de911bf0cd
1.78221E+12,,,,,,,,,,,2026-06-23 9:47:12, {f4ba3e13-556f-6a3a-dd00-000000002600},5340,C:\Users\Administrator\AppData\Local\Temp\Rem\rems.exe,,,CHILD\Administrator,,,,,,,,,,,,,,,,tcp, true, false,192.169.34.187,WIN-AREA23PG7FQ.CHILD.APT.LOCAL,56032,-, false,192.169.34.199,-,8090,-,,,,,,,,,,,,,,,,,,,,,,,Usermode,C.4f04b5de911bf0cd,C.4f04b5de911bf0cd
1.78221E+12,,,,,,,,,,,2026-06-23 9:47:13, {f4ba3e13-556f-6a3a-dd00-000000002600},5340,C:\Users\Administrator\AppData\Local\Temp\Rem\rems.exe,,,CHILD\Administrator,,,,,,,,,,,,,,,,tcp, true, false,192.169.34.187,WIN-AREA23PG7FQ.CHILD.APT.LOCAL,56034,-, false,192.169.34.199,-,8090,-,,,,,,,,,,,,,,,,,,,,,,,Usermode,C.4f04b5de911bf0cd,C.4f04b5de911bf0cd
1.78221E+12,,,,,,,,,,,2026-06-23 9:47:14, {f4ba3e13-5568-6a3a-d500-000000002600},5920,C:\Windows\Microsoft.NET\Framework\v4.0.30319\MSBuild.exe,,,CHILD\Administrator,,,,,,,,,,,,,,,,tcp, true, false,192.169.34.187,WIN-AREA23PG7FQ.CHILD.APT.LOCAL,56035,-, false,192.169.34.199,-,1963,-,,,,,,,,,,,,,,,,,,,,,,,-,C.4f04b5de911bf0cd,C.4f04b5de911bf0cd
1.78221E+12,,,,,,,,,,,2026-06-23 9:47:17, {f4ba3e13-5606-6a3a-e200-000000002600},3952,C:\Program Files (x86)\Internet Explorer\IEXPLORE.EXE,,,CHILD\Administrator,,,,,,,,,,,,SetValue,HKU\S-1-5-21-1708988400-3611681687-2257486301-500\SOFTWARE\Microsoft\Windows\CurrentVersion\Internet Settings\ProxyEnable,DWORD (0x00000000),,,,,,,,,,,,,,,,,,,,,,,,,,,,,,,,,,,,-,C.4f04b5de911bf0cd,C.4f04b5de911bf0cd
1.78221E+12,,,,,,,,,,,2026-06-23 9:47:14, {f4ba3e13-556f-6a3a-dd00-000000002600},5340,C:\Users\Administrator\AppData\Local\Temp\Rem\rems.exe,,,CHILD\Administrator,,,,,,,,,,,,,,,,tcp, true, false,192.169.34.187,WIN-AREA23PG7FQ.CHILD.APT.LOCAL,56036,-, false,192.169.34.199,-,8090,-,,,,,,,,,,,,,,,,,,,,,,,Usermode,C.4f04b5de911bf0cd,C.4f04b5de911bf0cd
1.78221E+12,,,,,,,,,,,2026-06-23 9:47:15, {f4ba3e13-556f-6a3a-dd00-000000002600},5340,C:\Users\Administrator\AppData\Local\Temp\Rem\rems.exe,,,CHILD\Administrator,,,,,,,,,,,,,,,,tcp, true, false,192.169.34.187,WIN-AREA23PG7FQ.CHILD.APT.LOCAL,56037,-, false,192.169.34.199,-,8090,-,,,,,,,,,,,,,,,,,,,,,,,Usermode,C.4f04b5de911bf0cd,C.4f04b5de911bf0cd
1.78221E+12,,,,,,,,,,,2026-06-23 9:47:16, {f4ba3e13-5568-6a3a-d500-000000002600},5920,C:\Windows\Microsoft.NET\Framework\v4.0.30319\MSBuild.exe,,,CHILD\Administrator,,,,,,,,,,,,,,,,tcp, true, false,192.169.34.187,WIN-AREA23PG7FQ.CHILD.APT.LOCAL,56038,-, false,192.169.34.199,-,1963,-,,,,,,,,,,,,,,,,,,,,,,,-,C.4f04b5de911bf0cd,C.4f04b5de911bf0cd
1.78221E+12,,,,,,,,,,,2026-06-23 9:47:16, {f4ba3e13-556f-6a3a-dd00-000000002600},5340,C:\Users\Administrator\AppData\Local\Temp\Rem\rems.exe,,,CHILD\Administrator,,,,,,,,,,,,,,,,tcp, true, false,192.169.34.187,WIN-AREA23PG7FQ.CHILD.APT.LOCAL,56040,-, false,192.169.34.199,-,8090,-,,,,,,,,,,,,,,,,,,,,,,,Usermode,C.4f04b5de911bf0cd,C.4f04b5de911bf0cd
1.78221E+12,,,,,,,,,,,2026-06-23 9:47:17, {f4ba3e13-556f-6a3a-dd00-000000002600},5340,C:\Users\Administrator\AppData\Local\Temp\Rem\rems.exe,,,CHILD\Administrator,,,,,,,,,,,,,,,,tcp, true, false,192.169.34.187,WIN-AREA23PG7FQ.CHILD.APT.LOCAL,56047,-, false,192.169.34.199,-,8090,-,,,,,,,,,,,,,,,,,,,,,,,Usermode,C.4f04b5de911bf0cd,C.4f04b5de911bf0cd
1.78221E+12,,,,,,,,,,,2026-06-23 9:47:18, {f4ba3e13-5568-6a3a-d500-000000002600},5920,C:\Windows\Microsoft.NET\Framework\v4.0.30319\MSBuild.exe,,,CHILD\Administrator,,,,,,,,,,,,,,,,tcp, true, false,192.169.34.187,WIN-AREA23PG7FQ.CHILD.APT.LOCAL,56048,-, false,192.169.34.199,-,1963,-,,,,,,,,,,,,,,,,,,,,,,,-,C.4f04b5de911bf0cd,C.4f04b5de911bf0cd
1.78221E+12,,,,,,,,,,,2026-06-23 9:47:18, {f4ba3e13-556f-6a3a-dd00-000000002600},5340,C:\Users\Administrator\AppData\Local\Temp\Rem\rems.exe,,,CHILD\Administrator,,,,,,,,,,,,,,,,tcp, true, false,192.169.34.187,WIN-AREA23PG7FQ.CHILD.APT.LOCAL,56049,-, false,192.169.34.199,-,8090,-,,,,,,,,,,,,,,,,,,,,,,,Usermode,C.4f04b5de911bf0cd,C.4f04b5de911bf0cd
1.78221E+12,,,,,,,,,,,2026-06-23 9:47:19, {f4ba3e13-556f-6a3a-dd00-000000002600},5340,C:\Users\Administrator\AppData\Local\Temp\Rem\rems.exe,,,CHILD\Administrator,,,,,,,,,,,,,,,,tcp, true, false,192.169.34.187,WIN-AREA23PG7FQ.CHILD.APT.LOCAL,56050,-, false,192.169.34.199,-,8090,-,,,,,,,,,,,,,,,,,,,,,,,Usermode,C.4f04b5de911bf0cd,C.4f04b5de911bf0cd
1.78221E+12,,,,,,,,,,,2026-06-23 9:47:20, {f4ba3e13-5568-6a3a-d500-000000002600},5920,C:\Windows\Microsoft.NET\Framework\v4.0.30319\MSBuild.exe,,,CHILD\Administrator,,,,,,,,,,,,,,,,tcp, true, false,192.169.34.187,WIN-AREA23PG7FQ.CHILD.APT.LOCAL,56051,-, false,192.169.34.199,-,1963,-,,,,,,,,,,,,,,,,,,,,,,,-,C.4f04b5de911bf0cd,C.4f04b5de911bf0cd
1.78221E+12,,,,,,,,,,,2026-06-23 9:47:20, {f4ba3e13-556f-6a3a-dd00-000000002600},5340,C:\Users\Administrator\AppData\Local\Temp\Rem\rems.exe,,,CHILD\Administrator,,,,,,,,,,,,,,,,tcp, true, false,192.169.34.187,WIN-AREA23PG7FQ.CHILD.APT.LOCAL,56052,-, false,192.169.34.199,-,8090,-,,,,,,,,,,,,,,,,,,,,,,,Usermode,C.4f04b5de911bf0cd,C.4f04b5de911bf0cd
1.78221E+12,,,,,,,,,,,2026-06-23 9:47:21, {f4ba3e13-556f-6a3a-dd00-000000002600},5340,C:\Users\Administrator\AppData\Local\Temp\Rem\rems.exe,,,CHILD\Administrator,,,,,,,,,,,,,,,,tcp, true, false,192.169.34.187,WIN-AREA23PG7FQ.CHILD.APT.LOCAL,56053,-, false,192.169.34.199,-,8090,-,,,,,,,,,,,,,,,,,,,,,,,Usermode,C.4f04b5de911bf0cd,C.4f04b5de911bf0cd
1.78221E+12,,,,,,,,,,,2026-06-23 9:47:22, {f4ba3e13-5568-6a3a-d500-000000002600},5920,C:\Windows\Microsoft.NET\Framework\v4.0.30319\MSBuild.exe,,,CHILD\Administrator,,,,,,,,,,,,,,,,tcp, true, false,192.169.34.187,WIN-AREA23PG7FQ.CHILD.APT.LOCAL,56054,-, false,192.169.34.199,-,1963,-,,,,,,,,,,,,,,,,,,,,,,,-,C.4f04b5de911bf0cd,C.4f04b5de911bf0cd
1.78221E+12,,,,,,,,,,,2026-06-23 9:47:24, {f4ba3e13-562b-6a3a-e300-000000002600},6124,C:\Windows\System32\rundll32.exe,"C:\Windows\system32\rundll32.exe C:\Windows\system32\inetcpl.cpl,ClearMyTracksByProcess Flags:8388616 WinX:0 WinY:0 IEFrame:0000000000000000",C:\Users\Administrator\Desktop\,CHILD\Administrator,"MD5=C7645D43451C6D94D87F4D07BDE59C89,SHA256=495BBA47FC43EE23054FCD419F2F00457162D1C04296900C6AEA551102A810F3,IMPHASH=7D1CE1BAFE48B63D9D19E8E0E5DF3E6C", {f4ba3e13-5605-6a3a-e100-000000002600},2972,C:\Program Files\Internet Explorer\iexplore.exe,"""C:\Program Files\Internet Explorer\iexplore.exe"" http://java.com/download",Low,0x51609, {f4ba3e13-5335-6a3a-0916-050000000000},1,,,,,,,,,,,,,,,,,,,,,,,Microsoft Corporation,Microsoft® Windows® Operating System,Windows host process (Rundll32),10.0.14393.0 (rs1_release.160715-1616),RUNDLL32.EXE,,,,,,,,,,,,,,-,C.4f04b5de911bf0cd,C.4f04b5de911bf0cd
1.78221E+12,,,,,,,,,,,2026-06-23 9:47:24, {f4ba3e13-562b-6a3a-e400-000000002600},4924,C:\Windows\System32\rundll32.exe,"C:\Windows\system32\rundll32.exe C:\Windows\system32\inetcpl.cpl,ClearMyTracksByProcess Flags:276824072 WinX:0 WinY:0 IEFrame:0000000000000000",C:\Users\Administrator\Desktop\,CHILD\Administrator,"MD5=C7645D43451C6D94D87F4D07BDE59C89,SHA256=495BBA47FC43EE23054FCD419F2F00457162D1C04296900C6AEA551102A810F3,IMPHASH=7D1CE1BAFE48B63D9D19E8E0E5DF3E6C", {f4ba3e13-5605-6a3a-e100-000000002600},2972,C:\Program Files\Internet Explorer\iexplore.exe,"""C:\Program Files\Internet Explorer\iexplore.exe"" http://java.com/download",Medium,0x51609, {f4ba3e13-5335-6a3a-0916-050000000000},1,,,,,,,,,,,,,,,,,,,,,,,Microsoft Corporation,Microsoft® Windows® Operating System,Windows host process (Rundll32),10.0.14393.0 (rs1_release.160715-1616),RUNDLL32.EXE,,,,,,,,,,,,,,-,C.4f04b5de911bf0cd,C.4f04b5de911bf0cd
1.78221E+12,,,,,,,,,,,2026-06-23 9:47:24, {f4ba3e13-562b-6a3a-e500-000000002600},2052,C:\Windows\System32\rundll32.exe,"C:\Windows\system32\rundll32.exe C:\Windows\system32\inetcpl.cpl,ClearMyTracksByProcess Flags:276824072 WinX:0 WinY:0 IEFrame:0000000000000000",C:\Users\Administrator\Desktop\,CHILD\Administrator,"MD5=C7645D43451C6D94D87F4D07BDE59C89,SHA256=495BBA47FC43EE23054FCD419F2F00457162D1C04296900C6AEA551102A810F3,IMPHASH=7D1CE1BAFE48B63D9D19E8E0E5DF3E6C", {f4ba3e13-5605-6a3a-e100-000000002600},2972,C:\Program Files\Internet Explorer\iexplore.exe,"""C:\Program Files\Internet Explorer\iexplore.exe"" http://java.com/download",High,0x51609, {f4ba3e13-5335-6a3a-0916-050000000000},1,,,,,,,,,,,,,,,,,,,,,,,Microsoft Corporation,Microsoft® Windows® Operating System,Windows host process (Rundll32),10.0.14393.0 (rs1_release.160715-1616),RUNDLL32.EXE,,,,,,,,,,,,,,-,C.4f04b5de911bf0cd,C.4f04b5de911bf0cd
1.78221E+12,,,,,,,,,,,2026-06-23 9:47:22, {f4ba3e13-556f-6a3a-dd00-000000002600},5340,C:\Users\Administrator\AppData\Local\Temp\Rem\rems.exe,,,CHILD\Administrator,,,,,,,,,,,,,,,,tcp, true, false,192.169.34.187,WIN-AREA23PG7FQ.CHILD.APT.LOCAL,56055,-, false,192.169.34.199,-,8090,-,,,,,,,,,,,,,,,,,,,,,,,Usermode,C.4f04b5de911bf0cd,C.4f04b5de911bf0cd
1.78221E+12,,,,,,,,,,,2026-06-23 9:47:23, {f4ba3e13-556f-6a3a-dd00-000000002600},5340,C:\Users\Administrator\AppData\Local\Temp\Rem\rems.exe,,,CHILD\Administrator,,,,,,,,,,,,,,,,tcp, true, false,192.169.34.187,WIN-AREA23PG7FQ.CHILD.APT.LOCAL,56057,-, false,192.169.34.199,-,8090,-,,,,,,,,,,,,,,,,,,,,,,,Usermode,C.4f04b5de911bf0cd,C.4f04b5de911bf0cd
1.78221E+12,,,,,,,,,,,2026-06-23 9:47:24, {f4ba3e13-5568-6a3a-d500-000000002600},5920,C:\Windows\Microsoft.NET\Framework\v4.0.30319\MSBuild.exe,,,CHILD\Administrator,,,,,,,,,,,,,,,,tcp, true, false,192.169.34.187,WIN-AREA23PG7FQ.CHILD.APT.LOCAL,56058,-, false,192.169.34.199,-,1963,-,,,,,,,,,,,,,,,,,,,,,,,-,C.4f04b5de911bf0cd,C.4f04b5de911bf0cd
1.78221E+12,,,,,,,,,,,2026-06-23 9:47:24, {f4ba3e13-556f-6a3a-dd00-000000002600},5340,C:\Users\Administrator\AppData\Local\Temp\Rem\rems.exe,,,CHILD\Administrator,,,,,,,,,,,,,,,,tcp, true, false,192.169.34.187,WIN-AREA23PG7FQ.CHILD.APT.LOCAL,56059,-, false,192.169.34.199,-,8090,-,,,,,,,,,,,,,,,,,,,,,,,Usermode,C.4f04b5de911bf0cd,C.4f04b5de911bf0cd
1.78221E+12,,,,,,,,,,,2026-06-23 9:47:25, {f4ba3e13-556f-6a3a-dd00-000000002600},5340,C:\Users\Administrator\AppData\Local\Temp\Rem\rems.exe,,,CHILD\Administrator,,,,,,,,,,,,,,,,tcp, true, false,192.169.34.187,WIN-AREA23PG7FQ.CHILD.APT.LOCAL,56062,-, false,192.169.34.199,-,8090,-,,,,,,,,,,,,,,,,,,,,,,,Usermode,C.4f04b5de911bf0cd,C.4f04b5de911bf0cd
1.78221E+12,,,,,,,,,,,2026-06-23 9:47:26, {f4ba3e13-5568-6a3a-d500-000000002600},5920,C:\Windows\Microsoft.NET\Framework\v4.0.30319\MSBuild.exe,,,CHILD\Administrator,,,,,,,,,,,,,,,,tcp, true, false,192.169.34.187,WIN-AREA23PG7FQ.CHILD.APT.LOCAL,56063,-, false,192.169.34.199,-,1963,-,,,,,,,,,,,,,,,,,,,,,,,-,C.4f04b5de911bf0cd,C.4f04b5de911bf0cd
1.78221E+12,,,,,,,,,,,2026-06-23 9:47:26, {f4ba3e13-556f-6a3a-dd00-000000002600},5340,C:\Users\Administrator\AppData\Local\Temp\Rem\rems.exe,,,CHILD\Administrator,,,,,,,,,,,,,,,,tcp, true, false,192.169.34.187,WIN-AREA23PG7FQ.CHILD.APT.LOCAL,56064,-, false,192.169.34.199,-,8090,-,,,,,,,,,,,,,,,,,,,,,,,Usermode,C.4f04b5de911bf0cd,C.4f04b5de911bf0cd
1.78221E+12,,,,,,,,,,,2026-06-23 9:47:27, {f4ba3e13-556f-6a3a-dd00-000000002600},5340,C:\Users\Administrator\AppData\Local\Temp\Rem\rems.exe,,,CHILD\Administrator,,,,,,,,,,,,,,,,tcp, true, false,192.169.34.187,WIN-AREA23PG7FQ.CHILD.APT.LOCAL,56066,-, false,192.169.34.199,-,8090,-,,,,,,,,,,,,,,,,,,,,,,,Usermode,C.4f04b5de911bf0cd,C.4f04b5de911bf0cd
1.78221E+12,,,,,,,,,,,2026-06-23 9:47:28, {f4ba3e13-5568-6a3a-d500-000000002600},5920,C:\Windows\Microsoft.NET\Framework\v4.0.30319\MSBuild.exe,,,CHILD\Administrator,,,,,,,,,,,,,,,,tcp, true, false,192.169.34.187,WIN-AREA23PG7FQ.CHILD.APT.LOCAL,56067,-, false,192.169.34.199,-,1963,-,,,,,,,,,,,,,,,,,,,,,,,-,C.4f04b5de911bf0cd,C.4f04b5de911bf0cd
1.78221E+12,,,,,,,,,,,2026-06-23 9:47:28, {f4ba3e13-556f-6a3a-dd00-000000002600},5340,C:\Users\Administrator\AppData\Local\Temp\Rem\rems.exe,,,CHILD\Administrator,,,,,,,,,,,,,,,,tcp, true, false,192.169.34.187,WIN-AREA23PG7FQ.CHILD.APT.LOCAL,56068,-, false,192.169.34.199,-,8090,-,,,,,,,,,,,,,,,,,,,,,,,Usermode,C.4f04b5de911bf0cd,C.4f04b5de911bf0cd
1.78221E+12,,,,,,,,,,,2026-06-23 9:47:29, {f4ba3e13-556f-6a3a-dd00-000000002600},5340,C:\Users\Administrator\AppData\Local\Temp\Rem\rems.exe,,,CHILD\Administrator,,,,,,,,,,,,,,,,tcp, true, false,192.169.34.187,WIN-AREA23PG7FQ.CHILD.APT.LOCAL,56072,-, false,192.169.34.199,-,8090,-,,,,,,,,,,,,,,,,,,,,,,,Usermode,C.4f04b5de911bf0cd,C.4f04b5de911bf0cd
1.78221E+12,,,,,,,,,,,2026-06-23 9:47:30, {f4ba3e13-5568-6a3a-d500-000000002600},5920,C:\Windows\Microsoft.NET\Framework\v4.0.30319\MSBuild.exe,,,CHILD\Administrator,,,,,,,,,,,,,,,,tcp, true, false,192.169.34.187,WIN-AREA23PG7FQ.CHILD.APT.LOCAL,56073,-, false,192.169.34.199,-,1963,-,,,,,,,,,,,,,,,,,,,,,,,-,C.4f04b5de911bf0cd,C.4f04b5de911bf0cd
1.78221E+12,,,,,,,,,,,2026-06-23 9:47:30, {f4ba3e13-556f-6a3a-dd00-000000002600},5340,C:\Users\Administrator\AppData\Local\Temp\Rem\rems.exe,,,CHILD\Administrator,,,,,,,,,,,,,,,,tcp, true, false,192.169.34.187,WIN-AREA23PG7FQ.CHILD.APT.LOCAL,56074,-, false,192.169.34.199,-,8090,-,,,,,,,,,,,,,,,,,,,,,,,Usermode,C.4f04b5de911bf0cd,C.4f04b5de911bf0cd
1.78221E+12,,,,,,,,,,,2026-06-23 9:47:31, {f4ba3e13-556f-6a3a-dd00-000000002600},5340,C:\Users\Administrator\AppData\Local\Temp\Rem\rems.exe,,,CHILD\Administrator,,,,,,,,,,,,,,,,tcp, true, false,192.169.34.187,WIN-AREA23PG7FQ.CHILD.APT.LOCAL,56075,-, false,192.169.34.199,-,8090,-,,,,,,,,,,,,,,,,,,,,,,,Usermode,C.4f04b5de911bf0cd,C.4f04b5de911bf0cd
1.78221E+12,,,,,,,,,,,2026-06-23 9:47:32, {f4ba3e13-5568-6a3a-d500-000000002600},5920,C:\Windows\Microsoft.NET\Framework\v4.0.30319\MSBuild.exe,,,CHILD\Administrator,,,,,,,,,,,,,,,,tcp, true, false,192.169.34.187,WIN-AREA23PG7FQ.CHILD.APT.LOCAL,56076,-, false,192.169.34.199,-,1963,-,,,,,,,,,,,,,,,,,,,,,,,-,C.4f04b5de911bf0cd,C.4f04b5de911bf0cd
1.78221E+12,,,,,,,,,,,2026-06-23 9:47:32, {f4ba3e13-556f-6a3a-dd00-000000002600},5340,C:\Users\Administrator\AppData\Local\Temp\Rem\rems.exe,,,CHILD\Administrator,,,,,,,,,,,,,,,,tcp, true, false,192.169.34.187,WIN-AREA23PG7FQ.CHILD.APT.LOCAL,56077,-, false,192.169.34.199,-,8090,-,,,,,,,,,,,,,,,,,,,,,,,Usermode,C.4f04b5de911bf0cd,C.4f04b5de911bf0cd
1.78221E+12,,,,,,,,,,,2026-06-23 9:47:33, {f4ba3e13-556f-6a3a-dd00-000000002600},5340,C:\Users\Administrator\AppData\Local\Temp\Rem\rems.exe,,,CHILD\Administrator,,,,,,,,,,,,,,,,tcp, true, false,192.169.34.187,WIN-AREA23PG7FQ.CHILD.APT.LOCAL,56078,-, false,192.169.34.199,-,8090,-,,,,,,,,,,,,,,,,,,,,,,,Usermode,C.4f04b5de911bf0cd,C.4f04b5de911bf0cd
1.78221E+12,,,,,,,,,,,2026-06-23 9:47:34, {f4ba3e13-556f-6a3a-dd00-000000002600},5340,C:\Users\Administrator\AppData\Local\Temp\Rem\rems.exe,,,CHILD\Administrator,,,,,,,,,,,,,,,,tcp, true, false,192.169.34.187,WIN-AREA23PG7FQ.CHILD.APT.LOCAL,56079,-, false,192.169.34.199,-,8090,-,,,,,,,,,,,,,,,,,,,,,,,Usermode,C.4f04b5de911bf0cd,C.4f04b5de911bf0cd
1.78221E+12,,,,,,,,,,,2026-06-23 9:47:34, {f4ba3e13-5568-6a3a-d500-000000002600},5920,C:\Windows\Microsoft.NET\Framework\v4.0.30319\MSBuild.exe,,,CHILD\Administrator,,,,,,,,,,,,,,,,tcp, true, false,192.169.34.187,WIN-AREA23PG7FQ.CHILD.APT.LOCAL,56080,-, false,192.169.34.199,-,1963,-,,,,,,,,,,,,,,,,,,,,,,,-,C.4f04b5de911bf0cd,C.4f04b5de911bf0cd
1.78221E+12,,,,,,,,,,,2026-06-23 9:47:35, {f4ba3e13-556f-6a3a-dd00-000000002600},5340,C:\Users\Administrator\AppData\Local\Temp\Rem\rems.exe,,,CHILD\Administrator,,,,,,,,,,,,,,,,tcp, true, false,192.169.34.187,WIN-AREA23PG7FQ.CHILD.APT.LOCAL,56081,-, false,192.169.34.199,-,8090,-,,,,,,,,,,,,,,,,,,,,,,,Usermode,C.4f04b5de911bf0cd,C.4f04b5de911bf0cd
1.78221E+12,,,,,,,,,,,2026-06-23 9:47:36, {f4ba3e13-5568-6a3a-d500-000000002600},5920,C:\Windows\Microsoft.NET\Framework\v4.0.30319\MSBuild.exe,,,CHILD\Administrator,,,,,,,,,,,,,,,,tcp, true, false,192.169.34.187,WIN-AREA23PG7FQ.CHILD.APT.LOCAL,56082,-, false,192.169.34.199,-,1963,-,,,,,,,,,,,,,,,,,,,,,,,-,C.4f04b5de911bf0cd,C.4f04b5de911bf0cd
1.78221E+12,,,,,,,,,,,2026-06-23 9:47:36, {f4ba3e13-556f-6a3a-dd00-000000002600},5340,C:\Users\Administrator\AppData\Local\Temp\Rem\rems.exe,,,CHILD\Administrator,,,,,,,,,,,,,,,,tcp, true, false,192.169.34.187,WIN-AREA23PG7FQ.CHILD.APT.LOCAL,56083,-, false,192.169.34.199,-,8090,-,,,,,,,,,,,,,,,,,,,,,,,Usermode,C.4f04b5de911bf0cd,C.4f04b5de911bf0cd
1.78221E+12,,,,,,,,,,,2026-06-23 9:47:37, {f4ba3e13-556f-6a3a-dd00-000000002600},5340,C:\Users\Administrator\AppData\Local\Temp\Rem\rems.exe,,,CHILD\Administrator,,,,,,,,,,,,,,,,tcp, true, false,192.169.34.187,WIN-AREA23PG7FQ.CHILD.APT.LOCAL,56085,-, false,192.169.34.199,-,8090,-,,,,,,,,,,,,,,,,,,,,,,,Usermode,C.4f04b5de911bf0cd,C.4f04b5de911bf0cd
1.78221E+12,,,,,,,,,,,2026-06-23 9:47:38, {f4ba3e13-556f-6a3a-dd00-000000002600},5340,C:\Users\Administrator\AppData\Local\Temp\Rem\rems.exe,,,CHILD\Administrator,,,,,,,,,,,,,,,,tcp, true, false,192.169.34.187,WIN-AREA23PG7FQ.CHILD.APT.LOCAL,56086,-, false,192.169.34.199,-,8090,-,,,,,,,,,,,,,,,,,,,,,,,Usermode,C.4f04b5de911bf0cd,C.4f04b5de911bf0cd
1.78221E+12,,,,,,,,,,,2026-06-23 9:47:38, {f4ba3e13-5568-6a3a-d500-000000002600},5920,C:\Windows\Microsoft.NET\Framework\v4.0.30319\MSBuild.exe,,,CHILD\Administrator,,,,,,,,,,,,,,,,tcp, true, false,192.169.34.187,WIN-AREA23PG7FQ.CHILD.APT.LOCAL,56087,-, false,192.169.34.199,-,1963,-,,,,,,,,,,,,,,,,,,,,,,,-,C.4f04b5de911bf0cd,C.4f04b5de911bf0cd
1.78221E+12,,,,,,,,,,,2026-06-23 9:47:39, {f4ba3e13-556f-6a3a-dd00-000000002600},5340,C:\Users\Administrator\AppData\Local\Temp\Rem\rems.exe,,,CHILD\Administrator,,,,,,,,,,,,,,,,tcp, true, false,192.169.34.187,WIN-AREA23PG7FQ.CHILD.APT.LOCAL,56088,-, false,192.169.34.199,-,8090,-,,,,,,,,,,,,,,,,,,,,,,,Usermode,C.4f04b5de911bf0cd,C.4f04b5de911bf0cd
1.78221E+12,,,,,,,,,,,2026-06-23 9:47:40, {f4ba3e13-556f-6a3a-dd00-000000002600},5340,C:\Users\Administrator\AppData\Local\Temp\Rem\rems.exe,,,CHILD\Administrator,,,,,,,,,,,,,,,,tcp, true, false,192.169.34.187,WIN-AREA23PG7FQ.CHILD.APT.LOCAL,56089,-, false,192.169.34.199,-,8090,-,,,,,,,,,,,,,,,,,,,,,,,Usermode,C.4f04b5de911bf0cd,C.4f04b5de911bf0cd
1.78221E+12,,,,,,,,,,,2026-06-23 9:47:40, {f4ba3e13-5568-6a3a-d500-000000002600},5920,C:\Windows\Microsoft.NET\Framework\v4.0.30319\MSBuild.exe,,,CHILD\Administrator,,,,,,,,,,,,,,,,tcp, true, false,192.169.34.187,WIN-AREA23PG7FQ.CHILD.APT.LOCAL,56090,-, false,192.169.34.199,-,1963,-,,,,,,,,,,,,,,,,,,,,,,,-,C.4f04b5de911bf0cd,C.4f04b5de911bf0cd
1.78221E+12,,,,,,,,,,,2026-06-23 9:47:41, {f4ba3e13-556f-6a3a-dd00-000000002600},5340,C:\Users\Administrator\AppData\Local\Temp\Rem\rems.exe,,,CHILD\Administrator,,,,,,,,,,,,,,,,tcp, true, false,192.169.34.187,WIN-AREA23PG7FQ.CHILD.APT.LOCAL,56091,-, false,192.169.34.199,-,8090,-,,,,,,,,,,,,,,,,,,,,,,,Usermode,C.4f04b5de911bf0cd,C.4f04b5de911bf0cd
1.78221E+12,,,,,,,,,,,2026-06-23 9:47:42, {f4ba3e13-556f-6a3a-dd00-000000002600},5340,C:\Users\Administrator\AppData\Local\Temp\Rem\rems.exe,,,CHILD\Administrator,,,,,,,,,,,,,,,,tcp, true, false,192.169.34.187,WIN-AREA23PG7FQ.CHILD.APT.LOCAL,56092,-, false,192.169.34.199,-,8090,-,,,,,,,,,,,,,,,,,,,,,,,Usermode,C.4f04b5de911bf0cd,C.4f04b5de911bf0cd
1.78221E+12,,,,,,,,,,,2026-06-23 9:47:42, {f4ba3e13-5568-6a3a-d500-000000002600},5920,C:\Windows\Microsoft.NET\Framework\v4.0.30319\MSBuild.exe,,,CHILD\Administrator,,,,,,,,,,,,,,,,tcp, true, false,192.169.34.187,WIN-AREA23PG7FQ.CHILD.APT.LOCAL,56093,-, false,192.169.34.199,-,1963,-,,,,,,,,,,,,,,,,,,,,,,,-,C.4f04b5de911bf0cd,C.4f04b5de911bf0cd
1.78221E+12,,,,,,,,,,,2026-06-23 9:47:43, {f4ba3e13-556f-6a3a-dd00-000000002600},5340,C:\Users\Administrator\AppData\Local\Temp\Rem\rems.exe,,,CHILD\Administrator,,,,,,,,,,,,,,,,tcp, true, false,192.169.34.187,WIN-AREA23PG7FQ.CHILD.APT.LOCAL,56094,-, false,192.169.34.199,-,8090,-,,,,,,,,,,,,,,,,,,,,,,,Usermode,C.4f04b5de911bf0cd,C.4f04b5de911bf0cd
1.78221E+12,,,,,,,,,,,2026-06-23 9:47:44, {f4ba3e13-556f-6a3a-dd00-000000002600},5340,C:\Users\Administrator\AppData\Local\Temp\Rem\rems.exe,,,CHILD\Administrator,,,,,,,,,,,,,,,,tcp, true, false,192.169.34.187,WIN-AREA23PG7FQ.CHILD.APT.LOCAL,56095,-, false,192.169.34.199,-,8090,-,,,,,,,,,,,,,,,,,,,,,,,Usermode,C.4f04b5de911bf0cd,C.4f04b5de911bf0cd
1.78221E+12,,,,,,,,,,,2026-06-23 9:47:44, {f4ba3e13-5568-6a3a-d500-000000002600},5920,C:\Windows\Microsoft.NET\Framework\v4.0.30319\MSBuild.exe,,,CHILD\Administrator,,,,,,,,,,,,,,,,tcp, true, false,192.169.34.187,WIN-AREA23PG7FQ.CHILD.APT.LOCAL,56096,-, false,192.169.34.199,-,1963,-,,,,,,,,,,,,,,,,,,,,,,,-,C.4f04b5de911bf0cd,C.4f04b5de911bf0cd
1.78221E+12,,,,,,,,,,,2026-06-23 9:47:45, {f4ba3e13-556f-6a3a-dd00-000000002600},5340,C:\Users\Administrator\AppData\Local\Temp\Rem\rems.exe,,,CHILD\Administrator,,,,,,,,,,,,,,,,tcp, true, false,192.169.34.187,WIN-AREA23PG7FQ.CHILD.APT.LOCAL,56097,-, false,192.169.34.199,-,8090,-,,,,,,,,,,,,,,,,,,,,,,,Usermode,C.4f04b5de911bf0cd,C.4f04b5de911bf0cd
1.78221E+12,,,,,,,,,,,2026-06-23 9:47:46, {f4ba3e13-556f-6a3a-dd00-000000002600},5340,C:\Users\Administrator\AppData\Local\Temp\Rem\rems.exe,,,CHILD\Administrator,,,,,,,,,,,,,,,,tcp, true, false,192.169.34.187,WIN-AREA23PG7FQ.CHILD.APT.LOCAL,56099,-, false,192.169.34.199,-,8090,-,,,,,,,,,,,,,,,,,,,,,,,Usermode,C.4f04b5de911bf0cd,C.4f04b5de911bf0cd
1.78221E+12,,,,,,,,,,,2026-06-23 9:47:46, {f4ba3e13-5568-6a3a-d500-000000002600},5920,C:\Windows\Microsoft.NET\Framework\v4.0.30319\MSBuild.exe,,,CHILD\Administrator,,,,,,,,,,,,,,,,tcp, true, false,192.169.34.187,WIN-AREA23PG7FQ.CHILD.APT.LOCAL,56100,-, false,192.169.34.199,-,1963,-,,,,,,,,,,,,,,,,,,,,,,,-,C.4f04b5de911bf0cd,C.4f04b5de911bf0cd
1.78221E+12,,,,,,,,,,,2026-06-23 9:47:47, {f4ba3e13-556f-6a3a-dd00-000000002600},5340,C:\Users\Administrator\AppData\Local\Temp\Rem\rems.exe,,,CHILD\Administrator,,,,,,,,,,,,,,,,tcp, true, false,192.169.34.187,WIN-AREA23PG7FQ.CHILD.APT.LOCAL,56101,-, false,192.169.34.199,-,8090,-,,,,,,,,,,,,,,,,,,,,,,,Usermode,C.4f04b5de911bf0cd,C.4f04b5de911bf0cd
1.78221E+12,,,,,,,,,,,2026-06-23 9:47:48, {f4ba3e13-556f-6a3a-dd00-000000002600},5340,C:\Users\Administrator\AppData\Local\Temp\Rem\rems.exe,,,CHILD\Administrator,,,,,,,,,,,,,,,,tcp, true, false,192.169.34.187,WIN-AREA23PG7FQ.CHILD.APT.LOCAL,56102,-, false,192.169.34.199,-,8090,-,,,,,,,,,,,,,,,,,,,,,,,Usermode,C.4f04b5de911bf0cd,C.4f04b5de911bf0cd
1.78221E+12,,,,,,,,,,,2026-06-23 9:47:48, {f4ba3e13-5568-6a3a-d500-000000002600},5920,C:\Windows\Microsoft.NET\Framework\v4.0.30319\MSBuild.exe,,,CHILD\Administrator,,,,,,,,,,,,,,,,tcp, true, false,192.169.34.187,WIN-AREA23PG7FQ.CHILD.APT.LOCAL,56103,-, false,192.169.34.199,-,1963,-,,,,,,,,,,,,,,,,,,,,,,,-,C.4f04b5de911bf0cd,C.4f04b5de911bf0cd
1.78221E+12,,,,,,,,,,,2026-06-23 9:47:49, {f4ba3e13-556f-6a3a-dd00-000000002600},5340,C:\Users\Administrator\AppData\Local\Temp\Rem\rems.exe,,,CHILD\Administrator,,,,,,,,,,,,,,,,tcp, true, false,192.169.34.187,WIN-AREA23PG7FQ.CHILD.APT.LOCAL,56105,-, false,192.169.34.199,-,8090,-,,,,,,,,,,,,,,,,,,,,,,,Usermode,C.4f04b5de911bf0cd,C.4f04b5de911bf0cd
1.78221E+12,,,,,,,,,,,2026-06-23 9:47:50, {f4ba3e13-556f-6a3a-dd00-000000002600},5340,C:\Users\Administrator\AppData\Local\Temp\Rem\rems.exe,,,CHILD\Administrator,,,,,,,,,,,,,,,,tcp, true, false,192.169.34.187,WIN-AREA23PG7FQ.CHILD.APT.LOCAL,56106,-, false,192.169.34.199,-,8090,-,,,,,,,,,,,,,,,,,,,,,,,Usermode,C.4f04b5de911bf0cd,C.4f04b5de911bf0cd
1.78221E+12,,,,,,,,,,,2026-06-23 9:47:51, {f4ba3e13-5568-6a3a-d500-000000002600},5920,C:\Windows\Microsoft.NET\Framework\v4.0.30319\MSBuild.exe,,,CHILD\Administrator,,,,,,,,,,,,,,,,tcp, true, false,192.169.34.187,WIN-AREA23PG7FQ.CHILD.APT.LOCAL,56107,-, false,192.169.34.199,-,1963,-,,,,,,,,,,,,,,,,,,,,,,,-,C.4f04b5de911bf0cd,C.4f04b5de911bf0cd
1.78221E+12,,,,,,,,,,,2026-06-23 9:47:51, {f4ba3e13-556f-6a3a-dd00-000000002600},5340,C:\Users\Administrator\AppData\Local\Temp\Rem\rems.exe,,,CHILD\Administrator,,,,,,,,,,,,,,,,tcp, true, false,192.169.34.187,WIN-AREA23PG7FQ.CHILD.APT.LOCAL,56108,-, false,192.169.34.199,-,8090,-,,,,,,,,,,,,,,,,,,,,,,,Usermode,C.4f04b5de911bf0cd,C.4f04b5de911bf0cd
1.78221E+12,,,,,,,,,,,2026-06-23 9:47:52, {f4ba3e13-556f-6a3a-dd00-000000002600},5340,C:\Users\Administrator\AppData\Local\Temp\Rem\rems.exe,,,CHILD\Administrator,,,,,,,,,,,,,,,,tcp, true, false,192.169.34.187,WIN-AREA23PG7FQ.CHILD.APT.LOCAL,56109,-, false,192.169.34.199,-,8090,-,,,,,,,,,,,,,,,,,,,,,,,Usermode,C.4f04b5de911bf0cd,C.4f04b5de911bf0cd
1.78221E+12,,,,,,,,,,,2026-06-23 9:47:53, {f4ba3e13-5568-6a3a-d500-000000002600},5920,C:\Windows\Microsoft.NET\Framework\v4.0.30319\MSBuild.exe,,,CHILD\Administrator,,,,,,,,,,,,,,,,tcp, true, false,192.169.34.187,WIN-AREA23PG7FQ.CHILD.APT.LOCAL,56111,-, false,192.169.34.199,-,1963,-,,,,,,,,,,,,,,,,,,,,,,,-,C.4f04b5de911bf0cd,C.4f04b5de911bf0cd
1.78221E+12,,,,,,,,,,,2026-06-23 9:47:54, {f4ba3e13-556f-6a3a-dd00-000000002600},5340,C:\Users\Administrator\AppData\Local\Temp\Rem\rems.exe,,,CHILD\Administrator,,,,,,,,,,,,,,,,tcp, true, false,192.169.34.187,WIN-AREA23PG7FQ.CHILD.APT.LOCAL,56112,-, false,192.169.34.199,-,8090,-,,,,,,,,,,,,,,,,,,,,,,,Usermode,C.4f04b5de911bf0cd,C.4f04b5de911bf0cd
1.78221E+12,,,,,,,,,,,2026-06-23 9:47:55, {f4ba3e13-556f-6a3a-dd00-000000002600},5340,C:\Users\Administrator\AppData\Local\Temp\Rem\rems.exe,,,CHILD\Administrator,,,,,,,,,,,,,,,,tcp, true, false,192.169.34.187,WIN-AREA23PG7FQ.CHILD.APT.LOCAL,56113,-, false,192.169.34.199,-,8090,-,,,,,,,,,,,,,,,,,,,,,,,Usermode,C.4f04b5de911bf0cd,C.4f04b5de911bf0cd
1.78221E+12,,,,,,,,,,,2026-06-23 9:47:55, {f4ba3e13-5568-6a3a-d500-000000002600},5920,C:\Windows\Microsoft.NET\Framework\v4.0.30319\MSBuild.exe,,,CHILD\Administrator,,,,,,,,,,,,,,,,tcp, true, false,192.169.34.187,WIN-AREA23PG7FQ.CHILD.APT.LOCAL,56114,-, false,192.169.34.199,-,1963,-,,,,,,,,,,,,,,,,,,,,,,,-,C.4f04b5de911bf0cd,C.4f04b5de911bf0cd
1.78221E+12,,,,,,,,,,,2026-06-23 9:47:56, {f4ba3e13-556f-6a3a-dd00-000000002600},5340,C:\Users\Administrator\AppData\Local\Temp\Rem\rems.exe,,,CHILD\Administrator,,,,,,,,,,,,,,,,tcp, true, false,192.169.34.187,WIN-AREA23PG7FQ.CHILD.APT.LOCAL,56115,-, false,192.169.34.199,-,8090,-,,,,,,,,,,,,,,,,,,,,,,,Usermode,C.4f04b5de911bf0cd,C.4f04b5de911bf0cd
1.78221E+12,,,,,,,,,,,2026-06-23 9:47:57, {f4ba3e13-556f-6a3a-dd00-000000002600},5340,C:\Users\Administrator\AppData\Local\Temp\Rem\rems.exe,,,CHILD\Administrator,,,,,,,,,,,,,,,,tcp, true, false,192.169.34.187,WIN-AREA23PG7FQ.CHILD.APT.LOCAL,56117,-, false,192.169.34.199,-,8090,-,,,,,,,,,,,,,,,,,,,,,,,Usermode,C.4f04b5de911bf0cd,C.4f04b5de911bf0cd
1.78221E+12,,,,,,,,,,,2026-06-23 9:47:57, {f4ba3e13-5568-6a3a-d500-000000002600},5920,C:\Windows\Microsoft.NET\Framework\v4.0.30319\MSBuild.exe,,,CHILD\Administrator,,,,,,,,,,,,,,,,tcp, true, false,192.169.34.187,WIN-AREA23PG7FQ.CHILD.APT.LOCAL,56118,-, false,192.169.34.199,-,1963,-,,,,,,,,,,,,,,,,,,,,,,,-,C.4f04b5de911bf0cd,C.4f04b5de911bf0cd
1.78221E+12,,,,,,,,,,,2026-06-23 9:47:58, {f4ba3e13-556f-6a3a-dd00-000000002600},5340,C:\Users\Administrator\AppData\Local\Temp\Rem\rems.exe,,,CHILD\Administrator,,,,,,,,,,,,,,,,tcp, true, false,192.169.34.187,WIN-AREA23PG7FQ.CHILD.APT.LOCAL,56119,-, false,192.169.34.199,-,8090,-,,,,,,,,,,,,,,,,,,,,,,,Usermode,C.4f04b5de911bf0cd,C.4f04b5de911bf0cd
1.78221E+12,,,,,,,,,,,2026-06-23 9:47:59, {f4ba3e13-556f-6a3a-dd00-000000002600},5340,C:\Users\Administrator\AppData\Local\Temp\Rem\rems.exe,,,CHILD\Administrator,,,,,,,,,,,,,,,,tcp, true, false,192.169.34.187,WIN-AREA23PG7FQ.CHILD.APT.LOCAL,56120,-, false,192.169.34.199,-,8090,-,,,,,,,,,,,,,,,,,,,,,,,Usermode,C.4f04b5de911bf0cd,C.4f04b5de911bf0cd
1.78221E+12,,,,,,,,,,,2026-06-23 9:47:59, {f4ba3e13-5568-6a3a-d500-000000002600},5920,C:\Windows\Microsoft.NET\Framework\v4.0.30319\MSBuild.exe,,,CHILD\Administrator,,,,,,,,,,,,,,,,tcp, true, false,192.169.34.187,WIN-AREA23PG7FQ.CHILD.APT.LOCAL,56121,-, false,192.169.34.199,-,1963,-,,,,,,,,,,,,,,,,,,,,,,,-,C.4f04b5de911bf0cd,C.4f04b5de911bf0cd
1.78221E+12,,,,,,,,,,,2026-06-23 9:48:00, {f4ba3e13-556f-6a3a-dd00-000000002600},5340,C:\Users\Administrator\AppData\Local\Temp\Rem\rems.exe,,,CHILD\Administrator,,,,,,,,,,,,,,,,tcp, true, false,192.169.34.187,WIN-AREA23PG7FQ.CHILD.APT.LOCAL,56122,-, false,192.169.34.199,-,8090,-,,,,,,,,,,,,,,,,,,,,,,,Usermode,C.4f04b5de911bf0cd,C.4f04b5de911bf0cd
1.78221E+12,,,,,,,,,,,2026-06-23 9:48:01, {f4ba3e13-556f-6a3a-dd00-000000002600},5340,C:\Users\Administrator\AppData\Local\Temp\Rem\rems.exe,,,CHILD\Administrator,,,,,,,,,,,,,,,,tcp, true, false,192.169.34.187,WIN-AREA23PG7FQ.CHILD.APT.LOCAL,56123,-, false,192.169.34.199,-,8090,-,,,,,,,,,,,,,,,,,,,,,,,Usermode,C.4f04b5de911bf0cd,C.4f04b5de911bf0cd
1.78221E+12,,,,,,,,,,,2026-06-23 9:48:01, {f4ba3e13-5568-6a3a-d500-000000002600},5920,C:\Windows\Microsoft.NET\Framework\v4.0.30319\MSBuild.exe,,,CHILD\Administrator,,,,,,,,,,,,,,,,tcp, true, false,192.169.34.187,WIN-AREA23PG7FQ.CHILD.APT.LOCAL,56124,-, false,192.169.34.199,-,1963,-,,,,,,,,,,,,,,,,,,,,,,,-,C.4f04b5de911bf0cd,C.4f04b5de911bf0cd
1.78221E+12,,,,,,,,,,,2026-06-23 9:48:02, {f4ba3e13-556f-6a3a-dd00-000000002600},5340,C:\Users\Administrator\AppData\Local\Temp\Rem\rems.exe,,,CHILD\Administrator,,,,,,,,,,,,,,,,tcp, true, false,192.169.34.187,WIN-AREA23PG7FQ.CHILD.APT.LOCAL,56125,-, false,192.169.34.199,-,8090,-,,,,,,,,,,,,,,,,,,,,,,,Usermode,C.4f04b5de911bf0cd,C.4f04b5de911bf0cd
1.78221E+12,,,,,,,,,,,2026-06-23 9:48:03, {f4ba3e13-556f-6a3a-dd00-000000002600},5340,C:\Users\Administrator\AppData\Local\Temp\Rem\rems.exe,,,CHILD\Administrator,,,,,,,,,,,,,,,,tcp, true, false,192.169.34.187,WIN-AREA23PG7FQ.CHILD.APT.LOCAL,56127,-, false,192.169.34.199,-,8090,-,,,,,,,,,,,,,,,,,,,,,,,Usermode,C.4f04b5de911bf0cd,C.4f04b5de911bf0cd
1.78221E+12,,,,,,,,,,,2026-06-23 9:48:03, {f4ba3e13-5568-6a3a-d500-000000002600},5920,C:\Windows\Microsoft.NET\Framework\v4.0.30319\MSBuild.exe,,,CHILD\Administrator,,,,,,,,,,,,,,,,tcp, true, false,192.169.34.187,WIN-AREA23PG7FQ.CHILD.APT.LOCAL,56128,-, false,192.169.34.199,-,1963,-,,,,,,,,,,,,,,,,,,,,,,,-,C.4f04b5de911bf0cd,C.4f04b5de911bf0cd
1.78221E+12,,,,,,,,,,,2026-06-23 9:48:04, {f4ba3e13-556f-6a3a-dd00-000000002600},5340,C:\Users\Administrator\AppData\Local\Temp\Rem\rems.exe,,,CHILD\Administrator,,,,,,,,,,,,,,,,tcp, true, false,192.169.34.187,WIN-AREA23PG7FQ.CHILD.APT.LOCAL,56129,-, false,192.169.34.199,-,8090,-,,,,,,,,,,,,,,,,,,,,,,,Usermode,C.4f04b5de911bf0cd,C.4f04b5de911bf0cd
1.78221E+12,,,,,,,,,,,2026-06-23 9:48:05, {f4ba3e13-556f-6a3a-dd00-000000002600},5340,C:\Users\Administrator\AppData\Local\Temp\Rem\rems.exe,,,CHILD\Administrator,,,,,,,,,,,,,,,,tcp, true, false,192.169.34.187,WIN-AREA23PG7FQ.CHILD.APT.LOCAL,56130,-, false,192.169.34.199,-,8090,-,,,,,,,,,,,,,,,,,,,,,,,Usermode,C.4f04b5de911bf0cd,C.4f04b5de911bf0cd
1.78221E+12,,,,,,,,,,,2026-06-23 9:48:05, {f4ba3e13-5568-6a3a-d500-000000002600},5920,C:\Windows\Microsoft.NET\Framework\v4.0.30319\MSBuild.exe,,,CHILD\Administrator,,,,,,,,,,,,,,,,tcp, true, false,192.169.34.187,WIN-AREA23PG7FQ.CHILD.APT.LOCAL,56131,-, false,192.169.34.199,-,1963,-,,,,,,,,,,,,,,,,,,,,,,,-,C.4f04b5de911bf0cd,C.4f04b5de911bf0cd
1.78221E+12,,,,,,,,,,,2026-06-23 9:48:06, {f4ba3e13-556f-6a3a-dd00-000000002600},5340,C:\Users\Administrator\AppData\Local\Temp\Rem\rems.exe,,,CHILD\Administrator,,,,,,,,,,,,,,,,tcp, true, false,192.169.34.187,WIN-AREA23PG7FQ.CHILD.APT.LOCAL,56132,-, false,192.169.34.199,-,8090,-,,,,,,,,,,,,,,,,,,,,,,,Usermode,C.4f04b5de911bf0cd,C.4f04b5de911bf0cd
1.78221E+12,,,,,,,,,,,2026-06-23 9:48:07, {f4ba3e13-556f-6a3a-dd00-000000002600},5340,C:\Users\Administrator\AppData\Local\Temp\Rem\rems.exe,,,CHILD\Administrator,,,,,,,,,,,,,,,,tcp, true, false,192.169.34.187,WIN-AREA23PG7FQ.CHILD.APT.LOCAL,56134,-, false,192.169.34.199,-,8090,-,,,,,,,,,,,,,,,,,,,,,,,Usermode,C.4f04b5de911bf0cd,C.4f04b5de911bf0cd
1.78221E+12,,,,,,,,,,,2026-06-23 9:48:07, {f4ba3e13-5568-6a3a-d500-000000002600},5920,C:\Windows\Microsoft.NET\Framework\v4.0.30319\MSBuild.exe,,,CHILD\Administrator,,,,,,,,,,,,,,,,tcp, true, false,192.169.34.187,WIN-AREA23PG7FQ.CHILD.APT.LOCAL,56135,-, false,192.169.34.199,-,1963,-,,,,,,,,,,,,,,,,,,,,,,,-,C.4f04b5de911bf0cd,C.4f04b5de911bf0cd
1.78221E+12,,,,,,,,,,,2026-06-23 9:48:08, {f4ba3e13-556f-6a3a-dd00-000000002600},5340,C:\Users\Administrator\AppData\Local\Temp\Rem\rems.exe,,,CHILD\Administrator,,,,,,,,,,,,,,,,tcp, true, false,192.169.34.187,WIN-AREA23PG7FQ.CHILD.APT.LOCAL,56138,-, false,192.169.34.199,-,8090,-,,,,,,,,,,,,,,,,,,,,,,,Usermode,C.4f04b5de911bf0cd,C.4f04b5de911bf0cd
1.78221E+12,,,,,,,,,,,2026-06-23 9:48:09, {f4ba3e13-556f-6a3a-dd00-000000002600},5340,C:\Users\Administrator\AppData\Local\Temp\Rem\rems.exe,,,CHILD\Administrator,,,,,,,,,,,,,,,,tcp, true, false,192.169.34.187,WIN-AREA23PG7FQ.CHILD.APT.LOCAL,56139,-, false,192.169.34.199,-,8090,-,,,,,,,,,,,,,,,,,,,,,,,Usermode,C.4f04b5de911bf0cd,C.4f04b5de911bf0cd
1.78221E+12,,,,,,,,,,,2026-06-23 9:48:09, {f4ba3e13-5568-6a3a-d500-000000002600},5920,C:\Windows\Microsoft.NET\Framework\v4.0.30319\MSBuild.exe,,,CHILD\Administrator,,,,,,,,,,,,,,,,tcp, true, false,192.169.34.187,WIN-AREA23PG7FQ.CHILD.APT.LOCAL,56140,-, false,192.169.34.199,-,1963,-,,,,,,,,,,,,,,,,,,,,,,,-,C.4f04b5de911bf0cd,C.4f04b5de911bf0cd
1.78221E+12,,,,,,,,,,,2026-06-23 9:48:10, {f4ba3e13-556f-6a3a-dd00-000000002600},5340,C:\Users\Administrator\AppData\Local\Temp\Rem\rems.exe,,,CHILD\Administrator,,,,,,,,,,,,,,,,tcp, true, false,192.169.34.187,WIN-AREA23PG7FQ.CHILD.APT.LOCAL,56141,-, false,192.169.34.199,-,8090,-,,,,,,,,,,,,,,,,,,,,,,,Usermode,C.4f04b5de911bf0cd,C.4f04b5de911bf0cd
1.78221E+12,,,,,,,,,,,2026-06-23 9:48:11, {f4ba3e13-556f-6a3a-dd00-000000002600},5340,C:\Users\Administrator\AppData\Local\Temp\Rem\rems.exe,,,CHILD\Administrator,,,,,,,,,,,,,,,,tcp, true, false,192.169.34.187,WIN-AREA23PG7FQ.CHILD.APT.LOCAL,56142,-, false,192.169.34.199,-,8090,-,,,,,,,,,,,,,,,,,,,,,,,Usermode,C.4f04b5de911bf0cd,C.4f04b5de911bf0cd
1.78221E+12,,,,,,,,,,,2026-06-23 9:48:11, {f4ba3e13-5568-6a3a-d500-000000002600},5920,C:\Windows\Microsoft.NET\Framework\v4.0.30319\MSBuild.exe,,,CHILD\Administrator,,,,,,,,,,,,,,,,tcp, true, false,192.169.34.187,WIN-AREA23PG7FQ.CHILD.APT.LOCAL,56143,-, false,192.169.34.199,-,1963,-,,,,,,,,,,,,,,,,,,,,,,,-,C.4f04b5de911bf0cd,C.4f04b5de911bf0cd
1.78221E+12,,,,,,,,,,,2026-06-23 9:48:12, {f4ba3e13-556f-6a3a-dd00-000000002600},5340,C:\Users\Administrator\AppData\Local\Temp\Rem\rems.exe,,,CHILD\Administrator,,,,,,,,,,,,,,,,tcp, true, false,192.169.34.187,WIN-AREA23PG7FQ.CHILD.APT.LOCAL,56144,-, false,192.169.34.199,-,8090,-,,,,,,,,,,,,,,,,,,,,,,,Usermode,C.4f04b5de911bf0cd,C.4f04b5de911bf0cd
1.78221E+12,,,,,,,,,,,2026-06-23 9:48:13, {f4ba3e13-556f-6a3a-dd00-000000002600},5340,C:\Users\Administrator\AppData\Local\Temp\Rem\rems.exe,,,CHILD\Administrator,,,,,,,,,,,,,,,,tcp, true, false,192.169.34.187,WIN-AREA23PG7FQ.CHILD.APT.LOCAL,56145,-, false,192.169.34.199,-,8090,-,,,,,,,,,,,,,,,,,,,,,,,Usermode,C.4f04b5de911bf0cd,C.4f04b5de911bf0cd
1.78221E+12,,,,,,,,,,,2026-06-23 9:48:13, {f4ba3e13-5568-6a3a-d500-000000002600},5920,C:\Windows\Microsoft.NET\Framework\v4.0.30319\MSBuild.exe,,,CHILD\Administrator,,,,,,,,,,,,,,,,tcp, true, false,192.169.34.187,WIN-AREA23PG7FQ.CHILD.APT.LOCAL,56147,-, false,192.169.34.199,-,1963,-,,,,,,,,,,,,,,,,,,,,,,,-,C.4f04b5de911bf0cd,C.4f04b5de911bf0cd
1.78221E+12,,,,,,,,,,,2026-06-23 9:48:14, {f4ba3e13-556f-6a3a-dd00-000000002600},5340,C:\Users\Administrator\AppData\Local\Temp\Rem\rems.exe,,,CHILD\Administrator,,,,,,,,,,,,,,,,tcp, true, false,192.169.34.187,WIN-AREA23PG7FQ.CHILD.APT.LOCAL,56148,-, false,192.169.34.199,-,8090,-,,,,,,,,,,,,,,,,,,,,,,,Usermode,C.4f04b5de911bf0cd,C.4f04b5de911bf0cd
1.78221E+12,,,,,,,,,,,2026-06-23 9:48:15, {f4ba3e13-556f-6a3a-dd00-000000002600},5340,C:\Users\Administrator\AppData\Local\Temp\Rem\rems.exe,,,CHILD\Administrator,,,,,,,,,,,,,,,,tcp, true, false,192.169.34.187,WIN-AREA23PG7FQ.CHILD.APT.LOCAL,56149,-, false,192.169.34.199,-,8090,-,,,,,,,,,,,,,,,,,,,,,,,Usermode,C.4f04b5de911bf0cd,C.4f04b5de911bf0cd
1.78221E+12,,,,,,,,,,,2026-06-23 9:48:15, {f4ba3e13-5568-6a3a-d500-000000002600},5920,C:\Windows\Microsoft.NET\Framework\v4.0.30319\MSBuild.exe,,,CHILD\Administrator,,,,,,,,,,,,,,,,tcp, true, false,192.169.34.187,WIN-AREA23PG7FQ.CHILD.APT.LOCAL,56150,-, false,192.169.34.199,-,1963,-,,,,,,,,,,,,,,,,,,,,,,,-,C.4f04b5de911bf0cd,C.4f04b5de911bf0cd
1.78221E+12,,,,,,,,,,,2026-06-23 9:48:16, {f4ba3e13-556f-6a3a-dd00-000000002600},5340,C:\Users\Administrator\AppData\Local\Temp\Rem\rems.exe,,,CHILD\Administrator,,,,,,,,,,,,,,,,tcp, true, false,192.169.34.187,WIN-AREA23PG7FQ.CHILD.APT.LOCAL,56151,-, false,192.169.34.199,-,8090,-,,,,,,,,,,,,,,,,,,,,,,,Usermode,C.4f04b5de911bf0cd,C.4f04b5de911bf0cd
1.78221E+12,,,,,,,,,,,2026-06-23 9:48:17, {f4ba3e13-556f-6a3a-dd00-000000002600},5340,C:\Users\Administrator\AppData\Local\Temp\Rem\rems.exe,,,CHILD\Administrator,,,,,,,,,,,,,,,,tcp, true, false,192.169.34.187,WIN-AREA23PG7FQ.CHILD.APT.LOCAL,56152,-, false,192.169.34.199,-,8090,-,,,,,,,,,,,,,,,,,,,,,,,Usermode,C.4f04b5de911bf0cd,C.4f04b5de911bf0cd
1.78221E+12,,,,,,,,,,,2026-06-23 9:48:17, {f4ba3e13-5568-6a3a-d500-000000002600},5920,C:\Windows\Microsoft.NET\Framework\v4.0.30319\MSBuild.exe,,,CHILD\Administrator,,,,,,,,,,,,,,,,tcp, true, false,192.169.34.187,WIN-AREA23PG7FQ.CHILD.APT.LOCAL,56153,-, false,192.169.34.199,-,1963,-,,,,,,,,,,,,,,,,,,,,,,,-,C.4f04b5de911bf0cd,C.4f04b5de911bf0cd
1.78221E+12,,,,,,,,,,,2026-06-23 9:48:18, {f4ba3e13-556f-6a3a-dd00-000000002600},5340,C:\Users\Administrator\AppData\Local\Temp\Rem\rems.exe,,,CHILD\Administrator,,,,,,,,,,,,,,,,tcp, true, false,192.169.34.187,WIN-AREA23PG7FQ.CHILD.APT.LOCAL,56155,-, false,192.169.34.199,-,8090,-,,,,,,,,,,,,,,,,,,,,,,,Usermode,C.4f04b5de911bf0cd,C.4f04b5de911bf0cd
1.78221E+12,,,,,,,,,,,2026-06-23 9:48:19, {f4ba3e13-556f-6a3a-dd00-000000002600},5340,C:\Users\Administrator\AppData\Local\Temp\Rem\rems.exe,,,CHILD\Administrator,,,,,,,,,,,,,,,,tcp, true, false,192.169.34.187,WIN-AREA23PG7FQ.CHILD.APT.LOCAL,56157,-, false,192.169.34.199,-,8090,-,,,,,,,,,,,,,,,,,,,,,,,Usermode,C.4f04b5de911bf0cd,C.4f04b5de911bf0cd
1.78221E+12,,,,,,,,,,,2026-06-23 9:48:19, {f4ba3e13-5568-6a3a-d500-000000002600},5920,C:\Windows\Microsoft.NET\Framework\v4.0.30319\MSBuild.exe,,,CHILD\Administrator,,,,,,,,,,,,,,,,tcp, true, false,192.169.34.187,WIN-AREA23PG7FQ.CHILD.APT.LOCAL,56158,-, false,192.169.34.199,-,1963,-,,,,,,,,,,,,,,,,,,,,,,,-,C.4f04b5de911bf0cd,C.4f04b5de911bf0cd
1.78221E+12,,,,,,,,,,,2026-06-23 9:48:20, {f4ba3e13-556f-6a3a-dd00-000000002600},5340,C:\Users\Administrator\AppData\Local\Temp\Rem\rems.exe,,,CHILD\Administrator,,,,,,,,,,,,,,,,tcp, true, false,192.169.34.187,WIN-AREA23PG7FQ.CHILD.APT.LOCAL,56159,-, false,192.169.34.199,-,8090,-,,,,,,,,,,,,,,,,,,,,,,,Usermode,C.4f04b5de911bf0cd,C.4f04b5de911bf0cd
1.78221E+12,,,,,,,,,,,2026-06-23 9:48:21, {f4ba3e13-556f-6a3a-dd00-000000002600},5340,C:\Users\Administrator\AppData\Local\Temp\Rem\rems.exe,,,CHILD\Administrator,,,,,,,,,,,,,,,,tcp, true, false,192.169.34.187,WIN-AREA23PG7FQ.CHILD.APT.LOCAL,56162,-, false,192.169.34.199,-,8090,-,,,,,,,,,,,,,,,,,,,,,,,Usermode,C.4f04b5de911bf0cd,C.4f04b5de911bf0cd
1.78221E+12,,,,,,,,,,,2026-06-23 9:48:21, {f4ba3e13-5568-6a3a-d500-000000002600},5920,C:\Windows\Microsoft.NET\Framework\v4.0.30319\MSBuild.exe,,,CHILD\Administrator,,,,,,,,,,,,,,,,tcp, true, false,192.169.34.187,WIN-AREA23PG7FQ.CHILD.APT.LOCAL,56163,-, false,192.169.34.199,-,1963,-,,,,,,,,,,,,,,,,,,,,,,,-,C.4f04b5de911bf0cd,C.4f04b5de911bf0cd
1.78221E+12,,,,,,,,,,,2026-06-23 9:48:22, {f4ba3e13-556f-6a3a-dd00-000000002600},5340,C:\Users\Administrator\AppData\Local\Temp\Rem\rems.exe,,,CHILD\Administrator,,,,,,,,,,,,,,,,tcp, true, false,192.169.34.187,WIN-AREA23PG7FQ.CHILD.APT.LOCAL,56164,-, false,192.169.34.199,-,8090,-,,,,,,,,,,,,,,,,,,,,,,,Usermode,C.4f04b5de911bf0cd,C.4f04b5de911bf0cd
1.78221E+12,,,,,,,,,,,2026-06-23 9:48:23, {f4ba3e13-556f-6a3a-dd00-000000002600},5340,C:\Users\Administrator\AppData\Local\Temp\Rem\rems.exe,,,CHILD\Administrator,,,,,,,,,,,,,,,,tcp, true, false,192.169.34.187,WIN-AREA23PG7FQ.CHILD.APT.LOCAL,56166,-, false,192.169.34.199,-,8090,-,,,,,,,,,,,,,,,,,,,,,,,Usermode,C.4f04b5de911bf0cd,C.4f04b5de911bf0cd
1.78221E+12,,,,,,,,,,,2026-06-23 9:48:23, {f4ba3e13-5568-6a3a-d500-000000002600},5920,C:\Windows\Microsoft.NET\Framework\v4.0.30319\MSBuild.exe,,,CHILD\Administrator,,,,,,,,,,,,,,,,tcp, true, false,192.169.34.187,WIN-AREA23PG7FQ.CHILD.APT.LOCAL,56167,-, false,192.169.34.199,-,1963,-,,,,,,,,,,,,,,,,,,,,,,,-,C.4f04b5de911bf0cd,C.4f04b5de911bf0cd
1.78221E+12,,,,,,,,,,,2026-06-23 9:48:24, {f4ba3e13-556f-6a3a-dd00-000000002600},5340,C:\Users\Administrator\AppData\Local\Temp\Rem\rems.exe,,,CHILD\Administrator,,,,,,,,,,,,,,,,tcp, true, false,192.169.34.187,WIN-AREA23PG7FQ.CHILD.APT.LOCAL,56171,-, false,192.169.34.199,-,8090,-,,,,,,,,,,,,,,,,,,,,,,,Usermode,C.4f04b5de911bf0cd,C.4f04b5de911bf0cd
1.78221E+12,,,,,,,,,,,2026-06-23 9:48:25, {f4ba3e13-556f-6a3a-dd00-000000002600},5340,C:\Users\Administrator\AppData\Local\Temp\Rem\rems.exe,,,CHILD\Administrator,,,,,,,,,,,,,,,,tcp, true, false,192.169.34.187,WIN-AREA23PG7FQ.CHILD.APT.LOCAL,56175,-, false,192.169.34.199,-,8090,-,,,,,,,,,,,,,,,,,,,,,,,Usermode,C.4f04b5de911bf0cd,C.4f04b5de911bf0cd
1.78221E+12,,,,,,,,,,,2026-06-23 9:48:25, {f4ba3e13-5568-6a3a-d500-000000002600},5920,C:\Windows\Microsoft.NET\Framework\v4.0.30319\MSBuild.exe,,,CHILD\Administrator,,,,,,,,,,,,,,,,tcp, true, false,192.169.34.187,WIN-AREA23PG7FQ.CHILD.APT.LOCAL,56176,-, false,192.169.34.199,-,1963,-,,,,,,,,,,,,,,,,,,,,,,,-,C.4f04b5de911bf0cd,C.4f04b5de911bf0cd
1.78221E+12,,,,,,,,,,,2026-06-23 9:48:26, {f4ba3e13-556f-6a3a-dd00-000000002600},5340,C:\Users\Administrator\AppData\Local\Temp\Rem\rems.exe,,,CHILD\Administrator,,,,,,,,,,,,,,,,tcp, true, false,192.169.34.187,WIN-AREA23PG7FQ.CHILD.APT.LOCAL,56177,-, false,192.169.34.199,-,8090,-,,,,,,,,,,,,,,,,,,,,,,,Usermode,C.4f04b5de911bf0cd,C.4f04b5de911bf0cd
1.78221E+12,,,,,,,,,,,2026-06-23 9:48:27, {f4ba3e13-556f-6a3a-dd00-000000002600},5340,C:\Users\Administrator\AppData\Local\Temp\Rem\rems.exe,,,CHILD\Administrator,,,,,,,,,,,,,,,,tcp, true, false,192.169.34.187,WIN-AREA23PG7FQ.CHILD.APT.LOCAL,56178,-, false,192.169.34.199,-,8090,-,,,,,,,,,,,,,,,,,,,,,,,Usermode,C.4f04b5de911bf0cd,C.4f04b5de911bf0cd
1.78221E+12,,,,,,,,,,,2026-06-23 9:48:27, {f4ba3e13-5568-6a3a-d500-000000002600},5920,C:\Windows\Microsoft.NET\Framework\v4.0.30319\MSBuild.exe,,,CHILD\Administrator,,,,,,,,,,,,,,,,tcp, true, false,192.169.34.187,WIN-AREA23PG7FQ.CHILD.APT.LOCAL,56179,-, false,192.169.34.199,-,1963,-,,,,,,,,,,,,,,,,,,,,,,,-,C.4f04b5de911bf0cd,C.4f04b5de911bf0cd
1.78221E+12,,,,,,,,,,,2026-06-23 9:48:28, {f4ba3e13-556f-6a3a-dd00-000000002600},5340,C:\Users\Administrator\AppData\Local\Temp\Rem\rems.exe,,,CHILD\Administrator,,,,,,,,,,,,,,,,tcp, true, false,192.169.34.187,WIN-AREA23PG7FQ.CHILD.APT.LOCAL,56180,-, false,192.169.34.199,-,8090,-,,,,,,,,,,,,,,,,,,,,,,,Usermode,C.4f04b5de911bf0cd,C.4f04b5de911bf0cd
1.78221E+12,,,,,,,,,,,2026-06-23 9:48:29, {f4ba3e13-556f-6a3a-dd00-000000002600},5340,C:\Users\Administrator\AppData\Local\Temp\Rem\rems.exe,,,CHILD\Administrator,,,,,,,,,,,,,,,,tcp, true, false,192.169.34.187,WIN-AREA23PG7FQ.CHILD.APT.LOCAL,56181,-, false,192.169.34.199,-,8090,-,,,,,,,,,,,,,,,,,,,,,,,Usermode,C.4f04b5de911bf0cd,C.4f04b5de911bf0cd
1.78221E+12,,,,,,,,,,,2026-06-23 9:48:29, {f4ba3e13-5568-6a3a-d500-000000002600},5920,C:\Windows\Microsoft.NET\Framework\v4.0.30319\MSBuild.exe,,,CHILD\Administrator,,,,,,,,,,,,,,,,tcp, true, false,192.169.34.187,WIN-AREA23PG7FQ.CHILD.APT.LOCAL,56182,-, false,192.169.34.199,-,1963,-,,,,,,,,,,,,,,,,,,,,,,,-,C.4f04b5de911bf0cd,C.4f04b5de911bf0cd
1.78221E+12,,,,,,,,,,,2026-06-23 9:48:30, {f4ba3e13-556f-6a3a-dd00-000000002600},5340,C:\Users\Administrator\AppData\Local\Temp\Rem\rems.exe,,,CHILD\Administrator,,,,,,,,,,,,,,,,tcp, true, false,192.169.34.187,WIN-AREA23PG7FQ.CHILD.APT.LOCAL,56184,-, false,192.169.34.199,-,8090,-,,,,,,,,,,,,,,,,,,,,,,,Usermode,C.4f04b5de911bf0cd,C.4f04b5de911bf0cd
1.78221E+12,,,,,,,,,,,2026-06-23 9:48:31, {f4ba3e13-556f-6a3a-dd00-000000002600},5340,C:\Users\Administrator\AppData\Local\Temp\Rem\rems.exe,,,CHILD\Administrator,,,,,,,,,,,,,,,,tcp, true, false,192.169.34.187,WIN-AREA23PG7FQ.CHILD.APT.LOCAL,56185,-, false,192.169.34.199,-,8090,-,,,,,,,,,,,,,,,,,,,,,,,Usermode,C.4f04b5de911bf0cd,C.4f04b5de911bf0cd
1.78221E+12,,,,,,,,,,,2026-06-23 9:48:31, {f4ba3e13-5568-6a3a-d500-000000002600},5920,C:\Windows\Microsoft.NET\Framework\v4.0.30319\MSBuild.exe,,,CHILD\Administrator,,,,,,,,,,,,,,,,tcp, true, false,192.169.34.187,WIN-AREA23PG7FQ.CHILD.APT.LOCAL,56186,-, false,192.169.34.199,-,1963,-,,,,,,,,,,,,,,,,,,,,,,,-,C.4f04b5de911bf0cd,C.4f04b5de911bf0cd
1.78221E+12,,,,,,,,,,,2026-06-23 9:48:32, {f4ba3e13-556f-6a3a-dd00-000000002600},5340,C:\Users\Administrator\AppData\Local\Temp\Rem\rems.exe,,,CHILD\Administrator,,,,,,,,,,,,,,,,tcp, true, false,192.169.34.187,WIN-AREA23PG7FQ.CHILD.APT.LOCAL,56187,-, false,192.169.34.199,-,8090,-,,,,,,,,,,,,,,,,,,,,,,,Usermode,C.4f04b5de911bf0cd,C.4f04b5de911bf0cd
1.78221E+12,,,,,,,,,,,2026-06-23 9:48:33, {f4ba3e13-556f-6a3a-dd00-000000002600},5340,C:\Users\Administrator\AppData\Local\Temp\Rem\rems.exe,,,CHILD\Administrator,,,,,,,,,,,,,,,,tcp, true, false,192.169.34.187,WIN-AREA23PG7FQ.CHILD.APT.LOCAL,56188,-, false,192.169.34.199,-,8090,-,,,,,,,,,,,,,,,,,,,,,,,Usermode,C.4f04b5de911bf0cd,C.4f04b5de911bf0cd
1.78221E+12,,,,,,,,,,,2026-06-23 9:48:33, {f4ba3e13-5568-6a3a-d500-000000002600},5920,C:\Windows\Microsoft.NET\Framework\v4.0.30319\MSBuild.exe,,,CHILD\Administrator,,,,,,,,,,,,,,,,tcp, true, false,192.169.34.187,WIN-AREA23PG7FQ.CHILD.APT.LOCAL,56189,-, false,192.169.34.199,-,1963,-,,,,,,,,,,,,,,,,,,,,,,,-,C.4f04b5de911bf0cd,C.4f04b5de911bf0cd
1.78221E+12,,,,,,,,,,,2026-06-23 9:48:34, {f4ba3e13-556f-6a3a-dd00-000000002600},5340,C:\Users\Administrator\AppData\Local\Temp\Rem\rems.exe,,,CHILD\Administrator,,,,,,,,,,,,,,,,tcp, true, false,192.169.34.187,WIN-AREA23PG7FQ.CHILD.APT.LOCAL,56190,-, false,192.169.34.199,-,8090,-,,,,,,,,,,,,,,,,,,,,,,,Usermode,C.4f04b5de911bf0cd,C.4f04b5de911bf0cd
1.78221E+12,,,,,,,,,,,2026-06-23 9:48:35, {f4ba3e13-556f-6a3a-dd00-000000002600},5340,C:\Users\Administrator\AppData\Local\Temp\Rem\rems.exe,,,CHILD\Administrator,,,,,,,,,,,,,,,,tcp, true, false,192.169.34.187,WIN-AREA23PG7FQ.CHILD.APT.LOCAL,56191,-, false,192.169.34.199,-,8090,-,,,,,,,,,,,,,,,,,,,,,,,Usermode,C.4f04b5de911bf0cd,C.4f04b5de911bf0cd
1.78221E+12,,,,,,,,,,,2026-06-23 9:48:36, {f4ba3e13-5568-6a3a-d500-000000002600},5920,C:\Windows\Microsoft.NET\Framework\v4.0.30319\MSBuild.exe,,,CHILD\Administrator,,,,,,,,,,,,,,,,tcp, true, false,192.169.34.187,WIN-AREA23PG7FQ.CHILD.APT.LOCAL,56193,-, false,192.169.34.199,-,1963,-,,,,,,,,,,,,,,,,,,,,,,,-,C.4f04b5de911bf0cd,C.4f04b5de911bf0cd
1.78221E+12,,,,,,,,,,,2026-06-23 9:48:36, {f4ba3e13-556f-6a3a-dd00-000000002600},5340,C:\Users\Administrator\AppData\Local\Temp\Rem\rems.exe,,,CHILD\Administrator,,,,,,,,,,,,,,,,tcp, true, false,192.169.34.187,WIN-AREA23PG7FQ.CHILD.APT.LOCAL,56194,-, false,192.169.34.199,-,8090,-,,,,,,,,,,,,,,,,,,,,,,,Usermode,C.4f04b5de911bf0cd,C.4f04b5de911bf0cd
1.78221E+12,,,,,,,,,,,2026-06-23 9:48:37, {f4ba3e13-556f-6a3a-dd00-000000002600},5340,C:\Users\Administrator\AppData\Local\Temp\Rem\rems.exe,,,CHILD\Administrator,,,,,,,,,,,,,,,,tcp, true, false,192.169.34.187,WIN-AREA23PG7FQ.CHILD.APT.LOCAL,56195,-, false,192.169.34.199,-,8090,-,,,,,,,,,,,,,,,,,,,,,,,Usermode,C.4f04b5de911bf0cd,C.4f04b5de911bf0cd
1.78221E+12,,,,,,,,,,,2026-06-23 9:48:38, {f4ba3e13-5568-6a3a-d500-000000002600},5920,C:\Windows\Microsoft.NET\Framework\v4.0.30319\MSBuild.exe,,,CHILD\Administrator,,,,,,,,,,,,,,,,tcp, true, false,192.169.34.187,WIN-AREA23PG7FQ.CHILD.APT.LOCAL,56196,-, false,192.169.34.199,-,1963,-,,,,,,,,,,,,,,,,,,,,,,,-,C.4f04b5de911bf0cd,C.4f04b5de911bf0cd
1.78221E+12,,,,,,,,,,,2026-06-23 9:48:38, {f4ba3e13-556f-6a3a-dd00-000000002600},5340,C:\Users\Administrator\AppData\Local\Temp\Rem\rems.exe,,,CHILD\Administrator,,,,,,,,,,,,,,,,tcp, true, false,192.169.34.187,WIN-AREA23PG7FQ.CHILD.APT.LOCAL,56197,-, false,192.169.34.199,-,8090,-,,,,,,,,,,,,,,,,,,,,,,,Usermode,C.4f04b5de911bf0cd,C.4f04b5de911bf0cd
1.78221E+12,,,,,,,,,,,2026-06-23 9:48:39, {f4ba3e13-556f-6a3a-dd00-000000002600},5340,C:\Users\Administrator\AppData\Local\Temp\Rem\rems.exe,,,CHILD\Administrator,,,,,,,,,,,,,,,,tcp, true, false,192.169.34.187,WIN-AREA23PG7FQ.CHILD.APT.LOCAL,56198,-, false,192.169.34.199,-,8090,-,,,,,,,,,,,,,,,,,,,,,,,Usermode,C.4f04b5de911bf0cd,C.4f04b5de911bf0cd
1.78221E+12,,,,,,,,,,,2026-06-23 9:48:40, {f4ba3e13-5568-6a3a-d500-000000002600},5920,C:\Windows\Microsoft.NET\Framework\v4.0.30319\MSBuild.exe,,,CHILD\Administrator,,,,,,,,,,,,,,,,tcp, true, false,192.169.34.187,WIN-AREA23PG7FQ.CHILD.APT.LOCAL,56199,-, false,192.169.34.199,-,1963,-,,,,,,,,,,,,,,,,,,,,,,,-,C.4f04b5de911bf0cd,C.4f04b5de911bf0cd
1.78221E+12,,,,,,,,,,,2026-06-23 9:48:40, {f4ba3e13-556f-6a3a-dd00-000000002600},5340,C:\Users\Administrator\AppData\Local\Temp\Rem\rems.exe,,,CHILD\Administrator,,,,,,,,,,,,,,,,tcp, true, false,192.169.34.187,WIN-AREA23PG7FQ.CHILD.APT.LOCAL,56200,-, false,192.169.34.199,-,8090,-,,,,,,,,,,,,,,,,,,,,,,,Usermode,C.4f04b5de911bf0cd,C.4f04b5de911bf0cd
1.78221E+12,,,,,,,,,,,2026-06-23 9:48:41, {f4ba3e13-556f-6a3a-dd00-000000002600},5340,C:\Users\Administrator\AppData\Local\Temp\Rem\rems.exe,,,CHILD\Administrator,,,,,,,,,,,,,,,,tcp, true, false,192.169.34.187,WIN-AREA23PG7FQ.CHILD.APT.LOCAL,56201,-, false,192.169.34.199,-,8090,-,,,,,,,,,,,,,,,,,,,,,,,Usermode,C.4f04b5de911bf0cd,C.4f04b5de911bf0cd
1.78221E+12,,,,,,,,,,,2026-06-23 9:48:42, {f4ba3e13-5568-6a3a-d500-000000002600},5920,C:\Windows\Microsoft.NET\Framework\v4.0.30319\MSBuild.exe,,,CHILD\Administrator,,,,,,,,,,,,,,,,tcp, true, false,192.169.34.187,WIN-AREA23PG7FQ.CHILD.APT.LOCAL,56203,-, false,192.169.34.199,-,1963,-,,,,,,,,,,,,,,,,,,,,,,,-,C.4f04b5de911bf0cd,C.4f04b5de911bf0cd
1.78221E+12,,,,,,,,,,,2026-06-23 9:48:42, {f4ba3e13-556f-6a3a-dd00-000000002600},5340,C:\Users\Administrator\AppData\Local\Temp\Rem\rems.exe,,,CHILD\Administrator,,,,,,,,,,,,,,,,tcp, true, false,192.169.34.187,WIN-AREA23PG7FQ.CHILD.APT.LOCAL,56204,-, false,192.169.34.199,-,8090,-,,,,,,,,,,,,,,,,,,,,,,,Usermode,C.4f04b5de911bf0cd,C.4f04b5de911bf0cd
1.78221E+12,,,,,,,,,,,2026-06-23 9:48:43, {f4ba3e13-556f-6a3a-dd00-000000002600},5340,C:\Users\Administrator\AppData\Local\Temp\Rem\rems.exe,,,CHILD\Administrator,,,,,,,,,,,,,,,,tcp, true, false,192.169.34.187,WIN-AREA23PG7FQ.CHILD.APT.LOCAL,56205,-, false,192.169.34.199,-,8090,-,,,,,,,,,,,,,,,,,,,,,,,Usermode,C.4f04b5de911bf0cd,C.4f04b5de911bf0cd
1.78221E+12,,,,,,,,,,,2026-06-23 9:48:44, {f4ba3e13-5568-6a3a-d500-000000002600},5920,C:\Windows\Microsoft.NET\Framework\v4.0.30319\MSBuild.exe,,,CHILD\Administrator,,,,,,,,,,,,,,,,tcp, true, false,192.169.34.187,WIN-AREA23PG7FQ.CHILD.APT.LOCAL,56206,-, false,192.169.34.199,-,1963,-,,,,,,,,,,,,,,,,,,,,,,,-,C.4f04b5de911bf0cd,C.4f04b5de911bf0cd
1.78221E+12,,,,,,,,,,,2026-06-23 9:48:44, {f4ba3e13-556f-6a3a-dd00-000000002600},5340,C:\Users\Administrator\AppData\Local\Temp\Rem\rems.exe,,,CHILD\Administrator,,,,,,,,,,,,,,,,tcp, true, false,192.169.34.187,WIN-AREA23PG7FQ.CHILD.APT.LOCAL,56207,-, false,192.169.34.199,-,8090,-,,,,,,,,,,,,,,,,,,,,,,,Usermode,C.4f04b5de911bf0cd,C.4f04b5de911bf0cd
1.78221E+12,,,,,,,,,,,2026-06-23 9:48:45, {f4ba3e13-556f-6a3a-dd00-000000002600},5340,C:\Users\Administrator\AppData\Local\Temp\Rem\rems.exe,,,CHILD\Administrator,,,,,,,,,,,,,,,,tcp, true, false,192.169.34.187,WIN-AREA23PG7FQ.CHILD.APT.LOCAL,56208,-, false,192.169.34.199,-,8090,-,,,,,,,,,,,,,,,,,,,,,,,Usermode,C.4f04b5de911bf0cd,C.4f04b5de911bf0cd
1.78221E+12,,,,,,,,,,,2026-06-23 9:48:46, {f4ba3e13-5568-6a3a-d500-000000002600},5920,C:\Windows\Microsoft.NET\Framework\v4.0.30319\MSBuild.exe,,,CHILD\Administrator,,,,,,,,,,,,,,,,tcp, true, false,192.169.34.187,WIN-AREA23PG7FQ.CHILD.APT.LOCAL,56209,-, false,192.169.34.199,-,1963,-,,,,,,,,,,,,,,,,,,,,,,,-,C.4f04b5de911bf0cd,C.4f04b5de911bf0cd
1.78221E+12,,,,,,,,,,,2026-06-23 9:48:46, {f4ba3e13-556f-6a3a-dd00-000000002600},5340,C:\Users\Administrator\AppData\Local\Temp\Rem\rems.exe,,,CHILD\Administrator,,,,,,,,,,,,,,,,tcp, true, false,192.169.34.187,WIN-AREA23PG7FQ.CHILD.APT.LOCAL,56211,-, false,192.169.34.199,-,8090,-,,,,,,,,,,,,,,,,,,,,,,,Usermode,C.4f04b5de911bf0cd,C.4f04b5de911bf0cd
1.78221E+12,,,,,,,,,,,2026-06-23 9:48:47, {f4ba3e13-556f-6a3a-dd00-000000002600},5340,C:\Users\Administrator\AppData\Local\Temp\Rem\rems.exe,,,CHILD\Administrator,,,,,,,,,,,,,,,,tcp, true, false,192.169.34.187,WIN-AREA23PG7FQ.CHILD.APT.LOCAL,56212,-, false,192.169.34.199,-,8090,-,,,,,,,,,,,,,,,,,,,,,,,Usermode,C.4f04b5de911bf0cd,C.4f04b5de911bf0cd
1.78221E+12,,,,,,,,,,,2026-06-23 9:48:48, {f4ba3e13-5568-6a3a-d500-000000002600},5920,C:\Windows\Microsoft.NET\Framework\v4.0.30319\MSBuild.exe,,,CHILD\Administrator,,,,,,,,,,,,,,,,tcp, true, false,192.169.34.187,WIN-AREA23PG7FQ.CHILD.APT.LOCAL,56213,-, false,192.169.34.199,-,1963,-,,,,,,,,,,,,,,,,,,,,,,,-,C.4f04b5de911bf0cd,C.4f04b5de911bf0cd
1.78221E+12,,,,,,,,,,,2026-06-23 9:48:48, {f4ba3e13-556f-6a3a-dd00-000000002600},5340,C:\Users\Administrator\AppData\Local\Temp\Rem\rems.exe,,,CHILD\Administrator,,,,,,,,,,,,,,,,tcp, true, false,192.169.34.187,WIN-AREA23PG7FQ.CHILD.APT.LOCAL,56214,-, false,192.169.34.199,-,8090,-,,,,,,,,,,,,,,,,,,,,,,,Usermode,C.4f04b5de911bf0cd,C.4f04b5de911bf0cd
1.78221E+12,,,,,,,,,,,2026-06-23 9:48:49, {f4ba3e13-556f-6a3a-dd00-000000002600},5340,C:\Users\Administrator\AppData\Local\Temp\Rem\rems.exe,,,CHILD\Administrator,,,,,,,,,,,,,,,,tcp, true, false,192.169.34.187,WIN-AREA23PG7FQ.CHILD.APT.LOCAL,56215,-, false,192.169.34.199,-,8090,-,,,,,,,,,,,,,,,,,,,,,,,Usermode,C.4f04b5de911bf0cd,C.4f04b5de911bf0cd
1.78221E+12,,,,,,,,,,,2026-06-23 9:48:50, {f4ba3e13-5568-6a3a-d500-000000002600},5920,C:\Windows\Microsoft.NET\Framework\v4.0.30319\MSBuild.exe,,,CHILD\Administrator,,,,,,,,,,,,,,,,tcp, true, false,192.169.34.187,WIN-AREA23PG7FQ.CHILD.APT.LOCAL,56216,-, false,192.169.34.199,-,1963,-,,,,,,,,,,,,,,,,,,,,,,,-,C.4f04b5de911bf0cd,C.4f04b5de911bf0cd
1.78221E+12,,,,,,,,,,,2026-06-23 9:48:50, {f4ba3e13-556f-6a3a-dd00-000000002600},5340,C:\Users\Administrator\AppData\Local\Temp\Rem\rems.exe,,,CHILD\Administrator,,,,,,,,,,,,,,,,tcp, true, false,192.169.34.187,WIN-AREA23PG7FQ.CHILD.APT.LOCAL,56217,-, false,192.169.34.199,-,8090,-,,,,,,,,,,,,,,,,,,,,,,,Usermode,C.4f04b5de911bf0cd,C.4f04b5de911bf0cd
1.78221E+12,,,,,,,,,,,2026-06-23 9:48:51, {f4ba3e13-556f-6a3a-dd00-000000002600},5340,C:\Users\Administrator\AppData\Local\Temp\Rem\rems.exe,,,CHILD\Administrator,,,,,,,,,,,,,,,,tcp, true, false,192.169.34.187,WIN-AREA23PG7FQ.CHILD.APT.LOCAL,56218,-, false,192.169.34.199,-,8090,-,,,,,,,,,,,,,,,,,,,,,,,Usermode,C.4f04b5de911bf0cd,C.4f04b5de911bf0cd
1.78221E+12,,,,,,,,,,,2026-06-23 9:48:52, {f4ba3e13-5568-6a3a-d500-000000002600},5920,C:\Windows\Microsoft.NET\Framework\v4.0.30319\MSBuild.exe,,,CHILD\Administrator,,,,,,,,,,,,,,,,tcp, true, false,192.169.34.187,WIN-AREA23PG7FQ.CHILD.APT.LOCAL,56219,-, false,192.169.34.199,-,1963,-,,,,,,,,,,,,,,,,,,,,,,,-,C.4f04b5de911bf0cd,C.4f04b5de911bf0cd
1.78221E+12,,,,,,,,,,,2026-06-23 9:48:52, {f4ba3e13-556f-6a3a-dd00-000000002600},5340,C:\Users\Administrator\AppData\Local\Temp\Rem\rems.exe,,,CHILD\Administrator,,,,,,,,,,,,,,,,tcp, true, false,192.169.34.187,WIN-AREA23PG7FQ.CHILD.APT.LOCAL,56220,-, false,192.169.34.199,-,8090,-,,,,,,,,,,,,,,,,,,,,,,,Usermode,C.4f04b5de911bf0cd,C.4f04b5de911bf0cd
1.78221E+12,,,,,,,,,,,2026-06-23 9:48:53, {f4ba3e13-556f-6a3a-dd00-000000002600},5340,C:\Users\Administrator\AppData\Local\Temp\Rem\rems.exe,,,CHILD\Administrator,,,,,,,,,,,,,,,,tcp, true, false,192.169.34.187,WIN-AREA23PG7FQ.CHILD.APT.LOCAL,56222,-, false,192.169.34.199,-,8090,-,,,,,,,,,,,,,,,,,,,,,,,Usermode,C.4f04b5de911bf0cd,C.4f04b5de911bf0cd
1.78221E+12,,,,,,,,,,,2026-06-23 9:48:54, {f4ba3e13-5568-6a3a-d500-000000002600},5920,C:\Windows\Microsoft.NET\Framework\v4.0.30319\MSBuild.exe,,,CHILD\Administrator,,,,,,,,,,,,,,,,tcp, true, false,192.169.34.187,WIN-AREA23PG7FQ.CHILD.APT.LOCAL,56224,-, false,192.169.34.199,-,1963,-,,,,,,,,,,,,,,,,,,,,,,,-,C.4f04b5de911bf0cd,C.4f04b5de911bf0cd
1.78221E+12,,,,,,,,,,,2026-06-23 9:48:54, {f4ba3e13-556f-6a3a-dd00-000000002600},5340,C:\Users\Administrator\AppData\Local\Temp\Rem\rems.exe,,,CHILD\Administrator,,,,,,,,,,,,,,,,tcp, true, false,192.169.34.187,WIN-AREA23PG7FQ.CHILD.APT.LOCAL,56225,-, false,192.169.34.199,-,8090,-,,,,,,,,,,,,,,,,,,,,,,,Usermode,C.4f04b5de911bf0cd,C.4f04b5de911bf0cd
1.78221E+12,,,,,,,,,,,2026-06-23 9:48:55, {f4ba3e13-556f-6a3a-dd00-000000002600},5340,C:\Users\Administrator\AppData\Local\Temp\Rem\rems.exe,,,CHILD\Administrator,,,,,,,,,,,,,,,,tcp, true, false,192.169.34.187,WIN-AREA23PG7FQ.CHILD.APT.LOCAL,56226,-, false,192.169.34.199,-,8090,-,,,,,,,,,,,,,,,,,,,,,,,Usermode,C.4f04b5de911bf0cd,C.4f04b5de911bf0cd
1.78221E+12,,,,,,,,,,,2026-06-23 9:48:56, {f4ba3e13-5568-6a3a-d500-000000002600},5920,C:\Windows\Microsoft.NET\Framework\v4.0.30319\MSBuild.exe,,,CHILD\Administrator,,,,,,,,,,,,,,,,tcp, true, false,192.169.34.187,WIN-AREA23PG7FQ.CHILD.APT.LOCAL,56228,-, false,192.169.34.199,-,1963,-,,,,,,,,,,,,,,,,,,,,,,,-,C.4f04b5de911bf0cd,C.4f04b5de911bf0cd
1.78221E+12,,,,,,,,,,,2026-06-23 9:48:56, {f4ba3e13-556f-6a3a-dd00-000000002600},5340,C:\Users\Administrator\AppData\Local\Temp\Rem\rems.exe,,,CHILD\Administrator,,,,,,,,,,,,,,,,tcp, true, false,192.169.34.187,WIN-AREA23PG7FQ.CHILD.APT.LOCAL,56229,-, false,192.169.34.199,-,8090,-,,,,,,,,,,,,,,,,,,,,,,,Usermode,C.4f04b5de911bf0cd,C.4f04b5de911bf0cd
1.78221E+12,,,,,,,,,,,2026-06-23 9:48:57, {f4ba3e13-556f-6a3a-dd00-000000002600},5340,C:\Users\Administrator\AppData\Local\Temp\Rem\rems.exe,,,CHILD\Administrator,,,,,,,,,,,,,,,,tcp, true, false,192.169.34.187,WIN-AREA23PG7FQ.CHILD.APT.LOCAL,56231,-, false,192.169.34.199,-,8090,-,,,,,,,,,,,,,,,,,,,,,,,Usermode,C.4f04b5de911bf0cd,C.4f04b5de911bf0cd
1.78221E+12,,,,,,,,,,,2026-06-23 9:48:58, {f4ba3e13-5568-6a3a-d500-000000002600},5920,C:\Windows\Microsoft.NET\Framework\v4.0.30319\MSBuild.exe,,,CHILD\Administrator,,,,,,,,,,,,,,,,tcp, true, false,192.169.34.187,WIN-AREA23PG7FQ.CHILD.APT.LOCAL,56233,-, false,192.169.34.199,-,1963,-,,,,,,,,,,,,,,,,,,,,,,,-,C.4f04b5de911bf0cd,C.4f04b5de911bf0cd
1.78221E+12,,,,,,,,,,,2026-06-23 9:48:58, {f4ba3e13-556f-6a3a-dd00-000000002600},5340,C:\Users\Administrator\AppData\Local\Temp\Rem\rems.exe,,,CHILD\Administrator,,,,,,,,,,,,,,,,tcp, true, false,192.169.34.187,WIN-AREA23PG7FQ.CHILD.APT.LOCAL,56234,-, false,192.169.34.199,-,8090,-,,,,,,,,,,,,,,,,,,,,,,,Usermode,C.4f04b5de911bf0cd,C.4f04b5de911bf0cd
1.78221E+12,,,,,,,,,,,2026-06-23 9:48:59, {f4ba3e13-556f-6a3a-dd00-000000002600},5340,C:\Users\Administrator\AppData\Local\Temp\Rem\rems.exe,,,CHILD\Administrator,,,,,,,,,,,,,,,,tcp, true, false,192.169.34.187,WIN-AREA23PG7FQ.CHILD.APT.LOCAL,56235,-, false,192.169.34.199,-,8090,-,,,,,,,,,,,,,,,,,,,,,,,Usermode,C.4f04b5de911bf0cd,C.4f04b5de911bf0cd
1.78221E+12,,,,,,,,,,,2026-06-23 9:49:00, {f4ba3e13-5568-6a3a-d500-000000002600},5920,C:\Windows\Microsoft.NET\Framework\v4.0.30319\MSBuild.exe,,,CHILD\Administrator,,,,,,,,,,,,,,,,tcp, true, false,192.169.34.187,WIN-AREA23PG7FQ.CHILD.APT.LOCAL,56238,-, false,192.169.34.199,-,1963,-,,,,,,,,,,,,,,,,,,,,,,,-,C.4f04b5de911bf0cd,C.4f04b5de911bf0cd
1.78221E+12,,,,,,,,,,,2026-06-23 9:49:00, {f4ba3e13-556f-6a3a-dd00-000000002600},5340,C:\Users\Administrator\AppData\Local\Temp\Rem\rems.exe,,,CHILD\Administrator,,,,,,,,,,,,,,,,tcp, true, false,192.169.34.187,WIN-AREA23PG7FQ.CHILD.APT.LOCAL,56240,-, false,192.169.34.199,-,8090,-,,,,,,,,,,,,,,,,,,,,,,,Usermode,C.4f04b5de911bf0cd,C.4f04b5de911bf0cd
1.78221E+12,,,,,,,,,,,2026-06-23 9:49:01, {f4ba3e13-556f-6a3a-dd00-000000002600},5340,C:\Users\Administrator\AppData\Local\Temp\Rem\rems.exe,,,CHILD\Administrator,,,,,,,,,,,,,,,,tcp, true, false,192.169.34.187,WIN-AREA23PG7FQ.CHILD.APT.LOCAL,56241,-, false,192.169.34.199,-,8090,-,,,,,,,,,,,,,,,,,,,,,,,Usermode,C.4f04b5de911bf0cd,C.4f04b5de911bf0cd
1.78221E+12,,,,,,,,,,,2026-06-23 9:49:02, {f4ba3e13-5568-6a3a-d500-000000002600},5920,C:\Windows\Microsoft.NET\Framework\v4.0.30319\MSBuild.exe,,,CHILD\Administrator,,,,,,,,,,,,,,,,tcp, true, false,192.169.34.187,WIN-AREA23PG7FQ.CHILD.APT.LOCAL,56242,-, false,192.169.34.199,-,1963,-,,,,,,,,,,,,,,,,,,,,,,,-,C.4f04b5de911bf0cd,C.4f04b5de911bf0cd
1.78221E+12,,,,,,,,,,,2026-06-23 9:49:02, {f4ba3e13-556f-6a3a-dd00-000000002600},5340,C:\Users\Administrator\AppData\Local\Temp\Rem\rems.exe,,,CHILD\Administrator,,,,,,,,,,,,,,,,tcp, true, false,192.169.34.187,WIN-AREA23PG7FQ.CHILD.APT.LOCAL,56243,-, false,192.169.34.199,-,8090,-,,,,,,,,,,,,,,,,,,,,,,,Usermode,C.4f04b5de911bf0cd,C.4f04b5de911bf0cd
1.78221E+12,,,,,,,,,,,2026-06-23 9:49:03, {f4ba3e13-556f-6a3a-dd00-000000002600},5340,C:\Users\Administrator\AppData\Local\Temp\Rem\rems.exe,,,CHILD\Administrator,,,,,,,,,,,,,,,,tcp, true, false,192.169.34.187,WIN-AREA23PG7FQ.CHILD.APT.LOCAL,56244,-, false,192.169.34.199,-,8090,-,,,,,,,,,,,,,,,,,,,,,,,Usermode,C.4f04b5de911bf0cd,C.4f04b5de911bf0cd
1.78221E+12,,,,,,,,,,,2026-06-23 9:49:04, {f4ba3e13-5568-6a3a-d500-000000002600},5920,C:\Windows\Microsoft.NET\Framework\v4.0.30319\MSBuild.exe,,,CHILD\Administrator,,,,,,,,,,,,,,,,tcp, true, false,192.169.34.187,WIN-AREA23PG7FQ.CHILD.APT.LOCAL,56245,-, false,192.169.34.199,-,1963,-,,,,,,,,,,,,,,,,,,,,,,,-,C.4f04b5de911bf0cd,C.4f04b5de911bf0cd
1.78221E+12,,,,,,,,,,,2026-06-23 9:49:04, {f4ba3e13-556f-6a3a-dd00-000000002600},5340,C:\Users\Administrator\AppData\Local\Temp\Rem\rems.exe,,,CHILD\Administrator,,,,,,,,,,,,,,,,tcp, true, false,192.169.34.187,WIN-AREA23PG7FQ.CHILD.APT.LOCAL,56246,-, false,192.169.34.199,-,8090,-,,,,,,,,,,,,,,,,,,,,,,,Usermode,C.4f04b5de911bf0cd,C.4f04b5de911bf0cd
1.78221E+12,,,,,,,,,,,2026-06-23 9:49:05, {f4ba3e13-556f-6a3a-dd00-000000002600},5340,C:\Users\Administrator\AppData\Local\Temp\Rem\rems.exe,,,CHILD\Administrator,,,,,,,,,,,,,,,,tcp, true, false,192.169.34.187,WIN-AREA23PG7FQ.CHILD.APT.LOCAL,56251,-, false,192.169.34.199,-,8090,-,,,,,,,,,,,,,,,,,,,,,,,Usermode,C.4f04b5de911bf0cd,C.4f04b5de911bf0cd
1.78221E+12,,,,,,,,,,,2026-06-23 9:49:06, {f4ba3e13-5568-6a3a-d500-000000002600},5920,C:\Windows\Microsoft.NET\Framework\v4.0.30319\MSBuild.exe,,,CHILD\Administrator,,,,,,,,,,,,,,,,tcp, true, false,192.169.34.187,WIN-AREA23PG7FQ.CHILD.APT.LOCAL,56253,-, false,192.169.34.199,-,1963,-,,,,,,,,,,,,,,,,,,,,,,,-,C.4f04b5de911bf0cd,C.4f04b5de911bf0cd
1.78221E+12,,,,,,,,,,,2026-06-23 9:49:06, {f4ba3e13-556f-6a3a-dd00-000000002600},5340,C:\Users\Administrator\AppData\Local\Temp\Rem\rems.exe,,,CHILD\Administrator,,,,,,,,,,,,,,,,tcp, true, false,192.169.34.187,WIN-AREA23PG7FQ.CHILD.APT.LOCAL,56254,-, false,192.169.34.199,-,8090,-,,,,,,,,,,,,,,,,,,,,,,,Usermode,C.4f04b5de911bf0cd,C.4f04b5de911bf0cd
1.78221E+12,,,,,,,,,,,2026-06-23 9:49:07, {f4ba3e13-556f-6a3a-dd00-000000002600},5340,C:\Users\Administrator\AppData\Local\Temp\Rem\rems.exe,,,CHILD\Administrator,,,,,,,,,,,,,,,,tcp, true, false,192.169.34.187,WIN-AREA23PG7FQ.CHILD.APT.LOCAL,56257,-, false,192.169.34.199,-,8090,-,,,,,,,,,,,,,,,,,,,,,,,Usermode,C.4f04b5de911bf0cd,C.4f04b5de911bf0cd
1.78221E+12,,,,,,,,,,,2026-06-23 9:49:08, {f4ba3e13-5568-6a3a-d500-000000002600},5920,C:\Windows\Microsoft.NET\Framework\v4.0.30319\MSBuild.exe,,,CHILD\Administrator,,,,,,,,,,,,,,,,tcp, true, false,192.169.34.187,WIN-AREA23PG7FQ.CHILD.APT.LOCAL,56259,-, false,192.169.34.199,-,1963,-,,,,,,,,,,,,,,,,,,,,,,,-,C.4f04b5de911bf0cd,C.4f04b5de911bf0cd
1.78221E+12,,,,,,,,,,,2026-06-23 9:49:09, {f4ba3e13-556f-6a3a-dd00-000000002600},5340,C:\Users\Administrator\AppData\Local\Temp\Rem\rems.exe,,,CHILD\Administrator,,,,,,,,,,,,,,,,tcp, true, false,192.169.34.187,WIN-AREA23PG7FQ.CHILD.APT.LOCAL,56260,-, false,192.169.34.199,-,8090,-,,,,,,,,,,,,,,,,,,,,,,,Usermode,C.4f04b5de911bf0cd,C.4f04b5de911bf0cd
1.78221E+12,,,,,,,,,,,2026-06-23 9:49:10, {f4ba3e13-556f-6a3a-dd00-000000002600},5340,C:\Users\Administrator\AppData\Local\Temp\Rem\rems.exe,,,CHILD\Administrator,,,,,,,,,,,,,,,,tcp, true, false,192.169.34.187,WIN-AREA23PG7FQ.CHILD.APT.LOCAL,56261,-, false,192.169.34.199,-,8090,-,,,,,,,,,,,,,,,,,,,,,,,Usermode,C.4f04b5de911bf0cd,C.4f04b5de911bf0cd
1.78221E+12,,,,,,,,,,,2026-06-23 9:49:10, {f4ba3e13-5568-6a3a-d500-000000002600},5920,C:\Windows\Microsoft.NET\Framework\v4.0.30319\MSBuild.exe,,,CHILD\Administrator,,,,,,,,,,,,,,,,tcp, true, false,192.169.34.187,WIN-AREA23PG7FQ.CHILD.APT.LOCAL,56262,-, false,192.169.34.199,-,1963,-,,,,,,,,,,,,,,,,,,,,,,,-,C.4f04b5de911bf0cd,C.4f04b5de911bf0cd
1.78221E+12,,,,,,,,,,,2026-06-23 9:49:11, {f4ba3e13-556f-6a3a-dd00-000000002600},5340,C:\Users\Administrator\AppData\Local\Temp\Rem\rems.exe,,,CHILD\Administrator,,,,,,,,,,,,,,,,tcp, true, false,192.169.34.187,WIN-AREA23PG7FQ.CHILD.APT.LOCAL,56263,-, false,192.169.34.199,-,8090,-,,,,,,,,,,,,,,,,,,,,,,,Usermode,C.4f04b5de911bf0cd,C.4f04b5de911bf0cd
1.78221E+12,,,,,,,,,,,2026-06-23 9:49:12, {f4ba3e13-556f-6a3a-dd00-000000002600},5340,C:\Users\Administrator\AppData\Local\Temp\Rem\rems.exe,,,CHILD\Administrator,,,,,,,,,,,,,,,,tcp, true, false,192.169.34.187,WIN-AREA23PG7FQ.CHILD.APT.LOCAL,56264,-, false,192.169.34.199,-,8090,-,,,,,,,,,,,,,,,,,,,,,,,Usermode,C.4f04b5de911bf0cd,C.4f04b5de911bf0cd
1.78221E+12,,,,,,,,,,,2026-06-23 9:49:12, {f4ba3e13-5568-6a3a-d500-000000002600},5920,C:\Windows\Microsoft.NET\Framework\v4.0.30319\MSBuild.exe,,,CHILD\Administrator,,,,,,,,,,,,,,,,tcp, true, false,192.169.34.187,WIN-AREA23PG7FQ.CHILD.APT.LOCAL,56265,-, false,192.169.34.199,-,1963,-,,,,,,,,,,,,,,,,,,,,,,,-,C.4f04b5de911bf0cd,C.4f04b5de911bf0cd
1.78221E+12,,,,,,,,,,,2026-06-23 9:49:13, {f4ba3e13-556f-6a3a-dd00-000000002600},5340,C:\Users\Administrator\AppData\Local\Temp\Rem\rems.exe,,,CHILD\Administrator,,,,,,,,,,,,,,,,tcp, true, false,192.169.34.187,WIN-AREA23PG7FQ.CHILD.APT.LOCAL,56266,-, false,192.169.34.199,-,8090,-,,,,,,,,,,,,,,,,,,,,,,,Usermode,C.4f04b5de911bf0cd,C.4f04b5de911bf0cd
1.78221E+12,,,,,,,,,,,2026-06-23 9:49:14, {f4ba3e13-556f-6a3a-dd00-000000002600},5340,C:\Users\Administrator\AppData\Local\Temp\Rem\rems.exe,,,CHILD\Administrator,,,,,,,,,,,,,,,,tcp, true, false,192.169.34.187,WIN-AREA23PG7FQ.CHILD.APT.LOCAL,56267,-, false,192.169.34.199,-,8090,-,,,,,,,,,,,,,,,,,,,,,,,Usermode,C.4f04b5de911bf0cd,C.4f04b5de911bf0cd
1.78221E+12,,,,,,,,,,,2026-06-23 9:49:14, {f4ba3e13-5568-6a3a-d500-000000002600},5920,C:\Windows\Microsoft.NET\Framework\v4.0.30319\MSBuild.exe,,,CHILD\Administrator,,,,,,,,,,,,,,,,tcp, true, false,192.169.34.187,WIN-AREA23PG7FQ.CHILD.APT.LOCAL,56268,-, false,192.169.34.199,-,1963,-,,,,,,,,,,,,,,,,,,,,,,,-,C.4f04b5de911bf0cd,C.4f04b5de911bf0cd
1.78221E+12,,,,,,,,,,,2026-06-23 9:49:15, {f4ba3e13-556f-6a3a-dd00-000000002600},5340,C:\Users\Administrator\AppData\Local\Temp\Rem\rems.exe,,,CHILD\Administrator,,,,,,,,,,,,,,,,tcp, true, false,192.169.34.187,WIN-AREA23PG7FQ.CHILD.APT.LOCAL,56269,-, false,192.169.34.199,-,8090,-,,,,,,,,,,,,,,,,,,,,,,,Usermode,C.4f04b5de911bf0cd,C.4f04b5de911bf0cd
1.78221E+12,,,,,,,,,,,2026-06-23 9:49:16, {f4ba3e13-556f-6a3a-dd00-000000002600},5340,C:\Users\Administrator\AppData\Local\Temp\Rem\rems.exe,,,CHILD\Administrator,,,,,,,,,,,,,,,,tcp, true, false,192.169.34.187,WIN-AREA23PG7FQ.CHILD.APT.LOCAL,56271,-, false,192.169.34.199,-,8090,-,,,,,,,,,,,,,,,,,,,,,,,Usermode,C.4f04b5de911bf0cd,C.4f04b5de911bf0cd
1.78221E+12,,,,,,,,,,,2026-06-23 9:49:16, {f4ba3e13-5568-6a3a-d500-000000002600},5920,C:\Windows\Microsoft.NET\Framework\v4.0.30319\MSBuild.exe,,,CHILD\Administrator,,,,,,,,,,,,,,,,tcp, true, false,192.169.34.187,WIN-AREA23PG7FQ.CHILD.APT.LOCAL,56272,-, false,192.169.34.199,-,1963,-,,,,,,,,,,,,,,,,,,,,,,,-,C.4f04b5de911bf0cd,C.4f04b5de911bf0cd
1.78221E+12,,,,,,,,,,,2026-06-23 9:49:17, {f4ba3e13-556f-6a3a-dd00-000000002600},5340,C:\Users\Administrator\AppData\Local\Temp\Rem\rems.exe,,,CHILD\Administrator,,,,,,,,,,,,,,,,tcp, true, false,192.169.34.187,WIN-AREA23PG7FQ.CHILD.APT.LOCAL,56273,-, false,192.169.34.199,-,8090,-,,,,,,,,,,,,,,,,,,,,,,,Usermode,C.4f04b5de911bf0cd,C.4f04b5de911bf0cd
1.78221E+12,,,,,,,,,,,2026-06-23 9:49:18, {f4ba3e13-556f-6a3a-dd00-000000002600},5340,C:\Users\Administrator\AppData\Local\Temp\Rem\rems.exe,,,CHILD\Administrator,,,,,,,,,,,,,,,,tcp, true, false,192.169.34.187,WIN-AREA23PG7FQ.CHILD.APT.LOCAL,56274,-, false,192.169.34.199,-,8090,-,,,,,,,,,,,,,,,,,,,,,,,Usermode,C.4f04b5de911bf0cd,C.4f04b5de911bf0cd
1.78221E+12,,,,,,,,,,,2026-06-23 9:49:18, {f4ba3e13-5568-6a3a-d500-000000002600},5920,C:\Windows\Microsoft.NET\Framework\v4.0.30319\MSBuild.exe,,,CHILD\Administrator,,,,,,,,,,,,,,,,tcp, true, false,192.169.34.187,WIN-AREA23PG7FQ.CHILD.APT.LOCAL,56275,-, false,192.169.34.199,-,1963,-,,,,,,,,,,,,,,,,,,,,,,,-,C.4f04b5de911bf0cd,C.4f04b5de911bf0cd
1.78221E+12,,,,,,,,,,,2026-06-23 9:49:19, {f4ba3e13-556f-6a3a-dd00-000000002600},5340,C:\Users\Administrator\AppData\Local\Temp\Rem\rems.exe,,,CHILD\Administrator,,,,,,,,,,,,,,,,tcp, true, false,192.169.34.187,WIN-AREA23PG7FQ.CHILD.APT.LOCAL,56276,-, false,192.169.34.199,-,8090,-,,,,,,,,,,,,,,,,,,,,,,,Usermode,C.4f04b5de911bf0cd,C.4f04b5de911bf0cd
1.78221E+12,,,,,,,,,,,2026-06-23 9:49:20, {f4ba3e13-556f-6a3a-dd00-000000002600},5340,C:\Users\Administrator\AppData\Local\Temp\Rem\rems.exe,,,CHILD\Administrator,,,,,,,,,,,,,,,,tcp, true, false,192.169.34.187,WIN-AREA23PG7FQ.CHILD.APT.LOCAL,56277,-, false,192.169.34.199,-,8090,-,,,,,,,,,,,,,,,,,,,,,,,Usermode,C.4f04b5de911bf0cd,C.4f04b5de911bf0cd
1.78221E+12,,,,,,,,,,,2026-06-23 9:49:20, {f4ba3e13-5568-6a3a-d500-000000002600},5920,C:\Windows\Microsoft.NET\Framework\v4.0.30319\MSBuild.exe,,,CHILD\Administrator,,,,,,,,,,,,,,,,tcp, true, false,192.169.34.187,WIN-AREA23PG7FQ.CHILD.APT.LOCAL,56278,-, false,192.169.34.199,-,1963,-,,,,,,,,,,,,,,,,,,,,,,,-,C.4f04b5de911bf0cd,C.4f04b5de911bf0cd
1.78221E+12,,,,,,,,,,,2026-06-23 9:49:21, {f4ba3e13-556f-6a3a-dd00-000000002600},5340,C:\Users\Administrator\AppData\Local\Temp\Rem\rems.exe,,,CHILD\Administrator,,,,,,,,,,,,,,,,tcp, true, false,192.169.34.187,WIN-AREA23PG7FQ.CHILD.APT.LOCAL,56279,-, false,192.169.34.199,-,8090,-,,,,,,,,,,,,,,,,,,,,,,,Usermode,C.4f04b5de911bf0cd,C.4f04b5de911bf0cd
1.78221E+12,,,,,,,,,,,2026-06-23 9:49:22, {f4ba3e13-556f-6a3a-dd00-000000002600},5340,C:\Users\Administrator\AppData\Local\Temp\Rem\rems.exe,,,CHILD\Administrator,,,,,,,,,,,,,,,,tcp, true, false,192.169.34.187,WIN-AREA23PG7FQ.CHILD.APT.LOCAL,56280,-, false,192.169.34.199,-,8090,-,,,,,,,,,,,,,,,,,,,,,,,Usermode,C.4f04b5de911bf0cd,C.4f04b5de911bf0cd
1.78221E+12,,,,,,,,,,,2026-06-23 9:49:22, {f4ba3e13-5568-6a3a-d500-000000002600},5920,C:\Windows\Microsoft.NET\Framework\v4.0.30319\MSBuild.exe,,,CHILD\Administrator,,,,,,,,,,,,,,,,tcp, true, false,192.169.34.187,WIN-AREA23PG7FQ.CHILD.APT.LOCAL,56281,-, false,192.169.34.199,-,1963,-,,,,,,,,,,,,,,,,,,,,,,,-,C.4f04b5de911bf0cd,C.4f04b5de911bf0cd
1.78221E+12,,,,,,,,,,,2026-06-23 9:49:23, {f4ba3e13-556f-6a3a-dd00-000000002600},5340,C:\Users\Administrator\AppData\Local\Temp\Rem\rems.exe,,,CHILD\Administrator,,,,,,,,,,,,,,,,tcp, true, false,192.169.34.187,WIN-AREA23PG7FQ.CHILD.APT.LOCAL,56282,-, false,192.169.34.199,-,8090,-,,,,,,,,,,,,,,,,,,,,,,,Usermode,C.4f04b5de911bf0cd,C.4f04b5de911bf0cd
1.78221E+12,,,,,,,,,,,2026-06-23 9:49:24, {f4ba3e13-556f-6a3a-dd00-000000002600},5340,C:\Users\Administrator\AppData\Local\Temp\Rem\rems.exe,,,CHILD\Administrator,,,,,,,,,,,,,,,,tcp, true, false,192.169.34.187,WIN-AREA23PG7FQ.CHILD.APT.LOCAL,56283,-, false,192.169.34.199,-,8090,-,,,,,,,,,,,,,,,,,,,,,,,Usermode,C.4f04b5de911bf0cd,C.4f04b5de911bf0cd
