_ts,@timestamp,TimeCreated,EventID,Hostname,Channel,Level,Task,Keywords,ProviderGuid,SourceName,UtcTime,ProcessGuid,ProcessId,Image,CommandLine,CurrentDirectory,SubjectUserName,Hashes,ParentProcessGuid,ParentProcessId,ParentImage,ParentCommandLine,IntegrityLevel,SubjectLogonId,LogonGuid,TerminalSessionId,TargetFilename,CreationUtcTime,EventType,TargetObject,Details,NewName,Protocol,Initiated,SourceIsIpv6,SourceIp,SourceHostname,SourcePort,SourcePortName,DestinationIsIpv6,DestinationIp,DestinationHostname,DestinationPort,DestinationPortName,ImageLoaded,Signed,Signature,SignatureStatus,Company,Product,Description,FileVersion,OriginalFileName,SourceProcessGuid,SourceProcessId,SourceThreadId,SourceImage,TargetProcessGuid,TargetProcessId,TargetImage,GrantedAccess,CallTrace,PipeName,QueryName,QueryStatus,QueryResults,RuleName,ClientId,_Source
1780488690102,,,,,,,,,,,2026-05-27 10:44:25.061," {f4ba3e13-c48b-6a16-eb03-000000000000}",4,System,,,NT AUTHORITY\SYSTEM,,,,,,,,,,C:\Windows\System32\LogFiles\WMI\RtBackup\EtwRTVelociraptor.etl,2026-05-27 10:19:36.683,,,,,,,,,,,,,,,,,,,,,,,,,,,,,,,,,,,,,,,-,C.4f04b5de911bf0cd,C.4f04b5de911bf0cd
1780488690102,,,,,,,,,,,,,,,,,,,,,,,,,,,,,,,,,,,,,,,,,,,,,,,,,,,,,,,,,,,,,,,,,,,,C.4f04b5de911bf0cd,C.4f04b5de911bf0cd
1780488690102,,,,,,,,,,,2026-05-27 10:44:25.138," {f4ba3e13-c624-6a16-a200-000000002200}",4696,C:\Windows\sysmon64.exe,,,NT AUTHORITY\SYSTEM,,,,,,,,,,,,CreateKey,HKU\.DEFAULT\Software\Microsoft\Windows\CurrentVersion\WinTrust\Trust Providers\Software Publishing,,,,,,,,,,,,,,,,,,,,,,,,,,,,,,,,,,,,,-,C.4f04b5de911bf0cd,C.4f04b5de911bf0cd
1780488690102,,,,,,,,,,,,,,,,,,,,,,,,,,,,,,,,,,,,,,,,,,,,,,,,,,,,,,,,,,,,,,,,,,,,C.4f04b5de911bf0cd,C.4f04b5de911bf0cd
1780488690102,,,,,,,,,,,2026-05-27 10:44:25.138," {f4ba3e13-c624-6a16-a200-000000002200}",4696,C:\Windows\sysmon64.exe,,,NT AUTHORITY\SYSTEM,,,,,,,,,,,,CreateKey,HKU\.DEFAULT\Software\Microsoft\Windows\CurrentVersion\WinTrust\Trust Providers\Software Publishing,,,,,,,,,,,,,,,,,,,,,,,,,,,,,,,,,,,,,-,C.4f04b5de911bf0cd,C.4f04b5de911bf0cd
1780488690102,,,,,,,,,,,2026-05-27 10:44:25.138," {f4ba3e13-c532-6a16-6800-000000002200}",3992,C:\Program Files\Velociraptor\Velociraptor.exe,,,NT AUTHORITY\SYSTEM,,,,,,,,,,,,CreateKey,HKLM\SOFTWARE\Microsoft\Wbem\CIMOM,,,,,,,,,,,,,,,,,,,,,,,,,,,,,,,,,,,,,-,C.4f04b5de911bf0cd,C.4f04b5de911bf0cd
1780488690102,,,,,,,,,,,2026-05-27 10:44:25.138," {f4ba3e13-c532-6a16-6800-000000002200}",3992,C:\Program Files\Velociraptor\Velociraptor.exe,,,NT AUTHORITY\SYSTEM,,,,,,,,,,,,CreateKey,HKLM\SOFTWARE\Microsoft\Wbem\CIMOM,,,,,,,,,,,,,,,,,,,,,,,,,,,,,,,,,,,,,-,C.4f04b5de911bf0cd,C.4f04b5de911bf0cd
1780488690102,,,,,,,,,,,,,,,,,,,,,,,,,,,,,,,,,,,,,,,,,,,,,,,,,,,,,,,,,,,,,,,,,,,,C.4f04b5de911bf0cd,C.4f04b5de911bf0cd
1780488690102,,,,,,,,,,,,,,,,,,,,,,,,,,,,,,,,,,,,,,,,,,,,,,,,,,,,,,,,,,,,,,,,,,,,C.4f04b5de911bf0cd,C.4f04b5de911bf0cd
1780488690102,,,,,,,,,,,,,,,,,,,,,,,,,,,,,,,,,,,,,,,,,,,,,,,,,,,,,,,,,,,,,,,,,,,,C.4f04b5de911bf0cd,C.4f04b5de911bf0cd
1780488690102,,,,,,,,,,,,,,,,,,,,,,,,,,,,,,,,,,,,,,,,,,,,,,,,,,,,,,,,,,,,,,,,,,,,C.4f04b5de911bf0cd,C.4f04b5de911bf0cd
1780488690102,,,,,,,,,,,2026-05-27 10:44:25.157," {f4ba3e13-c492-6a16-1000-000000002200}",380,C:\Windows\system32\svchost.exe,,,NT AUTHORITY\SYSTEM,,,,,,,,,,,,CreateKey,HKCR,,,,,,,,,,,,,,,,,,,,,,,,,,,,,,,,,,,,,-,C.4f04b5de911bf0cd,C.4f04b5de911bf0cd
1780488690102,,,,,,,,,,,2026-05-27 10:44:25.157," {f4ba3e13-c492-6a16-1000-000000002200}",380,C:\Windows\system32\svchost.exe,,,NT AUTHORITY\SYSTEM,,,,,,,,,,,,CreateKey,HKCR,,,,,,,,,,,,,,,,,,,,,,,,,,,,,,,,,,,,,-,C.4f04b5de911bf0cd,C.4f04b5de911bf0cd
1780488690102,,,,,,,,,,,2026-05-27 10:44:25.157," {f4ba3e13-c492-6a16-1000-000000002200}",380,C:\Windows\system32\svchost.exe,,,NT AUTHORITY\SYSTEM,,,,,,,,,,,,CreateKey,HKCR,,,,,,,,,,,,,,,,,,,,,,,,,,,,,,,,,,,,,-,C.4f04b5de911bf0cd,C.4f04b5de911bf0cd
1780488690102,,,,,,,,,,,2026-05-27 10:44:25.157," {f4ba3e13-c492-6a16-1000-000000002200}",380,C:\Windows\system32\svchost.exe,,,NT AUTHORITY\SYSTEM,,,,,,,,,,,,CreateKey,HKCR,,,,,,,,,,,,,,,,,,,,,,,,,,,,,,,,,,,,,-,C.4f04b5de911bf0cd,C.4f04b5de911bf0cd
1780488690102,,,,,,,,,,,2026-05-27 10:44:25.157," {f4ba3e13-c492-6a16-1000-000000002200}",380,C:\Windows\system32\svchost.exe,,,NT AUTHORITY\SYSTEM,,,,,,,,,,,,CreateKey,HKCR,,,,,,,,,,,,,,,,,,,,,,,,,,,,,,,,,,,,,-,C.4f04b5de911bf0cd,C.4f04b5de911bf0cd
1780488690102,,,,,,,,,,,2026-05-27 10:44:25.159," {f4ba3e13-c492-6a16-1000-000000002200}",380,C:\Windows\system32\svchost.exe,,,NT AUTHORITY\SYSTEM,,,,,,,,,,,,CreateKey,HKCR,,,,,,,,,,,,,,,,,,,,,,,,,,,,,,,,,,,,,-,C.4f04b5de911bf0cd,C.4f04b5de911bf0cd
1780488690102,,,,,,,,,,,2026-05-27 10:44:25.159," {f4ba3e13-c492-6a16-1000-000000002200}",380,C:\Windows\system32\svchost.exe,,,NT AUTHORITY\SYSTEM,,,,,,,,,,,,CreateKey,HKCR,,,,,,,,,,,,,,,,,,,,,,,,,,,,,,,,,,,,,-,C.4f04b5de911bf0cd,C.4f04b5de911bf0cd
1780488690102,,,,,,,,,,,2026-05-27 10:44:25.159," {f4ba3e13-c492-6a16-1000-000000002200}",380,C:\Windows\system32\svchost.exe,,,NT AUTHORITY\SYSTEM,,,,,,,,,,,,CreateKey,HKCR,,,,,,,,,,,,,,,,,,,,,,,,,,,,,,,,,,,,,-,C.4f04b5de911bf0cd,C.4f04b5de911bf0cd
1780488690102,,,,,,,,,,,2026-05-27 10:44:25.159," {f4ba3e13-c492-6a16-1000-000000002200}",380,C:\Windows\system32\svchost.exe,,,NT AUTHORITY\SYSTEM,,,,,,,,,,,,CreateKey,HKCR,,,,,,,,,,,,,,,,,,,,,,,,,,,,,,,,,,,,,-,C.4f04b5de911bf0cd,C.4f04b5de911bf0cd
1780488690102,,,,,,,,,,,2026-05-27 10:44:25.159," {f4ba3e13-c492-6a16-1000-000000002200}",380,C:\Windows\system32\svchost.exe,,,NT AUTHORITY\SYSTEM,,,,,,,,,,,,CreateKey,HKCR,,,,,,,,,,,,,,,,,,,,,,,,,,,,,,,,,,,,,-,C.4f04b5de911bf0cd,C.4f04b5de911bf0cd
1780488690102,,,,,,,,,,,,,,,,,,,,,,,,,,,,,,,,,,,,,,,,,,,,,,,,,,,,,,,,,,,,,,,,,,,,C.4f04b5de911bf0cd,C.4f04b5de911bf0cd
1780488690102,,,,,,,,,,,,,,,,,,,,,,,,,,,,,,,,,,,,,,,,,,,,,,,,,,,,,,,,,,,,,,,,,,,,C.4f04b5de911bf0cd,C.4f04b5de911bf0cd
1780488690102,,,,,,,,,,,,,,,,,,,,,,,,,,,,,,,,,,,,,,,,,,,,,,,,,,,,,,,,,,,,,,,,,,,,C.4f04b5de911bf0cd,C.4f04b5de911bf0cd
1780488690102,,,,,,,,,,,2026-05-27 10:44:25.162," {f4ba3e13-c4ad-6a16-3200-000000002200}",2788,C:\Program Files\Windows Defender\MsMpEng.exe,,,NT AUTHORITY\SYSTEM,,,,,,,,,,,,,,,,,,,,,,,,,,,,,,,,,,,,,,,,,,,,,,,,,,-,C.4f04b5de911bf0cd,C.4f04b5de911bf0cd
1780488690102,,,,,,,,,,,2026-05-27 10:44:25.162," {f4ba3e13-cb09-6a16-f700-000000002200}",6092,C:\Windows\System32\wbem\WmiPrvSE.exe,C:\Windows\system32\wbem\wmiprvse.exe -secured -Embedding,C:\Windows\system32\,NT AUTHORITY\NETWORK SERVICE,"MD5=D8E539426644A0F23CBF53DD0A5EE079,SHA256=B62ACACFCAF99A50149F9DCE06136D478723992A61014FC3DBAE81289FE219F9,IMPHASH=B8B1E8FF9629E9FE0321C7EEA5ACE102"," {f4ba3e13-c492-6a16-0c00-000000002200}"," 860",C:\Windows\System32\svchost.exe,C:\Windows\system32\svchost.exe -k DcomLaunch,System,0x3E4," {f4ba3e13-c492-6a16-e403-000000000000}"," 0",,,,,,,,,,,,,,,,,,,,,,,Microsoft Corporation,Microsoft® Windows® Operating System,WMI Provider Host,10.0.14393.0 (rs1_release.160715-1616),Wmiprvse.exe,,,,,,,,,,,,,,-,C.4f04b5de911bf0cd,C.4f04b5de911bf0cd
1780488690102,,,,,,,,,,,,,,,,,,,,,,,,,,,,,,,,,,,,,,,,,,,,,,,,,,,,,,,,,,,,,,,,,,,,C.4f04b5de911bf0cd,C.4f04b5de911bf0cd
1780488690102,,,,,,,,,,,,,,,,,,,,,,,,,,,,,,,,,,,,,,,,,,,,,,,,,,,,,,,,,,,,,,,,,,,,C.4f04b5de911bf0cd,C.4f04b5de911bf0cd
1780488690102,,,,,,,,,,,,,,,,,,,,,,,,,,,,,,,,,,,,,,,,,,,,,,,,,,,,,,,,,,,,,,,,,,,,C.4f04b5de911bf0cd,C.4f04b5de911bf0cd
1780488690102,,,,,,,,,,,,,,,,,,,,,,,,,,,,,,,,,,,,,,,,,,,,,,,,,,,,,,,,,,,,,,,,,,,,C.4f04b5de911bf0cd,C.4f04b5de911bf0cd
1780488690102,,,,,,,,,,,,,,,,,,,,,,,,,,,,,,,,,,,,,,,,,,,,,,,,,,,,,,,,,,,,,,,,,,,,C.4f04b5de911bf0cd,C.4f04b5de911bf0cd
1780488690102,,,,,,,,,,,,,,,,,,,,,,,,,,,,,,,,,,,,,,,,,,,,,,,,,,,,,,,,,,,,,,,,,,,,C.4f04b5de911bf0cd,C.4f04b5de911bf0cd
1780488690102,,,,,,,,,,,,,,,,,,,,,,,,,,,,,,,,,,,,,,,,,,,,,,,,,,,,,,,,,,,,,,,,,,,,C.4f04b5de911bf0cd,C.4f04b5de911bf0cd
1780488690102,,,,,,,,,,,,,,,,,,,,,,,,,,,,,,,,,,,,,,,,,,,,,,,,,,,,,,,,,,,,,,,,,,,,C.4f04b5de911bf0cd,C.4f04b5de911bf0cd
1780488690102,,,,,,,,,,,,,,,,,,,,,,,,,,,,,,,,,,,,,,,,,,,,,,,,,,,,,,,,,,,,,,,,,,,,C.4f04b5de911bf0cd,C.4f04b5de911bf0cd
1780488690102,,,,,,,,,,,,,,,,,,,,,,,,,,,,,,,,,,,,,,,,,,,,,,,,,,,,,,,,,,,,,,,,,,,,C.4f04b5de911bf0cd,C.4f04b5de911bf0cd
1780488690102,,,,,,,,,,,,,,,,,,,,,,,,,,,,,,,,,,,,,,,,,,,,,,,,,,,,,,,,,,,,,,,,,,,,C.4f04b5de911bf0cd,C.4f04b5de911bf0cd
1780488690102,,,,,,,,,,,,,,,,,,,,,,,,,,,,,,,,,,,,,,,,,,,,,,,,,,,,,,,,,,,,,,,,,,,,C.4f04b5de911bf0cd,C.4f04b5de911bf0cd
1780488690102,,,,,,,,,,,,,,,,,,,,,,,,,,,,,,,,,,,,,,,,,,,,,,,,,,,,,,,,,,,,,,,,,,,,C.4f04b5de911bf0cd,C.4f04b5de911bf0cd
1780488690102,,,,,,,,,,,,,,,,,,,,,,,,,,,,,,,,,,,,,,,,,,,,,,,,,,,,,,,,,,,,,,,,,,,,C.4f04b5de911bf0cd,C.4f04b5de911bf0cd
1780488690102,,,,,,,,,,,,,,,,,,,,,,,,,,,,,,,,,,,,,,,,,,,,,,,,,,,,,,,,,,,,,,,,,,,,C.4f04b5de911bf0cd,C.4f04b5de911bf0cd
1780488690102,,,,,,,,,,,,,,,,,,,,,,,,,,,,,,,,,,,,,,,,,,,,,,,,,,,,,,,,,,,,,,,,,,,,C.4f04b5de911bf0cd,C.4f04b5de911bf0cd
1780488690102,,,,,,,,,,,,,,,,,,,,,,,,,,,,,,,,,,,,,,,,,,,,,,,,,,,,,,,,,,,,,,,,,,,,C.4f04b5de911bf0cd,C.4f04b5de911bf0cd
1780488690102,,,,,,,,,,,2026-05-27 10:44:25.169," {f4ba3e13-cb09-6a16-f700-000000002200}",6092,C:\Windows\system32\wbem\wmiprvse.exe,,,NT AUTHORITY\NETWORK SERVICE,,,,,,,,,,,,CreateKey,HKLM\SOFTWARE,,,,,,,,,,,,,,,,,,,,,,,,,,,,,,,,,,,,,-,C.4f04b5de911bf0cd,C.4f04b5de911bf0cd
1780488690102,,,,,,,,,,,2026-05-27 10:44:25.169," {f4ba3e13-cb09-6a16-f700-000000002200}",6092,C:\Windows\system32\wbem\wmiprvse.exe,,,NT AUTHORITY\NETWORK SERVICE,,,,,,,,,,,,CreateKey,HKLM\SOFTWARE\Microsoft,,,,,,,,,,,,,,,,,,,,,,,,,,,,,,,,,,,,,-,C.4f04b5de911bf0cd,C.4f04b5de911bf0cd
1780488690102,,,,,,,,,,,2026-05-27 10:44:25.169," {f4ba3e13-cb09-6a16-f700-000000002200}",6092,C:\Windows\system32\wbem\wmiprvse.exe,,,NT AUTHORITY\NETWORK SERVICE,,,,,,,,,,,,CreateKey,HKLM\SOFTWARE\Microsoft\Wbem,,,,,,,,,,,,,,,,,,,,,,,,,,,,,,,,,,,,,-,C.4f04b5de911bf0cd,C.4f04b5de911bf0cd
1780488690102,,,,,,,,,,,2026-05-27 10:44:25.170," {f4ba3e13-cb09-6a16-f700-000000002200}",6092,C:\Windows\system32\wbem\wmiprvse.exe,,,NT AUTHORITY\NETWORK SERVICE,,,,,,,,,,,,CreateKey,HKLM\SOFTWARE,,,,,,,,,,,,,,,,,,,,,,,,,,,,,,,,,,,,,-,C.4f04b5de911bf0cd,C.4f04b5de911bf0cd
1780488690102,,,,,,,,,,,2026-05-27 10:44:25.170," {f4ba3e13-cb09-6a16-f700-000000002200}",6092,C:\Windows\system32\wbem\wmiprvse.exe,,,NT AUTHORITY\NETWORK SERVICE,,,,,,,,,,,,CreateKey,HKLM\SOFTWARE\Microsoft,,,,,,,,,,,,,,,,,,,,,,,,,,,,,,,,,,,,,-,C.4f04b5de911bf0cd,C.4f04b5de911bf0cd
1780488690102,,,,,,,,,,,2026-05-27 10:44:25.170," {f4ba3e13-cb09-6a16-f700-000000002200}",6092,C:\Windows\system32\wbem\wmiprvse.exe,,,NT AUTHORITY\NETWORK SERVICE,,,,,,,,,,,,CreateKey,HKLM\SOFTWARE\Microsoft\Wbem,,,,,,,,,,,,,,,,,,,,,,,,,,,,,,,,,,,,,-,C.4f04b5de911bf0cd,C.4f04b5de911bf0cd
1780488690102,,,,,,,,,,,,,,,,,,,,,,,,,,,,,,,,,,,,,,,,,,,,,,,,,,,,,,,,,,,,,,,,,,,,C.4f04b5de911bf0cd,C.4f04b5de911bf0cd
1780488690102,,,,,,,,,,,,,,,,,,,,,,,,,,,,,,,,,,,,,,,,,,,,,,,,,,,,,,,,,,,,,,,,,,,,C.4f04b5de911bf0cd,C.4f04b5de911bf0cd
1780488690102,,,,,,,,,,,,,,,,,,,,,,,,,,,,,,,,,,,,,,,,,,,,,,,,,,,,,,,,,,,,,,,,,,,,C.4f04b5de911bf0cd,C.4f04b5de911bf0cd
1780488690102,,,,,,,,,,,,,,,,,,,,,,,,,,,,,,,,,,,,,,,,,,,,,,,,,,,,,,,,,,,,,,,,,,,,C.4f04b5de911bf0cd,C.4f04b5de911bf0cd
1780488690102,,,,,,,,,,,,,,,,,,,,,,,,,,,,,,,,,,,,,,,,,,,,,,,,,,,,,,,,,,,,,,,,,,,,C.4f04b5de911bf0cd,C.4f04b5de911bf0cd
1780488690102,,,,,,,,,,,,,,,,,,,,,,,,,,,,,,,,,,,,,,,,,,,,,,,,,,,,,,,,,,,,,,,,,,,,C.4f04b5de911bf0cd,C.4f04b5de911bf0cd
1780488690102,,,,,,,,,,,2026-05-27 10:44:25.174," {f4ba3e13-c624-6a16-a200-000000002200}",4696,C:\Windows\sysmon64.exe,,,NT AUTHORITY\SYSTEM,,,,,,,,,,,,CreateKey,HKU\.DEFAULT\Software\Microsoft\Windows\CurrentVersion\WinTrust\Trust Providers\Software Publishing,,,,,,,,,,,,,,,,,,,,,,,,,,,,,,,,,,,,,-,C.4f04b5de911bf0cd,C.4f04b5de911bf0cd
1780488690102,,,,,,,,,,,,,,,,,,,,,,,,,,,,,,,,,,,,,,,,,,,,,,,,,,,,,,,,,,,,,,,,,,,,C.4f04b5de911bf0cd,C.4f04b5de911bf0cd
1780488690102,,,,,,,,,,,2026-05-27 10:44:25.176," {f4ba3e13-c624-6a16-a200-000000002200}",4696,C:\Windows\sysmon64.exe,,,NT AUTHORITY\SYSTEM,,,,,,,,,,,,CreateKey,HKU\.DEFAULT\Software\Microsoft\SystemCertificates\Disallowed,,,,,,,,,,,,,,,,,,,,,,,,,,,,,,,,,,,,,-,C.4f04b5de911bf0cd,C.4f04b5de911bf0cd
1780488690102,,,,,,,,,,,2026-05-27 10:44:25.176," {f4ba3e13-c624-6a16-a200-000000002200}",4696,C:\Windows\sysmon64.exe,,,NT AUTHORITY\SYSTEM,,,,,,,,,,,,CreateKey,HKU\.DEFAULT\Software\Microsoft\SystemCertificates\Disallowed,,,,,,,,,,,,,,,,,,,,,,,,,,,,,,,,,,,,,-,C.4f04b5de911bf0cd,C.4f04b5de911bf0cd
1780488690102,,,,,,,,,,,2026-05-27 10:44:25.176," {f4ba3e13-c624-6a16-a200-000000002200}",4696,C:\Windows\sysmon64.exe,,,NT AUTHORITY\SYSTEM,,,,,,,,,,,,CreateKey,HKU\.DEFAULT\Software\Microsoft\SystemCertificates\Disallowed\Certificates,,,,,,,,,,,,,,,,,,,,,,,,,,,,,,,,,,,,,-,C.4f04b5de911bf0cd,C.4f04b5de911bf0cd
1780488690102,,,,,,,,,,,2026-05-27 10:44:25.176," {f4ba3e13-c624-6a16-a200-000000002200}",4696,C:\Windows\sysmon64.exe,,,NT AUTHORITY\SYSTEM,,,,,,,,,,,,CreateKey,HKU\.DEFAULT\Software\Microsoft\SystemCertificates\Disallowed\CRLs,,,,,,,,,,,,,,,,,,,,,,,,,,,,,,,,,,,,,-,C.4f04b5de911bf0cd,C.4f04b5de911bf0cd
1780488690102,,,,,,,,,,,2026-05-27 10:44:25.176," {f4ba3e13-c624-6a16-a200-000000002200}",4696,C:\Windows\sysmon64.exe,,,NT AUTHORITY\SYSTEM,,,,,,,,,,,,CreateKey,HKU\.DEFAULT\Software\Microsoft\SystemCertificates\Disallowed\CTLs,,,,,,,,,,,,,,,,,,,,,,,,,,,,,,,,,,,,,-,C.4f04b5de911bf0cd,C.4f04b5de911bf0cd
1780488690102,,,,,,,,,,,,,,,,,,,,,,,,,,,,,,,,,,,,,,,,,,,,,,,,,,,,,,,,,,,,,,,,,,,,C.4f04b5de911bf0cd,C.4f04b5de911bf0cd
1780488690102,,,,,,,,,,,2026-05-27 10:44:25.176," {f4ba3e13-c624-6a16-a200-000000002200}",4696,C:\Windows\sysmon64.exe,,,NT AUTHORITY\SYSTEM,,,,,,,,,,,,CreateKey,HKU\.DEFAULT\Software\Policies\Microsoft\SystemCertificates\Disallowed,,,,,,,,,,,,,,,,,,,,,,,,,,,,,,,,,,,,,-,C.4f04b5de911bf0cd,C.4f04b5de911bf0cd
1780488690102,,,,,,,,,,,2026-05-27 10:44:25.176," {f4ba3e13-c624-6a16-a200-000000002200}",4696,C:\Windows\sysmon64.exe,,,NT AUTHORITY\SYSTEM,,,,,,,,,,,,CreateKey,HKU\.DEFAULT\Software\Policies\Microsoft\SystemCertificates\Disallowed\Certificates,,,,,,,,,,,,,,,,,,,,,,,,,,,,,,,,,,,,,-,C.4f04b5de911bf0cd,C.4f04b5de911bf0cd
1780488690102,,,,,,,,,,,2026-05-27 10:44:25.176," {f4ba3e13-c624-6a16-a200-000000002200}",4696,C:\Windows\sysmon64.exe,,,NT AUTHORITY\SYSTEM,,,,,,,,,,,,CreateKey,HKU\.DEFAULT\Software\Policies\Microsoft\SystemCertificates\Disallowed\CRLs,,,,,,,,,,,,,,,,,,,,,,,,,,,,,,,,,,,,,-,C.4f04b5de911bf0cd,C.4f04b5de911bf0cd
1780488690102,,,,,,,,,,,2026-05-27 10:44:25.176," {f4ba3e13-c624-6a16-a200-000000002200}",4696,C:\Windows\sysmon64.exe,,,NT AUTHORITY\SYSTEM,,,,,,,,,,,,CreateKey,HKU\.DEFAULT\Software\Policies\Microsoft\SystemCertificates\Disallowed\CTLs,,,,,,,,,,,,,,,,,,,,,,,,,,,,,,,,,,,,,-,C.4f04b5de911bf0cd,C.4f04b5de911bf0cd
1780488690102,,,,,,,,,,,2026-05-27 10:44:25.176," {f4ba3e13-c624-6a16-a200-000000002200}",4696,C:\Windows\sysmon64.exe,,,NT AUTHORITY\SYSTEM,,,,,,,,,,,,CreateKey,HKLM\SOFTWARE\Microsoft\SystemCertificates\Disallowed,,,,,,,,,,,,,,,,,,,,,,,,,,,,,,,,,,,,,-,C.4f04b5de911bf0cd,C.4f04b5de911bf0cd
1780488690102,,,,,,,,,,,2026-05-27 10:44:25.177," {f4ba3e13-c624-6a16-a200-000000002200}",4696,C:\Windows\sysmon64.exe,,,NT AUTHORITY\SYSTEM,,,,,,,,,,,,CreateKey,HKLM\SOFTWARE\Microsoft\SystemCertificates\Disallowed,,,,,,,,,,,,,,,,,,,,,,,,,,,,,,,,,,,,,-,C.4f04b5de911bf0cd,C.4f04b5de911bf0cd
1780488690102,,,,,,,,,,,2026-05-27 10:44:25.177," {f4ba3e13-c624-6a16-a200-000000002200}",4696,C:\Windows\sysmon64.exe,,,NT AUTHORITY\SYSTEM,,,,,,,,,,,,CreateKey,HKLM\SOFTWARE\Microsoft\SystemCertificates\Disallowed\Certificates,,,,,,,,,,,,,,,,,,,,,,,,,,,,,,,,,,,,,-,C.4f04b5de911bf0cd,C.4f04b5de911bf0cd
1780488690102,,,,,,,,,,,2026-05-27 10:44:25.177," {f4ba3e13-c624-6a16-a200-000000002200}",4696,C:\Windows\sysmon64.exe,,,NT AUTHORITY\SYSTEM,,,,,,,,,,,,CreateKey,HKLM\SOFTWARE\Microsoft\SystemCertificates\Disallowed\CRLs,,,,,,,,,,,,,,,,,,,,,,,,,,,,,,,,,,,,,-,C.4f04b5de911bf0cd,C.4f04b5de911bf0cd
1780488690102,,,,,,,,,,,2026-05-27 10:44:25.177," {f4ba3e13-c624-6a16-a200-000000002200}",4696,C:\Windows\sysmon64.exe,,,NT AUTHORITY\SYSTEM,,,,,,,,,,,,CreateKey,HKLM\SOFTWARE\Microsoft\SystemCertificates\Disallowed\CTLs,,,,,,,,,,,,,,,,,,,,,,,,,,,,,,,,,,,,,-,C.4f04b5de911bf0cd,C.4f04b5de911bf0cd
1780488690102,,,,,,,,,,,2026-05-27 10:44:25.177," {f4ba3e13-c624-6a16-a200-000000002200}",4696,C:\Windows\sysmon64.exe,,,NT AUTHORITY\SYSTEM,,,,,,,,,,,,CreateKey,HKLM\SOFTWARE\Policies\Microsoft\SystemCertificates\Disallowed,,,,,,,,,,,,,,,,,,,,,,,,,,,,,,,,,,,,,-,C.4f04b5de911bf0cd,C.4f04b5de911bf0cd
1780488690102,,,,,,,,,,,2026-05-27 10:44:25.177," {f4ba3e13-c624-6a16-a200-000000002200}",4696,C:\Windows\sysmon64.exe,,,NT AUTHORITY\SYSTEM,,,,,,,,,,,,CreateKey,HKLM\SOFTWARE\Policies\Microsoft\SystemCertificates\Disallowed\Certificates,,,,,,,,,,,,,,,,,,,,,,,,,,,,,,,,,,,,,-,C.4f04b5de911bf0cd,C.4f04b5de911bf0cd
1780488690102,,,,,,,,,,,2026-05-27 10:44:25.177," {f4ba3e13-c624-6a16-a200-000000002200}",4696,C:\Windows\sysmon64.exe,,,NT AUTHORITY\SYSTEM,,,,,,,,,,,,CreateKey,HKLM\SOFTWARE\Policies\Microsoft\SystemCertificates\Disallowed\CRLs,,,,,,,,,,,,,,,,,,,,,,,,,,,,,,,,,,,,,-,C.4f04b5de911bf0cd,C.4f04b5de911bf0cd
1780488690102,,,,,,,,,,,2026-05-27 10:44:25.177," {f4ba3e13-c624-6a16-a200-000000002200}",4696,C:\Windows\sysmon64.exe,,,NT AUTHORITY\SYSTEM,,,,,,,,,,,,CreateKey,HKLM\SOFTWARE\Policies\Microsoft\SystemCertificates\Disallowed\CTLs,,,,,,,,,,,,,,,,,,,,,,,,,,,,,,,,,,,,,-,C.4f04b5de911bf0cd,C.4f04b5de911bf0cd
1780488690102,,,,,,,,,,,2026-05-27 10:44:25.177," {f4ba3e13-c624-6a16-a200-000000002200}",4696,C:\Windows\sysmon64.exe,,,NT AUTHORITY\SYSTEM,,,,,,,,,,,,CreateKey,HKLM\SOFTWARE\Microsoft\EnterpriseCertificates\Disallowed,,,,,,,,,,,,,,,,,,,,,,,,,,,,,,,,,,,,,-,C.4f04b5de911bf0cd,C.4f04b5de911bf0cd
1780488690102,,,,,,,,,,,2026-05-27 10:44:25.177," {f4ba3e13-c624-6a16-a200-000000002200}",4696,C:\Windows\sysmon64.exe,,,NT AUTHORITY\SYSTEM,,,,,,,,,,,,CreateKey,HKLM\SOFTWARE\Microsoft\EnterpriseCertificates\Disallowed,,,,,,,,,,,,,,,,,,,,,,,,,,,,,,,,,,,,,-,C.4f04b5de911bf0cd,C.4f04b5de911bf0cd
1780488690102,,,,,,,,,,,2026-05-27 10:44:25.177," {f4ba3e13-c624-6a16-a200-000000002200}",4696,C:\Windows\sysmon64.exe,,,NT AUTHORITY\SYSTEM,,,,,,,,,,,,CreateKey,HKLM\SOFTWARE\Microsoft\EnterpriseCertificates\Disallowed\Certificates,,,,,,,,,,,,,,,,,,,,,,,,,,,,,,,,,,,,,-,C.4f04b5de911bf0cd,C.4f04b5de911bf0cd
1780488690102,,,,,,,,,,,2026-05-27 10:44:25.177," {f4ba3e13-c624-6a16-a200-000000002200}",4696,C:\Windows\sysmon64.exe,,,NT AUTHORITY\SYSTEM,,,,,,,,,,,,CreateKey,HKLM\SOFTWARE\Microsoft\EnterpriseCertificates\Disallowed\CRLs,,,,,,,,,,,,,,,,,,,,,,,,,,,,,,,,,,,,,-,C.4f04b5de911bf0cd,C.4f04b5de911bf0cd
1780488690102,,,,,,,,,,,2026-05-27 10:44:25.177," {f4ba3e13-c624-6a16-a200-000000002200}",4696,C:\Windows\sysmon64.exe,,,NT AUTHORITY\SYSTEM,,,,,,,,,,,,CreateKey,HKLM\SOFTWARE\Microsoft\EnterpriseCertificates\Disallowed\CTLs,,,,,,,,,,,,,,,,,,,,,,,,,,,,,,,,,,,,,-,C.4f04b5de911bf0cd,C.4f04b5de911bf0cd
1780488690102,,,,,,,,,,,,,,,,,,,,,,,,,,,,,,,,,,,,,,,,,,,,,,,,,,,,,,,,,,,,,,,,,,,,C.4f04b5de911bf0cd,C.4f04b5de911bf0cd
1780488690102,,,,,,,,,,,,,,,,,,,,,,,,,,,,,,,,,,,,,,,,,,,,,,,,,,,,,,,,,,,,,,,,,,,,C.4f04b5de911bf0cd,C.4f04b5de911bf0cd
1780488690102,,,,,,,,,,,,,,,,,,,,,,,,,,,,,,,,,,,,,,,,,,,,,,,,,,,,,,,,,,,,,,,,,,,,C.4f04b5de911bf0cd,C.4f04b5de911bf0cd
1780488690102,,,,,,,,,,,,,,,,,,,,,,,,,,,,,,,,,,,,,,,,,,,,,,,,,,,,,,,,,,,,,,,,,,,,C.4f04b5de911bf0cd,C.4f04b5de911bf0cd
1780488690102,,,,,,,,,,,,,,,,,,,,,,,,,,,,,,,,,,,,,,,,,,,,,,,,,,,,,,,,,,,,,,,,,,,,C.4f04b5de911bf0cd,C.4f04b5de911bf0cd
1780488690102,,,,,,,,,,,,,,,,,,,,,,,,,,,,,,,,,,,,,,,,,,,,,,,,,,,,,,,,,,,,,,,,,,,,C.4f04b5de911bf0cd,C.4f04b5de911bf0cd
1780488690102,,,,,,,,,,,,,,,,,,,,,,,,,,,,,,,,,,,,,,,,,,,,,,,,,,,,,,,,,,,,,,,,,,,,C.4f04b5de911bf0cd,C.4f04b5de911bf0cd
1780488690102,,,,,,,,,,,2026-05-27 10:44:25.185," {f4ba3e13-cb09-6a16-f700-000000002200}",6092,C:\Windows\system32\wbem\wmiprvse.exe,,,NT AUTHORITY\NETWORK SERVICE,,,,,,,,,,,,CreateKey,HKCR,,,,,,,,,,,,,,,,,,,,,,,,,,,,,,,,,,,,,-,C.4f04b5de911bf0cd,C.4f04b5de911bf0cd
1780488690102,,,,,,,,,,,,,,,,,,,,,,,,,,,,,,,,,,,,,,,,,,,,,,,,,,,,,,,,,,,,,,,,,,,,C.4f04b5de911bf0cd,C.4f04b5de911bf0cd
1780488690102,,,,,,,,,,,,,,,,,,,,,,,,,,,,,,,,,,,,,,,,,,,,,,,,,,,,,,,,,,,,,,,,,,,,C.4f04b5de911bf0cd,C.4f04b5de911bf0cd
1780488690102,,,,,,,,,,,,,,,,,,,,,,,,,,,,,,,,,,,,,,,,,,,,,,,,,,,,,,,,,,,,,,,,,,,,C.4f04b5de911bf0cd,C.4f04b5de911bf0cd
1780488690102,,,,,,,,,,,,,,,,,,,,,,,,,,,,,,,,,,,,,,,,,,,,,,,,,,,,,,,,,,,,,,,,,,,,C.4f04b5de911bf0cd,C.4f04b5de911bf0cd
1780488690102,,,,,,,,,,,,,,,,,,,,,,,,,,,,,,,,,,,,,,,,,,,,,,,,,,,,,,,,,,,,,,,,,,,,C.4f04b5de911bf0cd,C.4f04b5de911bf0cd
1780488690102,,,,,,,,,,,,,,,,,,,,,,,,,,,,,,,,,,,,,,,,,,,,,,,,,,,,,,,,,,,,,,,,,,,,C.4f04b5de911bf0cd,C.4f04b5de911bf0cd
1780488690102,,,,,,,,,,,2026-05-27 10:44:25.224," {f4ba3e13-c624-6a16-a200-000000002200}",4696,C:\Windows\sysmon64.exe,,,NT AUTHORITY\SYSTEM,,,,,,,,,,,,CreateKey,HKU\.DEFAULT\Software\Microsoft\Windows\CurrentVersion\WinTrust\Trust Providers\Software Publishing,,,,,,,,,,,,,,,,,,,,,,,,,,,,,,,,,,,,,-,C.4f04b5de911bf0cd,C.4f04b5de911bf0cd
1780488690102,,,,,,,,,,,,,,,,,,,,,,,,,,,,,,,,,,,,,,,,,,,,,,,,,,,,,,,,,,,,,,,,,,,,C.4f04b5de911bf0cd,C.4f04b5de911bf0cd
1780488690102,,,,,,,,,,,2026-05-27 10:44:25.224," {f4ba3e13-c624-6a16-a200-000000002200}",4696,C:\Windows\sysmon64.exe,,,NT AUTHORITY\SYSTEM,,,,,,,,,,,,CreateKey,HKU\.DEFAULT\Software\Microsoft\Windows\CurrentVersion\WinTrust\Trust Providers\Software Publishing,,,,,,,,,,,,,,,,,,,,,,,,,,,,,,,,,,,,,-,C.4f04b5de911bf0cd,C.4f04b5de911bf0cd
1780488690102,,,,,,,,,,,,,,,,,,,,,,,,,,,,,,,,,,,,,,,,,,,,,,,,,,,,,,,,,,,,,,,,,,,,C.4f04b5de911bf0cd,C.4f04b5de911bf0cd
1780488690102,,,,,,,,,,,,,,,,,,,,,,,,,,,,,,,,,,,,,,,,,,,,,,,,,,,,,,,,,,,,,,,,,,,,C.4f04b5de911bf0cd,C.4f04b5de911bf0cd
1780488690102,,,,,,,,,,,,,,,,,,,,,,,,,,,,,,,,,,,,,,,,,,,,,,,,,,,,,,,,,,,,,,,,,,,,C.4f04b5de911bf0cd,C.4f04b5de911bf0cd
1780488690102,,,,,,,,,,,,,,,,,,,,,,,,,,,,,,,,,,,,,,,,,,,,,,,,,,,,,,,,,,,,,,,,,,,,C.4f04b5de911bf0cd,C.4f04b5de911bf0cd
1780488690102,,,,,,,,,,,,,,,,,,,,,,,,,,,,,,,,,,,,,,,,,,,,,,,,,,,,,,,,,,,,,,,,,,,,C.4f04b5de911bf0cd,C.4f04b5de911bf0cd
1780488690102,,,,,,,,,,,,,,,,,,,,,,,,,,,,,,,,,,,,,,,,,,,,,,,,,,,,,,,,,,,,,,,,,,,,C.4f04b5de911bf0cd,C.4f04b5de911bf0cd
1780488690102,,,,,,,,,,,,,,,,,,,,,,,,,,,,,,,,,,,,,,,,,,,,,,,,,,,,,,,,,,,,,,,,,,,,C.4f04b5de911bf0cd,C.4f04b5de911bf0cd
1780488690102,,,,,,,,,,,,,,,,,,,,,,,,,,,,,,,,,,,,,,,,,,,,,,,,,,,,,,,,,,,,,,,,,,,,C.4f04b5de911bf0cd,C.4f04b5de911bf0cd
1780488690102,,,,,,,,,,,,,,,,,,,,,,,,,,,,,,,,,,,,,,,,,,,,,,,,,,,,,,,,,,,,,,,,,,,,C.4f04b5de911bf0cd,C.4f04b5de911bf0cd
1780488690102,,,,,,,,,,,2026-05-27 10:44:25.238," {f4ba3e13-cb09-6a16-f700-000000002200}",6092,C:\Windows\System32\wbem\WmiPrvSE.exe,,,NT AUTHORITY\NETWORK SERVICE,,,,,,,,,,,,,,,,,,,,,,,,,,,,,,,,,,,,,,,,,,,,,,,,,,-,C.4f04b5de911bf0cd,C.4f04b5de911bf0cd
1780488690102,,,,,,,,,,,,,,,,,,,,,,,,,,,,,,,,,,,,,,,,,,,,,,,,,,,,,,,,,,,,,,,,,,,,C.4f04b5de911bf0cd,C.4f04b5de911bf0cd
1780488690102,,,,,,,,,,,,,,,,,,,,,,,,,,,,,,,,,,,,,,,,,,,,,,,,,,,,,,,,,,,,,,,,,,,,C.4f04b5de911bf0cd,C.4f04b5de911bf0cd
1780488690102,,,,,,,,,,,,,,,,,,,,,,,,,,,,,,,,,,,,,,,,,,,,,,,,,,,,,,,,,,,,,,,,,,,,C.4f04b5de911bf0cd,C.4f04b5de911bf0cd
1780488690102,,,,,,,,,,,2026-05-27 10:44:25.248," {f4ba3e13-c532-6a16-6800-000000002200}",3992,C:\Program Files\Velociraptor\Velociraptor.exe,,,NT AUTHORITY\SYSTEM,,,,,,,,,,,,CreateKey,HKLM\SOFTWARE\Microsoft\Wbem\CIMOM,,,,,,,,,,,,,,,,,,,,,,,,,,,,,,,,,,,,,-,C.4f04b5de911bf0cd,C.4f04b5de911bf0cd
1780488690102,,,,,,,,,,,2026-05-27 10:44:25.248," {f4ba3e13-c532-6a16-6800-000000002200}",3992,C:\Program Files\Velociraptor\Velociraptor.exe,,,NT AUTHORITY\SYSTEM,,,,,,,,,,,,CreateKey,HKLM\SOFTWARE\Microsoft\Wbem\CIMOM,,,,,,,,,,,,,,,,,,,,,,,,,,,,,,,,,,,,,-,C.4f04b5de911bf0cd,C.4f04b5de911bf0cd
1780488690102,,,,,,,,,,,,,,,,,,,,,,,,,,,,,,,,,,,,,,,,,,,,,,,,,,,,,,,,,,,,,,,,,,,,C.4f04b5de911bf0cd,C.4f04b5de911bf0cd
1780488690102,,,,,,,,,,,,,,,,,,,,,,,,,,,,,,,,,,,,,,,,,,,,,,,,,,,,,,,,,,,,,,,,,,,,C.4f04b5de911bf0cd,C.4f04b5de911bf0cd
1780488690102,,,,,,,,,,,,,,,,,,,,,,,,,,,,,,,,,,,,,,,,,,,,,,,,,,,,,,,,,,,,,,,,,,,,C.4f04b5de911bf0cd,C.4f04b5de911bf0cd
1780488690102,,,,,,,,,,,,,,,,,,,,,,,,,,,,,,,,,,,,,,,,,,,,,,,,,,,,,,,,,,,,,,,,,,,,C.4f04b5de911bf0cd,C.4f04b5de911bf0cd
1780488690102,,,,,,,,,,,2026-05-27 10:44:25.254," {f4ba3e13-c492-6a16-1000-000000002200}",380,C:\Windows\system32\svchost.exe,,,NT AUTHORITY\SYSTEM,,,,,,,,,,,,CreateKey,HKCR,,,,,,,,,,,,,,,,,,,,,,,,,,,,,,,,,,,,,-,C.4f04b5de911bf0cd,C.4f04b5de911bf0cd
1780488690102,,,,,,,,,,,2026-05-27 10:44:25.254," {f4ba3e13-c492-6a16-1000-000000002200}",380,C:\Windows\system32\svchost.exe,,,NT AUTHORITY\SYSTEM,,,,,,,,,,,,CreateKey,HKCR,,,,,,,,,,,,,,,,,,,,,,,,,,,,,,,,,,,,,-,C.4f04b5de911bf0cd,C.4f04b5de911bf0cd
1780488690102,,,,,,,,,,,2026-05-27 10:44:25.254," {f4ba3e13-c492-6a16-1000-000000002200}",380,C:\Windows\system32\svchost.exe,,,NT AUTHORITY\SYSTEM,,,,,,,,,,,,CreateKey,HKCR,,,,,,,,,,,,,,,,,,,,,,,,,,,,,,,,,,,,,-,C.4f04b5de911bf0cd,C.4f04b5de911bf0cd
1780488690102,,,,,,,,,,,2026-05-27 10:44:25.254," {f4ba3e13-c492-6a16-1000-000000002200}",380,C:\Windows\system32\svchost.exe,,,NT AUTHORITY\SYSTEM,,,,,,,,,,,,CreateKey,HKCR,,,,,,,,,,,,,,,,,,,,,,,,,,,,,,,,,,,,,-,C.4f04b5de911bf0cd,C.4f04b5de911bf0cd
1780488690102,,,,,,,,,,,2026-05-27 10:44:25.254," {f4ba3e13-c492-6a16-1000-000000002200}",380,C:\Windows\system32\svchost.exe,,,NT AUTHORITY\SYSTEM,,,,,,,,,,,,CreateKey,HKCR,,,,,,,,,,,,,,,,,,,,,,,,,,,,,,,,,,,,,-,C.4f04b5de911bf0cd,C.4f04b5de911bf0cd
1780488690102,,,,,,,,,,,,,,,,,,,,,,,,,,,,,,,,,,,,,,,,,,,,,,,,,,,,,,,,,,,,,,,,,,,,C.4f04b5de911bf0cd,C.4f04b5de911bf0cd
1780488690102,,,,,,,,,,,,,,,,,,,,,,,,,,,,,,,,,,,,,,,,,,,,,,,,,,,,,,,,,,,,,,,,,,,,C.4f04b5de911bf0cd,C.4f04b5de911bf0cd
1780488690102,,,,,,,,,,,,,,,,,,,,,,,,,,,,,,,,,,,,,,,,,,,,,,,,,,,,,,,,,,,,,,,,,,,,C.4f04b5de911bf0cd,C.4f04b5de911bf0cd
1780488690102,,,,,,,,,,,2026-05-27 10:44:25.284," {f4ba3e13-c624-6a16-a200-000000002200}",4696,C:\Windows\sysmon64.exe,,,NT AUTHORITY\SYSTEM,,,,,,,,,,,,CreateKey,HKU\.DEFAULT\Software\Microsoft\Windows\CurrentVersion\WinTrust\Trust Providers\Software Publishing,,,,,,,,,,,,,,,,,,,,,,,,,,,,,,,,,,,,,-,C.4f04b5de911bf0cd,C.4f04b5de911bf0cd
1780488690102,,,,,,,,,,,2026-05-27 10:44:25.284," {f4ba3e13-c624-6a16-a200-000000002200}",4696,C:\Windows\sysmon64.exe,,,NT AUTHORITY\SYSTEM,,,,,,,,,,,,CreateKey,HKU\.DEFAULT\Software\Microsoft\SystemCertificates\Disallowed,,,,,,,,,,,,,,,,,,,,,,,,,,,,,,,,,,,,,-,C.4f04b5de911bf0cd,C.4f04b5de911bf0cd
1780488690102,,,,,,,,,,,2026-05-27 10:44:25.284," {f4ba3e13-c624-6a16-a200-000000002200}",4696,C:\Windows\sysmon64.exe,,,NT AUTHORITY\SYSTEM,,,,,,,,,,,,CreateKey,HKU\.DEFAULT\Software\Microsoft\SystemCertificates\Disallowed,,,,,,,,,,,,,,,,,,,,,,,,,,,,,,,,,,,,,-,C.4f04b5de911bf0cd,C.4f04b5de911bf0cd
1780488690102,,,,,,,,,,,2026-05-27 10:44:25.284," {f4ba3e13-c624-6a16-a200-000000002200}",4696,C:\Windows\sysmon64.exe,,,NT AUTHORITY\SYSTEM,,,,,,,,,,,,CreateKey,HKU\.DEFAULT\Software\Microsoft\SystemCertificates\Disallowed\Certificates,,,,,,,,,,,,,,,,,,,,,,,,,,,,,,,,,,,,,-,C.4f04b5de911bf0cd,C.4f04b5de911bf0cd
1780488690102,,,,,,,,,,,2026-05-27 10:44:25.284," {f4ba3e13-c624-6a16-a200-000000002200}",4696,C:\Windows\sysmon64.exe,,,NT AUTHORITY\SYSTEM,,,,,,,,,,,,CreateKey,HKU\.DEFAULT\Software\Microsoft\SystemCertificates\Disallowed\CRLs,,,,,,,,,,,,,,,,,,,,,,,,,,,,,,,,,,,,,-,C.4f04b5de911bf0cd,C.4f04b5de911bf0cd
1780488690102,,,,,,,,,,,2026-05-27 10:44:25.284," {f4ba3e13-c624-6a16-a200-000000002200}",4696,C:\Windows\sysmon64.exe,,,NT AUTHORITY\SYSTEM,,,,,,,,,,,,CreateKey,HKU\.DEFAULT\Software\Microsoft\SystemCertificates\Disallowed\CTLs,,,,,,,,,,,,,,,,,,,,,,,,,,,,,,,,,,,,,-,C.4f04b5de911bf0cd,C.4f04b5de911bf0cd
1780488690102,,,,,,,,,,,2026-05-27 10:44:25.284," {f4ba3e13-c624-6a16-a200-000000002200}",4696,C:\Windows\sysmon64.exe,,,NT AUTHORITY\SYSTEM,,,,,,,,,,,,CreateKey,HKU\.DEFAULT\Software\Policies\Microsoft\SystemCertificates\Disallowed,,,,,,,,,,,,,,,,,,,,,,,,,,,,,,,,,,,,,-,C.4f04b5de911bf0cd,C.4f04b5de911bf0cd
1780488690102,,,,,,,,,,,2026-05-27 10:44:25.284," {f4ba3e13-c624-6a16-a200-000000002200}",4696,C:\Windows\sysmon64.exe,,,NT AUTHORITY\SYSTEM,,,,,,,,,,,,CreateKey,HKU\.DEFAULT\Software\Policies\Microsoft\SystemCertificates\Disallowed\Certificates,,,,,,,,,,,,,,,,,,,,,,,,,,,,,,,,,,,,,-,C.4f04b5de911bf0cd,C.4f04b5de911bf0cd
1780488690102,,,,,,,,,,,2026-05-27 10:44:25.284," {f4ba3e13-c624-6a16-a200-000000002200}",4696,C:\Windows\sysmon64.exe,,,NT AUTHORITY\SYSTEM,,,,,,,,,,,,CreateKey,HKU\.DEFAULT\Software\Policies\Microsoft\SystemCertificates\Disallowed\CRLs,,,,,,,,,,,,,,,,,,,,,,,,,,,,,,,,,,,,,-,C.4f04b5de911bf0cd,C.4f04b5de911bf0cd
1780488690102,,,,,,,,,,,2026-05-27 10:44:25.284," {f4ba3e13-c624-6a16-a200-000000002200}",4696,C:\Windows\sysmon64.exe,,,NT AUTHORITY\SYSTEM,,,,,,,,,,,,CreateKey,HKU\.DEFAULT\Software\Policies\Microsoft\SystemCertificates\Disallowed\CTLs,,,,,,,,,,,,,,,,,,,,,,,,,,,,,,,,,,,,,-,C.4f04b5de911bf0cd,C.4f04b5de911bf0cd
1780488690102,,,,,,,,,,,2026-05-27 10:44:25.284," {f4ba3e13-c624-6a16-a200-000000002200}",4696,C:\Windows\sysmon64.exe,,,NT AUTHORITY\SYSTEM,,,,,,,,,,,,CreateKey,HKLM\SOFTWARE\Microsoft\SystemCertificates\Disallowed,,,,,,,,,,,,,,,,,,,,,,,,,,,,,,,,,,,,,-,C.4f04b5de911bf0cd,C.4f04b5de911bf0cd
1780488690102,,,,,,,,,,,2026-05-27 10:44:25.284," {f4ba3e13-c624-6a16-a200-000000002200}",4696,C:\Windows\sysmon64.exe,,,NT AUTHORITY\SYSTEM,,,,,,,,,,,,CreateKey,HKLM\SOFTWARE\Microsoft\SystemCertificates\Disallowed,,,,,,,,,,,,,,,,,,,,,,,,,,,,,,,,,,,,,-,C.4f04b5de911bf0cd,C.4f04b5de911bf0cd
1780488690102,,,,,,,,,,,2026-05-27 10:44:25.284," {f4ba3e13-c624-6a16-a200-000000002200}",4696,C:\Windows\sysmon64.exe,,,NT AUTHORITY\SYSTEM,,,,,,,,,,,,CreateKey,HKLM\SOFTWARE\Microsoft\SystemCertificates\Disallowed\Certificates,,,,,,,,,,,,,,,,,,,,,,,,,,,,,,,,,,,,,-,C.4f04b5de911bf0cd,C.4f04b5de911bf0cd
1780488690102,,,,,,,,,,,2026-05-27 10:44:25.284," {f4ba3e13-c624-6a16-a200-000000002200}",4696,C:\Windows\sysmon64.exe,,,NT AUTHORITY\SYSTEM,,,,,,,,,,,,CreateKey,HKLM\SOFTWARE\Microsoft\SystemCertificates\Disallowed\CRLs,,,,,,,,,,,,,,,,,,,,,,,,,,,,,,,,,,,,,-,C.4f04b5de911bf0cd,C.4f04b5de911bf0cd
1780488690102,,,,,,,,,,,2026-05-27 10:44:25.284," {f4ba3e13-c624-6a16-a200-000000002200}",4696,C:\Windows\sysmon64.exe,,,NT AUTHORITY\SYSTEM,,,,,,,,,,,,CreateKey,HKLM\SOFTWARE\Microsoft\SystemCertificates\Disallowed\CTLs,,,,,,,,,,,,,,,,,,,,,,,,,,,,,,,,,,,,,-,C.4f04b5de911bf0cd,C.4f04b5de911bf0cd
1780488690102,,,,,,,,,,,2026-05-27 10:44:25.284," {f4ba3e13-c624-6a16-a200-000000002200}",4696,C:\Windows\sysmon64.exe,,,NT AUTHORITY\SYSTEM,,,,,,,,,,,,CreateKey,HKLM\SOFTWARE\Policies\Microsoft\SystemCertificates\Disallowed,,,,,,,,,,,,,,,,,,,,,,,,,,,,,,,,,,,,,-,C.4f04b5de911bf0cd,C.4f04b5de911bf0cd
1780488690102,,,,,,,,,,,,,,,,,,,,,,,,,,,,,,,,,,,,,,,,,,,,,,,,,,,,,,,,,,,,,,,,,,,,C.4f04b5de911bf0cd,C.4f04b5de911bf0cd
1780488690102,,,,,,,,,,,2026-05-27 10:44:25.284," {f4ba3e13-c624-6a16-a200-000000002200}",4696,C:\Windows\sysmon64.exe,,,NT AUTHORITY\SYSTEM,,,,,,,,,,,,CreateKey,HKLM\SOFTWARE\Policies\Microsoft\SystemCertificates\Disallowed\Certificates,,,,,,,,,,,,,,,,,,,,,,,,,,,,,,,,,,,,,-,C.4f04b5de911bf0cd,C.4f04b5de911bf0cd
1780488690102,,,,,,,,,,,2026-05-27 10:44:25.284," {f4ba3e13-c624-6a16-a200-000000002200}",4696,C:\Windows\sysmon64.exe,,,NT AUTHORITY\SYSTEM,,,,,,,,,,,,CreateKey,HKLM\SOFTWARE\Policies\Microsoft\SystemCertificates\Disallowed\CRLs,,,,,,,,,,,,,,,,,,,,,,,,,,,,,,,,,,,,,-,C.4f04b5de911bf0cd,C.4f04b5de911bf0cd
1780488690102,,,,,,,,,,,2026-05-27 10:44:25.284," {f4ba3e13-c624-6a16-a200-000000002200}",4696,C:\Windows\sysmon64.exe,,,NT AUTHORITY\SYSTEM,,,,,,,,,,,,CreateKey,HKLM\SOFTWARE\Policies\Microsoft\SystemCertificates\Disallowed\CTLs,,,,,,,,,,,,,,,,,,,,,,,,,,,,,,,,,,,,,-,C.4f04b5de911bf0cd,C.4f04b5de911bf0cd
1780488690102,,,,,,,,,,,2026-05-27 10:44:25.284," {f4ba3e13-c624-6a16-a200-000000002200}",4696,C:\Windows\sysmon64.exe,,,NT AUTHORITY\SYSTEM,,,,,,,,,,,,CreateKey,HKLM\SOFTWARE\Microsoft\EnterpriseCertificates\Disallowed,,,,,,,,,,,,,,,,,,,,,,,,,,,,,,,,,,,,,-,C.4f04b5de911bf0cd,C.4f04b5de911bf0cd
1780488690102,,,,,,,,,,,2026-05-27 10:44:25.284," {f4ba3e13-c624-6a16-a200-000000002200}",4696,C:\Windows\sysmon64.exe,,,NT AUTHORITY\SYSTEM,,,,,,,,,,,,CreateKey,HKLM\SOFTWARE\Microsoft\EnterpriseCertificates\Disallowed,,,,,,,,,,,,,,,,,,,,,,,,,,,,,,,,,,,,,-,C.4f04b5de911bf0cd,C.4f04b5de911bf0cd
1780488690102,,,,,,,,,,,2026-05-27 10:44:25.284," {f4ba3e13-c624-6a16-a200-000000002200}",4696,C:\Windows\sysmon64.exe,,,NT AUTHORITY\SYSTEM,,,,,,,,,,,,CreateKey,HKLM\SOFTWARE\Microsoft\EnterpriseCertificates\Disallowed\Certificates,,,,,,,,,,,,,,,,,,,,,,,,,,,,,,,,,,,,,-,C.4f04b5de911bf0cd,C.4f04b5de911bf0cd
1780488690102,,,,,,,,,,,2026-05-27 10:44:25.284," {f4ba3e13-c624-6a16-a200-000000002200}",4696,C:\Windows\sysmon64.exe,,,NT AUTHORITY\SYSTEM,,,,,,,,,,,,CreateKey,HKLM\SOFTWARE\Microsoft\EnterpriseCertificates\Disallowed\CRLs,,,,,,,,,,,,,,,,,,,,,,,,,,,,,,,,,,,,,-,C.4f04b5de911bf0cd,C.4f04b5de911bf0cd
1780488690102,,,,,,,,,,,2026-05-27 10:44:25.284," {f4ba3e13-c624-6a16-a200-000000002200}",4696,C:\Windows\sysmon64.exe,,,NT AUTHORITY\SYSTEM,,,,,,,,,,,,CreateKey,HKLM\SOFTWARE\Microsoft\EnterpriseCertificates\Disallowed\CTLs,,,,,,,,,,,,,,,,,,,,,,,,,,,,,,,,,,,,,-,C.4f04b5de911bf0cd,C.4f04b5de911bf0cd
1780488690102,,,,,,,,,,,,,,,,,,,,,,,,,,,,,,,,,,,,,,,,,,,,,,,,,,,,,,,,,,,,,,,,,,,,C.4f04b5de911bf0cd,C.4f04b5de911bf0cd
1780488690102,,,,,,,,,,,,,,,,,,,,,,,,,,,,,,,,,,,,,,,,,,,,,,,,,,,,,,,,,,,,,,,,,,,,C.4f04b5de911bf0cd,C.4f04b5de911bf0cd
1780488690102,,,,,,,,,,,2026-05-27 10:44:25.299," {f4ba3e13-c624-6a16-a200-000000002200}",4696,C:\Windows\sysmon64.exe,,,NT AUTHORITY\SYSTEM,,,,,,,,,,,,CreateKey,HKU\.DEFAULT\Software\Microsoft\Windows\CurrentVersion\WinTrust\Trust Providers\Software Publishing,,,,,,,,,,,,,,,,,,,,,,,,,,,,,,,,,,,,,-,C.4f04b5de911bf0cd,C.4f04b5de911bf0cd
1780488690102,,,,,,,,,,,2026-05-27 10:44:25.299," {f4ba3e13-c624-6a16-a200-000000002200}",4696,C:\Windows\sysmon64.exe,,,NT AUTHORITY\SYSTEM,,,,,,,,,,,,CreateKey,HKU\.DEFAULT\Software\Microsoft\Windows\CurrentVersion\WinTrust\Trust Providers\Software Publishing,,,,,,,,,,,,,,,,,,,,,,,,,,,,,,,,,,,,,-,C.4f04b5de911bf0cd,C.4f04b5de911bf0cd
1780488690102,,,,,,,,,,,,,,,,,,,,,,,,,,,,,,,,,,,,,,,,,,,,,,,,,,,,,,,,,,,,,,,,,,,,C.4f04b5de911bf0cd,C.4f04b5de911bf0cd
1780488690102,,,,,,,,,,,2026-05-27 10:44:25.299," {f4ba3e13-c624-6a16-a200-000000002200}",4696,C:\Windows\sysmon64.exe,,,NT AUTHORITY\SYSTEM,,,,,,,,,,,,CreateKey,HKU\.DEFAULT\Software\Microsoft\Windows\CurrentVersion\WinTrust\Trust Providers\Software Publishing,,,,,,,,,,,,,,,,,,,,,,,,,,,,,,,,,,,,,-,C.4f04b5de911bf0cd,C.4f04b5de911bf0cd
1780488690102,,,,,,,,,,,,,,,,,,,,,,,,,,,,,,,,,,,,,,,,,,,,,,,,,,,,,,,,,,,,,,,,,,,,C.4f04b5de911bf0cd,C.4f04b5de911bf0cd
1780488690102,,,,,,,,,,,,,,,,,,,,,,,,,,,,,,,,,,,,,,,,,,,,,,,,,,,,,,,,,,,,,,,,,,,,C.4f04b5de911bf0cd,C.4f04b5de911bf0cd
1780488690102,,,,,,,,,,,,,,,,,,,,,,,,,,,,,,,,,,,,,,,,,,,,,,,,,,,,,,,,,,,,,,,,,,,,C.4f04b5de911bf0cd,C.4f04b5de911bf0cd
1780488690102,,,,,,,,,,,2026-05-27 10:44:25.299," {f4ba3e13-c4ad-6a16-3200-000000002200}",2788,C:\Program Files\Windows Defender\MsMpEng.exe,,,NT AUTHORITY\SYSTEM,,,,,,,,,,,,,,,,,,,,,,,,,,,,,,,,,,,,,,,,,,,,,,,,,,-,C.4f04b5de911bf0cd,C.4f04b5de911bf0cd
1780488690102,,,,,,,,,,,2026-05-27 10:44:25.299," {f4ba3e13-c624-6a16-a200-000000002200}",4696,C:\Windows\sysmon64.exe,,,NT AUTHORITY\SYSTEM,,,,,,,,,,,,CreateKey,HKU\.DEFAULT\Software\Microsoft\SystemCertificates\Disallowed,,,,,,,,,,,,,,,,,,,,,,,,,,,,,,,,,,,,,-,C.4f04b5de911bf0cd,C.4f04b5de911bf0cd
1780488690102,,,,,,,,,,,2026-05-27 10:44:25.299," {f4ba3e13-c624-6a16-a200-000000002200}",4696,C:\Windows\sysmon64.exe,,,NT AUTHORITY\SYSTEM,,,,,,,,,,,,CreateKey,HKU\.DEFAULT\Software\Microsoft\SystemCertificates\Disallowed,,,,,,,,,,,,,,,,,,,,,,,,,,,,,,,,,,,,,-,C.4f04b5de911bf0cd,C.4f04b5de911bf0cd
1780488690102,,,,,,,,,,,2026-05-27 10:44:25.299," {f4ba3e13-c624-6a16-a200-000000002200}",4696,C:\Windows\sysmon64.exe,,,NT AUTHORITY\SYSTEM,,,,,,,,,,,,CreateKey,HKU\.DEFAULT\Software\Microsoft\SystemCertificates\Disallowed\Certificates,,,,,,,,,,,,,,,,,,,,,,,,,,,,,,,,,,,,,-,C.4f04b5de911bf0cd,C.4f04b5de911bf0cd
1780488690102,,,,,,,,,,,2026-05-27 10:44:25.299," {f4ba3e13-c624-6a16-a200-000000002200}",4696,C:\Windows\sysmon64.exe,,,NT AUTHORITY\SYSTEM,,,,,,,,,,,,CreateKey,HKU\.DEFAULT\Software\Microsoft\SystemCertificates\Disallowed\CRLs,,,,,,,,,,,,,,,,,,,,,,,,,,,,,,,,,,,,,-,C.4f04b5de911bf0cd,C.4f04b5de911bf0cd
1780488690102,,,,,,,,,,,2026-05-27 10:44:25.299," {f4ba3e13-c624-6a16-a200-000000002200}",4696,C:\Windows\sysmon64.exe,,,NT AUTHORITY\SYSTEM,,,,,,,,,,,,CreateKey,HKU\.DEFAULT\Software\Microsoft\SystemCertificates\Disallowed\CTLs,,,,,,,,,,,,,,,,,,,,,,,,,,,,,,,,,,,,,-,C.4f04b5de911bf0cd,C.4f04b5de911bf0cd
1780488690102,,,,,,,,,,,2026-05-27 10:44:25.299," {f4ba3e13-c624-6a16-a200-000000002200}",4696,C:\Windows\sysmon64.exe,,,NT AUTHORITY\SYSTEM,,,,,,,,,,,,CreateKey,HKU\.DEFAULT\Software\Policies\Microsoft\SystemCertificates\Disallowed,,,,,,,,,,,,,,,,,,,,,,,,,,,,,,,,,,,,,-,C.4f04b5de911bf0cd,C.4f04b5de911bf0cd
1780488690102,,,,,,,,,,,2026-05-27 10:44:25.299," {f4ba3e13-c624-6a16-a200-000000002200}",4696,C:\Windows\sysmon64.exe,,,NT AUTHORITY\SYSTEM,,,,,,,,,,,,CreateKey,HKU\.DEFAULT\Software\Policies\Microsoft\SystemCertificates\Disallowed\Certificates,,,,,,,,,,,,,,,,,,,,,,,,,,,,,,,,,,,,,-,C.4f04b5de911bf0cd,C.4f04b5de911bf0cd
1780488690102,,,,,,,,,,,2026-05-27 10:44:25.299," {f4ba3e13-c624-6a16-a200-000000002200}",4696,C:\Windows\sysmon64.exe,,,NT AUTHORITY\SYSTEM,,,,,,,,,,,,CreateKey,HKU\.DEFAULT\Software\Policies\Microsoft\SystemCertificates\Disallowed\CRLs,,,,,,,,,,,,,,,,,,,,,,,,,,,,,,,,,,,,,-,C.4f04b5de911bf0cd,C.4f04b5de911bf0cd
1780488690102,,,,,,,,,,,2026-05-27 10:44:25.299," {f4ba3e13-c624-6a16-a200-000000002200}",4696,C:\Windows\sysmon64.exe,,,NT AUTHORITY\SYSTEM,,,,,,,,,,,,CreateKey,HKU\.DEFAULT\Software\Policies\Microsoft\SystemCertificates\Disallowed\CTLs,,,,,,,,,,,,,,,,,,,,,,,,,,,,,,,,,,,,,-,C.4f04b5de911bf0cd,C.4f04b5de911bf0cd
1780488690102,,,,,,,,,,,2026-05-27 10:44:25.299," {f4ba3e13-c624-6a16-a200-000000002200}",4696,C:\Windows\sysmon64.exe,,,NT AUTHORITY\SYSTEM,,,,,,,,,,,,CreateKey,HKLM\SOFTWARE\Microsoft\SystemCertificates\Disallowed,,,,,,,,,,,,,,,,,,,,,,,,,,,,,,,,,,,,,-,C.4f04b5de911bf0cd,C.4f04b5de911bf0cd
1780488690102,,,,,,,,,,,2026-05-27 10:44:25.299," {f4ba3e13-c624-6a16-a200-000000002200}",4696,C:\Windows\sysmon64.exe,,,NT AUTHORITY\SYSTEM,,,,,,,,,,,,CreateKey,HKLM\SOFTWARE\Microsoft\SystemCertificates\Disallowed,,,,,,,,,,,,,,,,,,,,,,,,,,,,,,,,,,,,,-,C.4f04b5de911bf0cd,C.4f04b5de911bf0cd
1780488690102,,,,,,,,,,,2026-05-27 10:44:25.299," {f4ba3e13-c624-6a16-a200-000000002200}",4696,C:\Windows\sysmon64.exe,,,NT AUTHORITY\SYSTEM,,,,,,,,,,,,CreateKey,HKLM\SOFTWARE\Microsoft\SystemCertificates\Disallowed\Certificates,,,,,,,,,,,,,,,,,,,,,,,,,,,,,,,,,,,,,-,C.4f04b5de911bf0cd,C.4f04b5de911bf0cd
1780488690102,,,,,,,,,,,2026-05-27 10:44:25.299," {f4ba3e13-c624-6a16-a200-000000002200}",4696,C:\Windows\sysmon64.exe,,,NT AUTHORITY\SYSTEM,,,,,,,,,,,,CreateKey,HKLM\SOFTWARE\Microsoft\SystemCertificates\Disallowed\CRLs,,,,,,,,,,,,,,,,,,,,,,,,,,,,,,,,,,,,,-,C.4f04b5de911bf0cd,C.4f04b5de911bf0cd
1780488690102,,,,,,,,,,,2026-05-27 10:44:25.299," {f4ba3e13-c624-6a16-a200-000000002200}",4696,C:\Windows\sysmon64.exe,,,NT AUTHORITY\SYSTEM,,,,,,,,,,,,CreateKey,HKLM\SOFTWARE\Microsoft\SystemCertificates\Disallowed\CTLs,,,,,,,,,,,,,,,,,,,,,,,,,,,,,,,,,,,,,-,C.4f04b5de911bf0cd,C.4f04b5de911bf0cd
1780488690102,,,,,,,,,,,2026-05-27 10:44:25.299," {f4ba3e13-c624-6a16-a200-000000002200}",4696,C:\Windows\sysmon64.exe,,,NT AUTHORITY\SYSTEM,,,,,,,,,,,,CreateKey,HKLM\SOFTWARE\Policies\Microsoft\SystemCertificates\Disallowed,,,,,,,,,,,,,,,,,,,,,,,,,,,,,,,,,,,,,-,C.4f04b5de911bf0cd,C.4f04b5de911bf0cd
1780488690102,,,,,,,,,,,2026-05-27 10:44:25.299," {f4ba3e13-c624-6a16-a200-000000002200}",4696,C:\Windows\sysmon64.exe,,,NT AUTHORITY\SYSTEM,,,,,,,,,,,,CreateKey,HKLM\SOFTWARE\Policies\Microsoft\SystemCertificates\Disallowed\Certificates,,,,,,,,,,,,,,,,,,,,,,,,,,,,,,,,,,,,,-,C.4f04b5de911bf0cd,C.4f04b5de911bf0cd
1780488690102,,,,,,,,,,,2026-05-27 10:44:25.299," {f4ba3e13-c624-6a16-a200-000000002200}",4696,C:\Windows\sysmon64.exe,,,NT AUTHORITY\SYSTEM,,,,,,,,,,,,CreateKey,HKLM\SOFTWARE\Policies\Microsoft\SystemCertificates\Disallowed\CRLs,,,,,,,,,,,,,,,,,,,,,,,,,,,,,,,,,,,,,-,C.4f04b5de911bf0cd,C.4f04b5de911bf0cd
1780488690102,,,,,,,,,,,2026-05-27 10:44:25.299," {f4ba3e13-c624-6a16-a200-000000002200}",4696,C:\Windows\sysmon64.exe,,,NT AUTHORITY\SYSTEM,,,,,,,,,,,,CreateKey,HKLM\SOFTWARE\Policies\Microsoft\SystemCertificates\Disallowed\CTLs,,,,,,,,,,,,,,,,,,,,,,,,,,,,,,,,,,,,,-,C.4f04b5de911bf0cd,C.4f04b5de911bf0cd
1780488690102,,,,,,,,,,,2026-05-27 10:44:25.299," {f4ba3e13-c624-6a16-a200-000000002200}",4696,C:\Windows\sysmon64.exe,,,NT AUTHORITY\SYSTEM,,,,,,,,,,,,CreateKey,HKLM\SOFTWARE\Microsoft\EnterpriseCertificates\Disallowed,,,,,,,,,,,,,,,,,,,,,,,,,,,,,,,,,,,,,-,C.4f04b5de911bf0cd,C.4f04b5de911bf0cd
1780488690102,,,,,,,,,,,2026-05-27 10:44:25.299," {f4ba3e13-c624-6a16-a200-000000002200}",4696,C:\Windows\sysmon64.exe,,,NT AUTHORITY\SYSTEM,,,,,,,,,,,,CreateKey,HKLM\SOFTWARE\Microsoft\EnterpriseCertificates\Disallowed,,,,,,,,,,,,,,,,,,,,,,,,,,,,,,,,,,,,,-,C.4f04b5de911bf0cd,C.4f04b5de911bf0cd
1780488690102,,,,,,,,,,,2026-05-27 10:44:25.299," {f4ba3e13-c624-6a16-a200-000000002200}",4696,C:\Windows\sysmon64.exe,,,NT AUTHORITY\SYSTEM,,,,,,,,,,,,CreateKey,HKLM\SOFTWARE\Microsoft\EnterpriseCertificates\Disallowed\Certificates,,,,,,,,,,,,,,,,,,,,,,,,,,,,,,,,,,,,,-,C.4f04b5de911bf0cd,C.4f04b5de911bf0cd
1780488690102,,,,,,,,,,,2026-05-27 10:44:25.299," {f4ba3e13-c624-6a16-a200-000000002200}",4696,C:\Windows\sysmon64.exe,,,NT AUTHORITY\SYSTEM,,,,,,,,,,,,CreateKey,HKLM\SOFTWARE\Microsoft\EnterpriseCertificates\Disallowed\CRLs,,,,,,,,,,,,,,,,,,,,,,,,,,,,,,,,,,,,,-,C.4f04b5de911bf0cd,C.4f04b5de911bf0cd
1780488690102,,,,,,,,,,,2026-05-27 10:44:25.299," {f4ba3e13-c624-6a16-a200-000000002200}",4696,C:\Windows\sysmon64.exe,,,NT AUTHORITY\SYSTEM,,,,,,,,,,,,CreateKey,HKLM\SOFTWARE\Microsoft\EnterpriseCertificates\Disallowed\CTLs,,,,,,,,,,,,,,,,,,,,,,,,,,,,,,,,,,,,,-,C.4f04b5de911bf0cd,C.4f04b5de911bf0cd
1780488690102,,,,,,,,,,,,,,,,,,,,,,,,,,,,,,,,,,,,,,,,,,,,,,,,,,,,,,,,,,,,,,,,,,,,C.4f04b5de911bf0cd,C.4f04b5de911bf0cd
1780488690102,,,,,,,,,,,2026-05-27 10:44:25.304," {f4ba3e13-cb09-6a16-f800-000000002200}",3532,C:\Windows\System32\VSSVC.exe,C:\Windows\system32\vssvc.exe,C:\Windows\system32\,NT AUTHORITY\SYSTEM,"MD5=01FFD5AF533F2CFDF26DDDC9313731C1,SHA256=BFF0F2E57CD2358AC8F519F6F5692A46D97EC4E9B763D47101CEF31712FD4738,IMPHASH=23F8C470949D103A704869EF2FEB7087"," {f4ba3e13-c48f-6a16-0a00-000000002200}"," 640",C:\Windows\System32\services.exe,C:\Windows\system32\services.exe,System,0x3E7," {f4ba3e13-c48f-6a16-e703-000000000000}"," 0",,,,,,,,,,,,,,,,,,,,,,,Microsoft Corporation,Microsoft® Windows® Operating System,Microsoft® Volume Shadow Copy Service,10.0.14393.0 (rs1_release.160715-1616),VSSVC.EXE,,,,,,,,,,,,,,-,C.4f04b5de911bf0cd,C.4f04b5de911bf0cd
1780488690102,,,,,,,,,,,,,,,,,,,,,,,,,,,,,,,,,,,,,,,,,,,,,,,,,,,,,,,,,,,,,,,,,,,,C.4f04b5de911bf0cd,C.4f04b5de911bf0cd
1780488690102,,,,,,,,,,,,,,,,,,,,,,,,,,,,,,,,,,,,,,,,,,,,,,,,,,,,,,,,,,,,,,,,,,,,C.4f04b5de911bf0cd,C.4f04b5de911bf0cd
1780488690102,,,,,,,,,,,,,,,,,,,,,,,,,,,,,,,,,,,,,,,,,,,,,,,,,,,,,,,,,,,,,,,,,,,,C.4f04b5de911bf0cd,C.4f04b5de911bf0cd
1780488690102,,,,,,,,,,,2026-05-27 10:44:25.346," {f4ba3e13-c624-6a16-a200-000000002200}",4696,C:\Windows\sysmon64.exe,,,NT AUTHORITY\SYSTEM,,,,,,,,,,,,CreateKey,HKU\.DEFAULT\Software\Microsoft\Windows\CurrentVersion\WinTrust\Trust Providers\Software Publishing,,,,,,,,,,,,,,,,,,,,,,,,,,,,,,,,,,,,,-,C.4f04b5de911bf0cd,C.4f04b5de911bf0cd
1780488690102,,,,,,,,,,,2026-05-27 10:44:25.346," {f4ba3e13-c624-6a16-a200-000000002200}",4696,C:\Windows\sysmon64.exe,,,NT AUTHORITY\SYSTEM,,,,,,,,,,,,CreateKey,HKU\.DEFAULT\Software\Microsoft\Windows\CurrentVersion\WinTrust\Trust Providers\Software Publishing,,,,,,,,,,,,,,,,,,,,,,,,,,,,,,,,,,,,,-,C.4f04b5de911bf0cd,C.4f04b5de911bf0cd
1780488690102,,,,,,,,,,,,,,,,,,,,,,,,,,,,,,,,,,,,,,,,,,,,,,,,,,,,,,,,,,,,,,,,,,,,C.4f04b5de911bf0cd,C.4f04b5de911bf0cd
1780488690102,,,,,,,,,,,,,,,,,,,,,,,,,,,,,,,,,,,,,,,,,,,,,,,,,,,,,,,,,,,,,,,,,,,,C.4f04b5de911bf0cd,C.4f04b5de911bf0cd
1780488690102,,,,,,,,,,,,,,,,,,,,,,,,,,,,,,,,,,,,,,,,,,,,,,,,,,,,,,,,,,,,,,,,,,,,C.4f04b5de911bf0cd,C.4f04b5de911bf0cd
1780488690102,,,,,,,,,,,,,,,,,,,,,,,,,,,,,,,,,,,,,,,,,,,,,,,,,,,,,,,,,,,,,,,,,,,,C.4f04b5de911bf0cd,C.4f04b5de911bf0cd
1780488690102,,,,,,,,,,,,,,,,,,,,,,,,,,,,,,,,,,,,,,,,,,,,,,,,,,,,,,,,,,,,,,,,,,,,C.4f04b5de911bf0cd,C.4f04b5de911bf0cd
1780488690102,,,,,,,,,,,,,,,,,,,,,,,,,,,,,,,,,,,,,,,,,,,,,,,,,,,,,,,,,,,,,,,,,,,,C.4f04b5de911bf0cd,C.4f04b5de911bf0cd
1780488690102,,,,,,,,,,,,,,,,,,,,,,,,,,,,,,,,,,,,,,,,,,,,,,,,,,,,,,,,,,,,,,,,,,,,C.4f04b5de911bf0cd,C.4f04b5de911bf0cd
1780488690102,,,,,,,,,,,,,,,,,,,,,,,,,,,,,,,,,,,,,,,,,,,,,,,,,,,,,,,,,,,,,,,,,,,,C.4f04b5de911bf0cd,C.4f04b5de911bf0cd
1780488690102,,,,,,,,,,,,,,,,,,,,,,,,,,,,,,,,,,,,,,,,,,,,,,,,,,,,,,,,,,,,,,,,,,,,C.4f04b5de911bf0cd,C.4f04b5de911bf0cd
1780488690102,,,,,,,,,,,,,,,,,,,,,,,,,,,,,,,,,,,,,,,,,,,,,,,,,,,,,,,,,,,,,,,,,,,,C.4f04b5de911bf0cd,C.4f04b5de911bf0cd
1780488690102,,,,,,,,,,,,,,,,,,,,,,,,,,,,,,,,,,,,,,,,,,,,,,,,,,,,,,,,,,,,,,,,,,,,C.4f04b5de911bf0cd,C.4f04b5de911bf0cd
1780488690102,,,,,,,,,,,,,,,,,,,,,,,,,,,,,,,,,,,,,,,,,,,,,,,,,,,,,,,,,,,,,,,,,,,,C.4f04b5de911bf0cd,C.4f04b5de911bf0cd
1780488690102,,,,,,,,,,,,,,,,,,,,,,,,,,,,,,,,,,,,,,,,,,,,,,,,,,,,,,,,,,,,,,,,,,,,C.4f04b5de911bf0cd,C.4f04b5de911bf0cd
1780488690102,,,,,,,,,,,,,,,,,,,,,,,,,,,,,,,,,,,,,,,,,,,,,,,,,,,,,,,,,,,,,,,,,,,,C.4f04b5de911bf0cd,C.4f04b5de911bf0cd
1780488690102,,,,,,,,,,,,,,,,,,,,,,,,,,,,,,,,,,,,,,,,,,,,,,,,,,,,,,,,,,,,,,,,,,,,C.4f04b5de911bf0cd,C.4f04b5de911bf0cd
1780488690102,,,,,,,,,,,,,,,,,,,,,,,,,,,,,,,,,,,,,,,,,,,,,,,,,,,,,,,,,,,,,,,,,,,,C.4f04b5de911bf0cd,C.4f04b5de911bf0cd
1780488690102,,,,,,,,,,,,,,,,,,,,,,,,,,,,,,,,,,,,,,,,,,,,,,,,,,,,,,,,,,,,,,,,,,,,C.4f04b5de911bf0cd,C.4f04b5de911bf0cd
1780488690102,,,,,,,,,,,,,,,,,,,,,,,,,,,,,,,,,,,,,,,,,,,,,,,,,,,,,,,,,,,,,,,,,,,,C.4f04b5de911bf0cd,C.4f04b5de911bf0cd
1780488690102,,,,,,,,,,,,,,,,,,,,,,,,,,,,,,,,,,,,,,,,,,,,,,,,,,,,,,,,,,,,,,,,,,,,C.4f04b5de911bf0cd,C.4f04b5de911bf0cd
1780488690102,,,,,,,,,,,,,,,,,,,,,,,,,,,,,,,,,,,,,,,,,,,,,,,,,,,,,,,,,,,,,,,,,,,,C.4f04b5de911bf0cd,C.4f04b5de911bf0cd
1780488690102,,,,,,,,,,,,,,,,,,,,,,,,,,,,,,,,,,,,,,,,,,,,,,,,,,,,,,,,,,,,,,,,,,,,C.4f04b5de911bf0cd,C.4f04b5de911bf0cd
1780488690102,,,,,,,,,,,,,,,,,,,,,,,,,,,,,,,,,,,,,,,,,,,,,,,,,,,,,,,,,,,,,,,,,,,,C.4f04b5de911bf0cd,C.4f04b5de911bf0cd
1780488690102,,,,,,,,,,,,,,,,,,,,,,,,,,,,,,,,,,,,,,,,,,,,,,,,,,,,,,,,,,,,,,,,,,,,C.4f04b5de911bf0cd,C.4f04b5de911bf0cd
1780488690102,,,,,,,,,,,,,,,,,,,,,,,,,,,,,,,,,,,,,,,,,,,,,,,,,,,,,,,,,,,,,,,,,,,,C.4f04b5de911bf0cd,C.4f04b5de911bf0cd
1780488690102,,,,,,,,,,,,,,,,,,,,,,,,,,,,,,,,,,,,,,,,,,,,,,,,,,,,,,,,,,,,,,,,,,,,C.4f04b5de911bf0cd,C.4f04b5de911bf0cd
1780488690102,,,,,,,,,,,,,,,,,,,,,,,,,,,,,,,,,,,,,,,,,,,,,,,,,,,,,,,,,,,,,,,,,,,,C.4f04b5de911bf0cd,C.4f04b5de911bf0cd
1780488690102,,,,,,,,,,,,,,,,,,,,,,,,,,,,,,,,,,,,,,,,,,,,,,,,,,,,,,,,,,,,,,,,,,,,C.4f04b5de911bf0cd,C.4f04b5de911bf0cd
1780488690102,,,,,,,,,,,,,,,,,,,,,,,,,,,,,,,,,,,,,,,,,,,,,,,,,,,,,,,,,,,,,,,,,,,,C.4f04b5de911bf0cd,C.4f04b5de911bf0cd
1780488690102,,,,,,,,,,,,,,,,,,,,,,,,,,,,,,,,,,,,,,,,,,,,,,,,,,,,,,,,,,,,,,,,,,,,C.4f04b5de911bf0cd,C.4f04b5de911bf0cd
1780488690102,,,,,,,,,,,2026-05-27 10:44:25.378," {f4ba3e13-c624-6a16-a200-000000002200}",4696,C:\Windows\sysmon64.exe,,,NT AUTHORITY\SYSTEM,,,,,,,,,,,,CreateKey,HKU\.DEFAULT\Software\Microsoft\Windows\CurrentVersion\WinTrust\Trust Providers\Software Publishing,,,,,,,,,,,,,,,,,,,,,,,,,,,,,,,,,,,,,-,C.4f04b5de911bf0cd,C.4f04b5de911bf0cd
1780488690102,,,,,,,,,,,2026-05-27 10:44:25.378," {f4ba3e13-c624-6a16-a200-000000002200}",4696,C:\Windows\sysmon64.exe,,,NT AUTHORITY\SYSTEM,,,,,,,,,,,,CreateKey,HKU\.DEFAULT\Software\Microsoft\SystemCertificates\Disallowed,,,,,,,,,,,,,,,,,,,,,,,,,,,,,,,,,,,,,-,C.4f04b5de911bf0cd,C.4f04b5de911bf0cd
1780488690102,,,,,,,,,,,2026-05-27 10:44:25.378," {f4ba3e13-c624-6a16-a200-000000002200}",4696,C:\Windows\sysmon64.exe,,,NT AUTHORITY\SYSTEM,,,,,,,,,,,,CreateKey,HKU\.DEFAULT\Software\Microsoft\SystemCertificates\Disallowed,,,,,,,,,,,,,,,,,,,,,,,,,,,,,,,,,,,,,-,C.4f04b5de911bf0cd,C.4f04b5de911bf0cd
1780488690102,,,,,,,,,,,2026-05-27 10:44:25.378," {f4ba3e13-c624-6a16-a200-000000002200}",4696,C:\Windows\sysmon64.exe,,,NT AUTHORITY\SYSTEM,,,,,,,,,,,,CreateKey,HKU\.DEFAULT\Software\Microsoft\SystemCertificates\Disallowed\Certificates,,,,,,,,,,,,,,,,,,,,,,,,,,,,,,,,,,,,,-,C.4f04b5de911bf0cd,C.4f04b5de911bf0cd
1780488690102,,,,,,,,,,,2026-05-27 10:44:25.378," {f4ba3e13-c624-6a16-a200-000000002200}",4696,C:\Windows\sysmon64.exe,,,NT AUTHORITY\SYSTEM,,,,,,,,,,,,CreateKey,HKU\.DEFAULT\Software\Microsoft\SystemCertificates\Disallowed\CRLs,,,,,,,,,,,,,,,,,,,,,,,,,,,,,,,,,,,,,-,C.4f04b5de911bf0cd,C.4f04b5de911bf0cd
1780488690102,,,,,,,,,,,2026-05-27 10:44:25.378," {f4ba3e13-c624-6a16-a200-000000002200}",4696,C:\Windows\sysmon64.exe,,,NT AUTHORITY\SYSTEM,,,,,,,,,,,,CreateKey,HKU\.DEFAULT\Software\Microsoft\SystemCertificates\Disallowed\CTLs,,,,,,,,,,,,,,,,,,,,,,,,,,,,,,,,,,,,,-,C.4f04b5de911bf0cd,C.4f04b5de911bf0cd
1780488690102,,,,,,,,,,,2026-05-27 10:44:25.378," {f4ba3e13-c624-6a16-a200-000000002200}",4696,C:\Windows\sysmon64.exe,,,NT AUTHORITY\SYSTEM,,,,,,,,,,,,CreateKey,HKU\.DEFAULT\Software\Policies\Microsoft\SystemCertificates\Disallowed,,,,,,,,,,,,,,,,,,,,,,,,,,,,,,,,,,,,,-,C.4f04b5de911bf0cd,C.4f04b5de911bf0cd
1780488690102,,,,,,,,,,,2026-05-27 10:44:25.378," {f4ba3e13-c624-6a16-a200-000000002200}",4696,C:\Windows\sysmon64.exe,,,NT AUTHORITY\SYSTEM,,,,,,,,,,,,CreateKey,HKU\.DEFAULT\Software\Policies\Microsoft\SystemCertificates\Disallowed\Certificates,,,,,,,,,,,,,,,,,,,,,,,,,,,,,,,,,,,,,-,C.4f04b5de911bf0cd,C.4f04b5de911bf0cd
1780488690102,,,,,,,,,,,2026-05-27 10:44:25.378," {f4ba3e13-c624-6a16-a200-000000002200}",4696,C:\Windows\sysmon64.exe,,,NT AUTHORITY\SYSTEM,,,,,,,,,,,,CreateKey,HKU\.DEFAULT\Software\Policies\Microsoft\SystemCertificates\Disallowed\CRLs,,,,,,,,,,,,,,,,,,,,,,,,,,,,,,,,,,,,,-,C.4f04b5de911bf0cd,C.4f04b5de911bf0cd
1780488690102,,,,,,,,,,,2026-05-27 10:44:25.378," {f4ba3e13-c624-6a16-a200-000000002200}",4696,C:\Windows\sysmon64.exe,,,NT AUTHORITY\SYSTEM,,,,,,,,,,,,CreateKey,HKU\.DEFAULT\Software\Policies\Microsoft\SystemCertificates\Disallowed\CTLs,,,,,,,,,,,,,,,,,,,,,,,,,,,,,,,,,,,,,-,C.4f04b5de911bf0cd,C.4f04b5de911bf0cd
1780488690102,,,,,,,,,,,2026-05-27 10:44:25.378," {f4ba3e13-c624-6a16-a200-000000002200}",4696,C:\Windows\sysmon64.exe,,,NT AUTHORITY\SYSTEM,,,,,,,,,,,,CreateKey,HKLM\SOFTWARE\Microsoft\SystemCertificates\Disallowed,,,,,,,,,,,,,,,,,,,,,,,,,,,,,,,,,,,,,-,C.4f04b5de911bf0cd,C.4f04b5de911bf0cd
1780488690102,,,,,,,,,,,2026-05-27 10:44:25.378," {f4ba3e13-c624-6a16-a200-000000002200}",4696,C:\Windows\sysmon64.exe,,,NT AUTHORITY\SYSTEM,,,,,,,,,,,,CreateKey,HKLM\SOFTWARE\Microsoft\SystemCertificates\Disallowed,,,,,,,,,,,,,,,,,,,,,,,,,,,,,,,,,,,,,-,C.4f04b5de911bf0cd,C.4f04b5de911bf0cd
1780488690102,,,,,,,,,,,2026-05-27 10:44:25.378," {f4ba3e13-c624-6a16-a200-000000002200}",4696,C:\Windows\sysmon64.exe,,,NT AUTHORITY\SYSTEM,,,,,,,,,,,,CreateKey,HKLM\SOFTWARE\Microsoft\SystemCertificates\Disallowed\Certificates,,,,,,,,,,,,,,,,,,,,,,,,,,,,,,,,,,,,,-,C.4f04b5de911bf0cd,C.4f04b5de911bf0cd
1780488690102,,,,,,,,,,,2026-05-27 10:44:25.378," {f4ba3e13-c624-6a16-a200-000000002200}",4696,C:\Windows\sysmon64.exe,,,NT AUTHORITY\SYSTEM,,,,,,,,,,,,CreateKey,HKLM\SOFTWARE\Microsoft\SystemCertificates\Disallowed\CRLs,,,,,,,,,,,,,,,,,,,,,,,,,,,,,,,,,,,,,-,C.4f04b5de911bf0cd,C.4f04b5de911bf0cd
1780488690102,,,,,,,,,,,2026-05-27 10:44:25.378," {f4ba3e13-c624-6a16-a200-000000002200}",4696,C:\Windows\sysmon64.exe,,,NT AUTHORITY\SYSTEM,,,,,,,,,,,,CreateKey,HKLM\SOFTWARE\Microsoft\SystemCertificates\Disallowed\CTLs,,,,,,,,,,,,,,,,,,,,,,,,,,,,,,,,,,,,,-,C.4f04b5de911bf0cd,C.4f04b5de911bf0cd
1780488690102,,,,,,,,,,,2026-05-27 10:44:25.378," {f4ba3e13-c624-6a16-a200-000000002200}",4696,C:\Windows\sysmon64.exe,,,NT AUTHORITY\SYSTEM,,,,,,,,,,,,CreateKey,HKLM\SOFTWARE\Policies\Microsoft\SystemCertificates\Disallowed,,,,,,,,,,,,,,,,,,,,,,,,,,,,,,,,,,,,,-,C.4f04b5de911bf0cd,C.4f04b5de911bf0cd
1780488690102,,,,,,,,,,,2026-05-27 10:44:25.378," {f4ba3e13-c624-6a16-a200-000000002200}",4696,C:\Windows\sysmon64.exe,,,NT AUTHORITY\SYSTEM,,,,,,,,,,,,CreateKey,HKLM\SOFTWARE\Policies\Microsoft\SystemCertificates\Disallowed\Certificates,,,,,,,,,,,,,,,,,,,,,,,,,,,,,,,,,,,,,-,C.4f04b5de911bf0cd,C.4f04b5de911bf0cd
1780488690102,,,,,,,,,,,2026-05-27 10:44:25.378," {f4ba3e13-c624-6a16-a200-000000002200}",4696,C:\Windows\sysmon64.exe,,,NT AUTHORITY\SYSTEM,,,,,,,,,,,,CreateKey,HKLM\SOFTWARE\Policies\Microsoft\SystemCertificates\Disallowed\CRLs,,,,,,,,,,,,,,,,,,,,,,,,,,,,,,,,,,,,,-,C.4f04b5de911bf0cd,C.4f04b5de911bf0cd
1780488690102,,,,,,,,,,,2026-05-27 10:44:25.378," {f4ba3e13-c624-6a16-a200-000000002200}",4696,C:\Windows\sysmon64.exe,,,NT AUTHORITY\SYSTEM,,,,,,,,,,,,CreateKey,HKLM\SOFTWARE\Policies\Microsoft\SystemCertificates\Disallowed\CTLs,,,,,,,,,,,,,,,,,,,,,,,,,,,,,,,,,,,,,-,C.4f04b5de911bf0cd,C.4f04b5de911bf0cd
1780488690102,,,,,,,,,,,2026-05-27 10:44:25.378," {f4ba3e13-c624-6a16-a200-000000002200}",4696,C:\Windows\sysmon64.exe,,,NT AUTHORITY\SYSTEM,,,,,,,,,,,,CreateKey,HKLM\SOFTWARE\Microsoft\EnterpriseCertificates\Disallowed,,,,,,,,,,,,,,,,,,,,,,,,,,,,,,,,,,,,,-,C.4f04b5de911bf0cd,C.4f04b5de911bf0cd
1780488690102,,,,,,,,,,,2026-05-27 10:44:25.378," {f4ba3e13-c624-6a16-a200-000000002200}",4696,C:\Windows\sysmon64.exe,,,NT AUTHORITY\SYSTEM,,,,,,,,,,,,CreateKey,HKLM\SOFTWARE\Microsoft\EnterpriseCertificates\Disallowed,,,,,,,,,,,,,,,,,,,,,,,,,,,,,,,,,,,,,-,C.4f04b5de911bf0cd,C.4f04b5de911bf0cd
1780488690102,,,,,,,,,,,2026-05-27 10:44:25.378," {f4ba3e13-c624-6a16-a200-000000002200}",4696,C:\Windows\sysmon64.exe,,,NT AUTHORITY\SYSTEM,,,,,,,,,,,,CreateKey,HKLM\SOFTWARE\Microsoft\EnterpriseCertificates\Disallowed\Certificates,,,,,,,,,,,,,,,,,,,,,,,,,,,,,,,,,,,,,-,C.4f04b5de911bf0cd,C.4f04b5de911bf0cd
1780488690102,,,,,,,,,,,2026-05-27 10:44:25.378," {f4ba3e13-c624-6a16-a200-000000002200}",4696,C:\Windows\sysmon64.exe,,,NT AUTHORITY\SYSTEM,,,,,,,,,,,,CreateKey,HKLM\SOFTWARE\Microsoft\EnterpriseCertificates\Disallowed\CRLs,,,,,,,,,,,,,,,,,,,,,,,,,,,,,,,,,,,,,-,C.4f04b5de911bf0cd,C.4f04b5de911bf0cd
1780488690102,,,,,,,,,,,2026-05-27 10:44:25.378," {f4ba3e13-c624-6a16-a200-000000002200}",4696,C:\Windows\sysmon64.exe,,,NT AUTHORITY\SYSTEM,,,,,,,,,,,,CreateKey,HKLM\SOFTWARE\Microsoft\EnterpriseCertificates\Disallowed\CTLs,,,,,,,,,,,,,,,,,,,,,,,,,,,,,,,,,,,,,-,C.4f04b5de911bf0cd,C.4f04b5de911bf0cd
1780488690102,,,,,,,,,,,,,,,,,,,,,,,,,,,,,,,,,,,,,,,,,,,,,,,,,,,,,,,,,,,,,,,,,,,,C.4f04b5de911bf0cd,C.4f04b5de911bf0cd
1780488690102,,,,,,,,,,,2026-05-27 10:44:25.378," {f4ba3e13-c624-6a16-a200-000000002200}",4696,C:\Windows\sysmon64.exe,,,NT AUTHORITY\SYSTEM,,,,,,,,,,,,CreateKey,HKU\.DEFAULT\Software\Microsoft\Windows\CurrentVersion\WinTrust\Trust Providers\Software Publishing,,,,,,,,,,,,,,,,,,,,,,,,,,,,,,,,,,,,,-,C.4f04b5de911bf0cd,C.4f04b5de911bf0cd
1780488690102,,,,,,,,,,,,,,,,,,,,,,,,,,,,,,,,,,,,,,,,,,,,,,,,,,,,,,,,,,,,,,,,,,,,C.4f04b5de911bf0cd,C.4f04b5de911bf0cd
1780488690102,,,,,,,,,,,2026-05-27 10:44:25.378," {f4ba3e13-c624-6a16-a200-000000002200}",4696,C:\Windows\sysmon64.exe,,,NT AUTHORITY\SYSTEM,,,,,,,,,,,,CreateKey,HKU\.DEFAULT\Software\Microsoft\Windows\CurrentVersion\WinTrust\Trust Providers\Software Publishing,,,,,,,,,,,,,,,,,,,,,,,,,,,,,,,,,,,,,-,C.4f04b5de911bf0cd,C.4f04b5de911bf0cd
1780488690102,,,,,,,,,,,,,,,,,,,,,,,,,,,,,,,,,,,,,,,,,,,,,,,,,,,,,,,,,,,,,,,,,,,,C.4f04b5de911bf0cd,C.4f04b5de911bf0cd
1780488690102,,,,,,,,,,,,,,,,,,,,,,,,,,,,,,,,,,,,,,,,,,,,,,,,,,,,,,,,,,,,,,,,,,,,C.4f04b5de911bf0cd,C.4f04b5de911bf0cd
1780488690102,,,,,,,,,,,,,,,,,,,,,,,,,,,,,,,,,,,,,,,,,,,,,,,,,,,,,,,,,,,,,,,,,,,,C.4f04b5de911bf0cd,C.4f04b5de911bf0cd
1780488690102,,,,,,,,,,,,,,,,,,,,,,,,,,,,,,,,,,,,,,,,,,,,,,,,,,,,,,,,,,,,,,,,,,,,C.4f04b5de911bf0cd,C.4f04b5de911bf0cd
1780488690102,,,,,,,,,,,2026-05-27 10:44:25.397," {f4ba3e13-c624-6a16-a200-000000002200}",4696,C:\Windows\sysmon64.exe,,,NT AUTHORITY\SYSTEM,,,,,,,,,,,,CreateKey,HKU\.DEFAULT\Software\Microsoft\Windows\CurrentVersion\WinTrust\Trust Providers\Software Publishing,,,,,,,,,,,,,,,,,,,,,,,,,,,,,,,,,,,,,-,C.4f04b5de911bf0cd,C.4f04b5de911bf0cd
1780488690102,,,,,,,,,,,2026-05-27 10:44:25.397," {f4ba3e13-c624-6a16-a200-000000002200}",4696,C:\Windows\sysmon64.exe,,,NT AUTHORITY\SYSTEM,,,,,,,,,,,,CreateKey,HKU\.DEFAULT\Software\Microsoft\SystemCertificates\Disallowed,,,,,,,,,,,,,,,,,,,,,,,,,,,,,,,,,,,,,-,C.4f04b5de911bf0cd,C.4f04b5de911bf0cd
1780488690102,,,,,,,,,,,2026-05-27 10:44:25.397," {f4ba3e13-c624-6a16-a200-000000002200}",4696,C:\Windows\sysmon64.exe,,,NT AUTHORITY\SYSTEM,,,,,,,,,,,,CreateKey,HKU\.DEFAULT\Software\Microsoft\SystemCertificates\Disallowed,,,,,,,,,,,,,,,,,,,,,,,,,,,,,,,,,,,,,-,C.4f04b5de911bf0cd,C.4f04b5de911bf0cd
1780488690102,,,,,,,,,,,2026-05-27 10:44:25.397," {f4ba3e13-c624-6a16-a200-000000002200}",4696,C:\Windows\sysmon64.exe,,,NT AUTHORITY\SYSTEM,,,,,,,,,,,,CreateKey,HKU\.DEFAULT\Software\Microsoft\SystemCertificates\Disallowed\Certificates,,,,,,,,,,,,,,,,,,,,,,,,,,,,,,,,,,,,,-,C.4f04b5de911bf0cd,C.4f04b5de911bf0cd
1780488690102,,,,,,,,,,,2026-05-27 10:44:25.397," {f4ba3e13-c624-6a16-a200-000000002200}",4696,C:\Windows\sysmon64.exe,,,NT AUTHORITY\SYSTEM,,,,,,,,,,,,CreateKey,HKU\.DEFAULT\Software\Microsoft\SystemCertificates\Disallowed\CRLs,,,,,,,,,,,,,,,,,,,,,,,,,,,,,,,,,,,,,-,C.4f04b5de911bf0cd,C.4f04b5de911bf0cd
1780488690102,,,,,,,,,,,2026-05-27 10:44:25.397," {f4ba3e13-c624-6a16-a200-000000002200}",4696,C:\Windows\sysmon64.exe,,,NT AUTHORITY\SYSTEM,,,,,,,,,,,,CreateKey,HKU\.DEFAULT\Software\Microsoft\SystemCertificates\Disallowed\CTLs,,,,,,,,,,,,,,,,,,,,,,,,,,,,,,,,,,,,,-,C.4f04b5de911bf0cd,C.4f04b5de911bf0cd
1780488690102,,,,,,,,,,,2026-05-27 10:44:25.397," {f4ba3e13-c624-6a16-a200-000000002200}",4696,C:\Windows\sysmon64.exe,,,NT AUTHORITY\SYSTEM,,,,,,,,,,,,CreateKey,HKU\.DEFAULT\Software\Policies\Microsoft\SystemCertificates\Disallowed,,,,,,,,,,,,,,,,,,,,,,,,,,,,,,,,,,,,,-,C.4f04b5de911bf0cd,C.4f04b5de911bf0cd
1780488690102,,,,,,,,,,,2026-05-27 10:44:25.397," {f4ba3e13-c624-6a16-a200-000000002200}",4696,C:\Windows\sysmon64.exe,,,NT AUTHORITY\SYSTEM,,,,,,,,,,,,CreateKey,HKU\.DEFAULT\Software\Policies\Microsoft\SystemCertificates\Disallowed\Certificates,,,,,,,,,,,,,,,,,,,,,,,,,,,,,,,,,,,,,-,C.4f04b5de911bf0cd,C.4f04b5de911bf0cd
1780488690102,,,,,,,,,,,2026-05-27 10:44:25.397," {f4ba3e13-c624-6a16-a200-000000002200}",4696,C:\Windows\sysmon64.exe,,,NT AUTHORITY\SYSTEM,,,,,,,,,,,,CreateKey,HKU\.DEFAULT\Software\Policies\Microsoft\SystemCertificates\Disallowed\CRLs,,,,,,,,,,,,,,,,,,,,,,,,,,,,,,,,,,,,,-,C.4f04b5de911bf0cd,C.4f04b5de911bf0cd
1780488690102,,,,,,,,,,,2026-05-27 10:44:25.397," {f4ba3e13-c624-6a16-a200-000000002200}",4696,C:\Windows\sysmon64.exe,,,NT AUTHORITY\SYSTEM,,,,,,,,,,,,CreateKey,HKU\.DEFAULT\Software\Policies\Microsoft\SystemCertificates\Disallowed\CTLs,,,,,,,,,,,,,,,,,,,,,,,,,,,,,,,,,,,,,-,C.4f04b5de911bf0cd,C.4f04b5de911bf0cd
1780488690102,,,,,,,,,,,2026-05-27 10:44:25.397," {f4ba3e13-c624-6a16-a200-000000002200}",4696,C:\Windows\sysmon64.exe,,,NT AUTHORITY\SYSTEM,,,,,,,,,,,,CreateKey,HKLM\SOFTWARE\Microsoft\SystemCertificates\Disallowed,,,,,,,,,,,,,,,,,,,,,,,,,,,,,,,,,,,,,-,C.4f04b5de911bf0cd,C.4f04b5de911bf0cd
1780488690102,,,,,,,,,,,2026-05-27 10:44:25.397," {f4ba3e13-c624-6a16-a200-000000002200}",4696,C:\Windows\sysmon64.exe,,,NT AUTHORITY\SYSTEM,,,,,,,,,,,,CreateKey,HKLM\SOFTWARE\Microsoft\SystemCertificates\Disallowed,,,,,,,,,,,,,,,,,,,,,,,,,,,,,,,,,,,,,-,C.4f04b5de911bf0cd,C.4f04b5de911bf0cd
1780488690102,,,,,,,,,,,2026-05-27 10:44:25.397," {f4ba3e13-c624-6a16-a200-000000002200}",4696,C:\Windows\sysmon64.exe,,,NT AUTHORITY\SYSTEM,,,,,,,,,,,,CreateKey,HKLM\SOFTWARE\Microsoft\SystemCertificates\Disallowed\Certificates,,,,,,,,,,,,,,,,,,,,,,,,,,,,,,,,,,,,,-,C.4f04b5de911bf0cd,C.4f04b5de911bf0cd
1780488690102,,,,,,,,,,,2026-05-27 10:44:25.397," {f4ba3e13-c624-6a16-a200-000000002200}",4696,C:\Windows\sysmon64.exe,,,NT AUTHORITY\SYSTEM,,,,,,,,,,,,CreateKey,HKLM\SOFTWARE\Microsoft\SystemCertificates\Disallowed\CRLs,,,,,,,,,,,,,,,,,,,,,,,,,,,,,,,,,,,,,-,C.4f04b5de911bf0cd,C.4f04b5de911bf0cd
1780488690102,,,,,,,,,,,2026-05-27 10:44:25.397," {f4ba3e13-c624-6a16-a200-000000002200}",4696,C:\Windows\sysmon64.exe,,,NT AUTHORITY\SYSTEM,,,,,,,,,,,,CreateKey,HKLM\SOFTWARE\Microsoft\SystemCertificates\Disallowed\CTLs,,,,,,,,,,,,,,,,,,,,,,,,,,,,,,,,,,,,,-,C.4f04b5de911bf0cd,C.4f04b5de911bf0cd
1780488690102,,,,,,,,,,,2026-05-27 10:44:25.397," {f4ba3e13-c624-6a16-a200-000000002200}",4696,C:\Windows\sysmon64.exe,,,NT AUTHORITY\SYSTEM,,,,,,,,,,,,CreateKey,HKLM\SOFTWARE\Policies\Microsoft\SystemCertificates\Disallowed,,,,,,,,,,,,,,,,,,,,,,,,,,,,,,,,,,,,,-,C.4f04b5de911bf0cd,C.4f04b5de911bf0cd
1780488690102,,,,,,,,,,,2026-05-27 10:44:25.397," {f4ba3e13-c624-6a16-a200-000000002200}",4696,C:\Windows\sysmon64.exe,,,NT AUTHORITY\SYSTEM,,,,,,,,,,,,CreateKey,HKLM\SOFTWARE\Policies\Microsoft\SystemCertificates\Disallowed\Certificates,,,,,,,,,,,,,,,,,,,,,,,,,,,,,,,,,,,,,-,C.4f04b5de911bf0cd,C.4f04b5de911bf0cd
1780488690102,,,,,,,,,,,2026-05-27 10:44:25.397," {f4ba3e13-c624-6a16-a200-000000002200}",4696,C:\Windows\sysmon64.exe,,,NT AUTHORITY\SYSTEM,,,,,,,,,,,,CreateKey,HKLM\SOFTWARE\Policies\Microsoft\SystemCertificates\Disallowed\CRLs,,,,,,,,,,,,,,,,,,,,,,,,,,,,,,,,,,,,,-,C.4f04b5de911bf0cd,C.4f04b5de911bf0cd
1780488690102,,,,,,,,,,,2026-05-27 10:44:25.397," {f4ba3e13-c624-6a16-a200-000000002200}",4696,C:\Windows\sysmon64.exe,,,NT AUTHORITY\SYSTEM,,,,,,,,,,,,CreateKey,HKLM\SOFTWARE\Policies\Microsoft\SystemCertificates\Disallowed\CTLs,,,,,,,,,,,,,,,,,,,,,,,,,,,,,,,,,,,,,-,C.4f04b5de911bf0cd,C.4f04b5de911bf0cd
1780488690102,,,,,,,,,,,2026-05-27 10:44:25.397," {f4ba3e13-c624-6a16-a200-000000002200}",4696,C:\Windows\sysmon64.exe,,,NT AUTHORITY\SYSTEM,,,,,,,,,,,,CreateKey,HKLM\SOFTWARE\Microsoft\EnterpriseCertificates\Disallowed,,,,,,,,,,,,,,,,,,,,,,,,,,,,,,,,,,,,,-,C.4f04b5de911bf0cd,C.4f04b5de911bf0cd
1780488690102,,,,,,,,,,,2026-05-27 10:44:25.397," {f4ba3e13-c624-6a16-a200-000000002200}",4696,C:\Windows\sysmon64.exe,,,NT AUTHORITY\SYSTEM,,,,,,,,,,,,CreateKey,HKLM\SOFTWARE\Microsoft\EnterpriseCertificates\Disallowed,,,,,,,,,,,,,,,,,,,,,,,,,,,,,,,,,,,,,-,C.4f04b5de911bf0cd,C.4f04b5de911bf0cd
1780488690102,,,,,,,,,,,2026-05-27 10:44:25.397," {f4ba3e13-c624-6a16-a200-000000002200}",4696,C:\Windows\sysmon64.exe,,,NT AUTHORITY\SYSTEM,,,,,,,,,,,,CreateKey,HKLM\SOFTWARE\Microsoft\EnterpriseCertificates\Disallowed\Certificates,,,,,,,,,,,,,,,,,,,,,,,,,,,,,,,,,,,,,-,C.4f04b5de911bf0cd,C.4f04b5de911bf0cd
1780488690102,,,,,,,,,,,2026-05-27 10:44:25.397," {f4ba3e13-c624-6a16-a200-000000002200}",4696,C:\Windows\sysmon64.exe,,,NT AUTHORITY\SYSTEM,,,,,,,,,,,,CreateKey,HKLM\SOFTWARE\Microsoft\EnterpriseCertificates\Disallowed\CRLs,,,,,,,,,,,,,,,,,,,,,,,,,,,,,,,,,,,,,-,C.4f04b5de911bf0cd,C.4f04b5de911bf0cd
1780488690102,,,,,,,,,,,2026-05-27 10:44:25.397," {f4ba3e13-c624-6a16-a200-000000002200}",4696,C:\Windows\sysmon64.exe,,,NT AUTHORITY\SYSTEM,,,,,,,,,,,,CreateKey,HKLM\SOFTWARE\Microsoft\EnterpriseCertificates\Disallowed\CTLs,,,,,,,,,,,,,,,,,,,,,,,,,,,,,,,,,,,,,-,C.4f04b5de911bf0cd,C.4f04b5de911bf0cd
1780488690102,,,,,,,,,,,,,,,,,,,,,,,,,,,,,,,,,,,,,,,,,,,,,,,,,,,,,,,,,,,,,,,,,,,,C.4f04b5de911bf0cd,C.4f04b5de911bf0cd
1780488690102,,,,,,,,,,,,,,,,,,,,,,,,,,,,,,,,,,,,,,,,,,,,,,,,,,,,,,,,,,,,,,,,,,,,C.4f04b5de911bf0cd,C.4f04b5de911bf0cd
1780488690102,,,,,,,,,,,2026-05-27 10:44:25.432," {f4ba3e13-c624-6a16-a200-000000002200}",4696,C:\Windows\sysmon64.exe,,,NT AUTHORITY\SYSTEM,,,,,,,,,,,,CreateKey,HKU\.DEFAULT\Software\Microsoft\Windows\CurrentVersion\WinTrust\Trust Providers\Software Publishing,,,,,,,,,,,,,,,,,,,,,,,,,,,,,,,,,,,,,-,C.4f04b5de911bf0cd,C.4f04b5de911bf0cd
1780488690102,,,,,,,,,,,2026-05-27 10:44:25.432," {f4ba3e13-c624-6a16-a200-000000002200}",4696,C:\Windows\sysmon64.exe,,,NT AUTHORITY\SYSTEM,,,,,,,,,,,,CreateKey,HKU\.DEFAULT\Software\Microsoft\Windows\CurrentVersion\WinTrust\Trust Providers\Software Publishing,,,,,,,,,,,,,,,,,,,,,,,,,,,,,,,,,,,,,-,C.4f04b5de911bf0cd,C.4f04b5de911bf0cd
1780488690102,,,,,,,,,,,,,,,,,,,,,,,,,,,,,,,,,,,,,,,,,,,,,,,,,,,,,,,,,,,,,,,,,,,,C.4f04b5de911bf0cd,C.4f04b5de911bf0cd
1780488690102,,,,,,,,,,,,,,,,,,,,,,,,,,,,,,,,,,,,,,,,,,,,,,,,,,,,,,,,,,,,,,,,,,,,C.4f04b5de911bf0cd,C.4f04b5de911bf0cd
1780488690102,,,,,,,,,,,,,,,,,,,,,,,,,,,,,,,,,,,,,,,,,,,,,,,,,,,,,,,,,,,,,,,,,,,,C.4f04b5de911bf0cd,C.4f04b5de911bf0cd
1780488690102,,,,,,,,,,,,,,,,,,,,,,,,,,,,,,,,,,,,,,,,,,,,,,,,,,,,,,,,,,,,,,,,,,,,C.4f04b5de911bf0cd,C.4f04b5de911bf0cd
1780488690102,,,,,,,,,,,,,,,,,,,,,,,,,,,,,,,,,,,,,,,,,,,,,,,,,,,,,,,,,,,,,,,,,,,,C.4f04b5de911bf0cd,C.4f04b5de911bf0cd
1780488690102,,,,,,,,,,,,,,,,,,,,,,,,,,,,,,,,,,,,,,,,,,,,,,,,,,,,,,,,,,,,,,,,,,,,C.4f04b5de911bf0cd,C.4f04b5de911bf0cd
1780488690102,,,,,,,,,,,,,,,,,,,,,,,,,,,,,,,,,,,,,,,,,,,,,,,,,,,,,,,,,,,,,,,,,,,,C.4f04b5de911bf0cd,C.4f04b5de911bf0cd
1780488690102,,,,,,,,,,,,,,,,,,,,,,,,,,,,,,,,,,,,,,,,,,,,,,,,,,,,,,,,,,,,,,,,,,,,C.4f04b5de911bf0cd,C.4f04b5de911bf0cd
1780488690102,,,,,,,,,,,2026-05-27 10:44:25.446," {f4ba3e13-c4ad-6a16-3200-000000002200}",2788,C:\Program Files\Windows Defender\MsMpEng.exe,,,NT AUTHORITY\SYSTEM,,,,,,,,,,,,,,,,,,,,,,,,,,,,,,,,,,,,,,,,,,,,,,,,,,-,C.4f04b5de911bf0cd,C.4f04b5de911bf0cd
1780488690102,,,,,,,,,,,2026-05-27 10:44:25.450," {f4ba3e13-cb09-6a16-f900-000000002200}",1176,C:\Windows\System32\svchost.exe,C:\Windows\System32\svchost.exe -k swprv,C:\Windows\system32\,NT AUTHORITY\SYSTEM,"MD5=36F670D89040709013F6A460176767EC,SHA256=438B6CCD84F4DD32D9684ED7D58FD7D1E5A75FE3F3D12AB6C788E6BB0FFAD5E7,IMPHASH=2CED93915677390B76EE1916B92F3EF6"," {f4ba3e13-c48f-6a16-0a00-000000002200}"," 640",C:\Windows\System32\services.exe,C:\Windows\system32\services.exe,System,0x3E7," {f4ba3e13-c48f-6a16-e703-000000000000}"," 0",,,,,,,,,,,,,,,,,,,,,,,Microsoft Corporation,Microsoft® Windows® Operating System,Host Process for Windows Services,10.0.14393.0 (rs1_release.160715-1616),svchost.exe,,,,,,,,,,,,,,-,C.4f04b5de911bf0cd,C.4f04b5de911bf0cd
1780488690102,,,,,,,,,,,,,,,,,,,,,,,,,,,,,,,,,,,,,,,,,,,,,,,,,,,,,,,,,,,,,,,,,,,,C.4f04b5de911bf0cd,C.4f04b5de911bf0cd
1780488690102,,,,,,,,,,,,,,,,,,,,,,,,,,,,,,,,,,,,,,,,,,,,,,,,,,,,,,,,,,,,,,,,,,,,C.4f04b5de911bf0cd,C.4f04b5de911bf0cd
1780488690102,,,,,,,,,,,,,,,,,,,,,,,,,,,,,,,,,,,,,,,,,,,,,,,,,,,,,,,,,,,,,,,,,,,,C.4f04b5de911bf0cd,C.4f04b5de911bf0cd
1780488690102,,,,,,,,,,,,,,,,,,,,,,,,,,,,,,,,,,,,,,,,,,,,,,,,,,,,,,,,,,,,,,,,,,,,C.4f04b5de911bf0cd,C.4f04b5de911bf0cd
1780488690102,,,,,,,,,,,,,,,,,,,,,,,,,,,,,,,,,,,,,,,,,,,,,,,,,,,,,,,,,,,,,,,,,,,,C.4f04b5de911bf0cd,C.4f04b5de911bf0cd
1780488690102,,,,,,,,,,,,,,,,,,,,,,,,,,,,,,,,,,,,,,,,,,,,,,,,,,,,,,,,,,,,,,,,,,,,C.4f04b5de911bf0cd,C.4f04b5de911bf0cd
1780488690102,,,,,,,,,,,,,,,,,,,,,,,,,,,,,,,,,,,,,,,,,,,,,,,,,,,,,,,,,,,,,,,,,,,,C.4f04b5de911bf0cd,C.4f04b5de911bf0cd
1780488690102,,,,,,,,,,,,,,,,,,,,,,,,,,,,,,,,,,,,,,,,,,,,,,,,,,,,,,,,,,,,,,,,,,,,C.4f04b5de911bf0cd,C.4f04b5de911bf0cd
1780488690102,,,,,,,,,,,,,,,,,,,,,,,,,,,,,,,,,,,,,,,,,,,,,,,,,,,,,,,,,,,,,,,,,,,,C.4f04b5de911bf0cd,C.4f04b5de911bf0cd
1780488690102,,,,,,,,,,,2026-05-27 10:44:25.446," {f4ba3e13-c624-6a16-a200-000000002200}",4696,C:\Windows\sysmon64.exe,,,NT AUTHORITY\SYSTEM,,,,,,,,,,,,CreateKey,HKU\.DEFAULT\Software\Microsoft\Windows\CurrentVersion\WinTrust\Trust Providers\Software Publishing,,,,,,,,,,,,,,,,,,,,,,,,,,,,,,,,,,,,,-,C.4f04b5de911bf0cd,C.4f04b5de911bf0cd
1780488690102,,,,,,,,,,,2026-05-27 10:44:25.446," {f4ba3e13-c624-6a16-a200-000000002200}",4696,C:\Windows\sysmon64.exe,,,NT AUTHORITY\SYSTEM,,,,,,,,,,,,CreateKey,HKU\.DEFAULT\Software\Microsoft\SystemCertificates\Disallowed,,,,,,,,,,,,,,,,,,,,,,,,,,,,,,,,,,,,,-,C.4f04b5de911bf0cd,C.4f04b5de911bf0cd
1780488690102,,,,,,,,,,,2026-05-27 10:44:25.446," {f4ba3e13-c624-6a16-a200-000000002200}",4696,C:\Windows\sysmon64.exe,,,NT AUTHORITY\SYSTEM,,,,,,,,,,,,CreateKey,HKU\.DEFAULT\Software\Microsoft\SystemCertificates\Disallowed,,,,,,,,,,,,,,,,,,,,,,,,,,,,,,,,,,,,,-,C.4f04b5de911bf0cd,C.4f04b5de911bf0cd
1780488690102,,,,,,,,,,,2026-05-27 10:44:25.446," {f4ba3e13-c624-6a16-a200-000000002200}",4696,C:\Windows\sysmon64.exe,,,NT AUTHORITY\SYSTEM,,,,,,,,,,,,CreateKey,HKU\.DEFAULT\Software\Microsoft\SystemCertificates\Disallowed\Certificates,,,,,,,,,,,,,,,,,,,,,,,,,,,,,,,,,,,,,-,C.4f04b5de911bf0cd,C.4f04b5de911bf0cd
1780488690102,,,,,,,,,,,2026-05-27 10:44:25.446," {f4ba3e13-c624-6a16-a200-000000002200}",4696,C:\Windows\sysmon64.exe,,,NT AUTHORITY\SYSTEM,,,,,,,,,,,,CreateKey,HKU\.DEFAULT\Software\Microsoft\SystemCertificates\Disallowed\CRLs,,,,,,,,,,,,,,,,,,,,,,,,,,,,,,,,,,,,,-,C.4f04b5de911bf0cd,C.4f04b5de911bf0cd
1780488690102,,,,,,,,,,,2026-05-27 10:44:25.446," {f4ba3e13-c624-6a16-a200-000000002200}",4696,C:\Windows\sysmon64.exe,,,NT AUTHORITY\SYSTEM,,,,,,,,,,,,CreateKey,HKU\.DEFAULT\Software\Microsoft\SystemCertificates\Disallowed\CTLs,,,,,,,,,,,,,,,,,,,,,,,,,,,,,,,,,,,,,-,C.4f04b5de911bf0cd,C.4f04b5de911bf0cd
1780488690102,,,,,,,,,,,2026-05-27 10:44:25.446," {f4ba3e13-c624-6a16-a200-000000002200}",4696,C:\Windows\sysmon64.exe,,,NT AUTHORITY\SYSTEM,,,,,,,,,,,,CreateKey,HKU\.DEFAULT\Software\Policies\Microsoft\SystemCertificates\Disallowed,,,,,,,,,,,,,,,,,,,,,,,,,,,,,,,,,,,,,-,C.4f04b5de911bf0cd,C.4f04b5de911bf0cd
1780488690102,,,,,,,,,,,2026-05-27 10:44:25.446," {f4ba3e13-c624-6a16-a200-000000002200}",4696,C:\Windows\sysmon64.exe,,,NT AUTHORITY\SYSTEM,,,,,,,,,,,,CreateKey,HKU\.DEFAULT\Software\Policies\Microsoft\SystemCertificates\Disallowed\Certificates,,,,,,,,,,,,,,,,,,,,,,,,,,,,,,,,,,,,,-,C.4f04b5de911bf0cd,C.4f04b5de911bf0cd
1780488690102,,,,,,,,,,,2026-05-27 10:44:25.446," {f4ba3e13-c624-6a16-a200-000000002200}",4696,C:\Windows\sysmon64.exe,,,NT AUTHORITY\SYSTEM,,,,,,,,,,,,CreateKey,HKU\.DEFAULT\Software\Policies\Microsoft\SystemCertificates\Disallowed\CRLs,,,,,,,,,,,,,,,,,,,,,,,,,,,,,,,,,,,,,-,C.4f04b5de911bf0cd,C.4f04b5de911bf0cd
1780488690102,,,,,,,,,,,2026-05-27 10:44:25.446," {f4ba3e13-c624-6a16-a200-000000002200}",4696,C:\Windows\sysmon64.exe,,,NT AUTHORITY\SYSTEM,,,,,,,,,,,,CreateKey,HKU\.DEFAULT\Software\Policies\Microsoft\SystemCertificates\Disallowed\CTLs,,,,,,,,,,,,,,,,,,,,,,,,,,,,,,,,,,,,,-,C.4f04b5de911bf0cd,C.4f04b5de911bf0cd
1780488690102,,,,,,,,,,,2026-05-27 10:44:25.446," {f4ba3e13-c624-6a16-a200-000000002200}",4696,C:\Windows\sysmon64.exe,,,NT AUTHORITY\SYSTEM,,,,,,,,,,,,CreateKey,HKLM\SOFTWARE\Microsoft\SystemCertificates\Disallowed,,,,,,,,,,,,,,,,,,,,,,,,,,,,,,,,,,,,,-,C.4f04b5de911bf0cd,C.4f04b5de911bf0cd
1780488690102,,,,,,,,,,,2026-05-27 10:44:25.446," {f4ba3e13-c624-6a16-a200-000000002200}",4696,C:\Windows\sysmon64.exe,,,NT AUTHORITY\SYSTEM,,,,,,,,,,,,CreateKey,HKLM\SOFTWARE\Microsoft\SystemCertificates\Disallowed,,,,,,,,,,,,,,,,,,,,,,,,,,,,,,,,,,,,,-,C.4f04b5de911bf0cd,C.4f04b5de911bf0cd
1780488690102,,,,,,,,,,,2026-05-27 10:44:25.446," {f4ba3e13-c624-6a16-a200-000000002200}",4696,C:\Windows\sysmon64.exe,,,NT AUTHORITY\SYSTEM,,,,,,,,,,,,CreateKey,HKLM\SOFTWARE\Microsoft\SystemCertificates\Disallowed\Certificates,,,,,,,,,,,,,,,,,,,,,,,,,,,,,,,,,,,,,-,C.4f04b5de911bf0cd,C.4f04b5de911bf0cd
1780488690102,,,,,,,,,,,2026-05-27 10:44:25.446," {f4ba3e13-c624-6a16-a200-000000002200}",4696,C:\Windows\sysmon64.exe,,,NT AUTHORITY\SYSTEM,,,,,,,,,,,,CreateKey,HKLM\SOFTWARE\Microsoft\SystemCertificates\Disallowed\CRLs,,,,,,,,,,,,,,,,,,,,,,,,,,,,,,,,,,,,,-,C.4f04b5de911bf0cd,C.4f04b5de911bf0cd
1780488690102,,,,,,,,,,,2026-05-27 10:44:25.446," {f4ba3e13-c624-6a16-a200-000000002200}",4696,C:\Windows\sysmon64.exe,,,NT AUTHORITY\SYSTEM,,,,,,,,,,,,CreateKey,HKLM\SOFTWARE\Microsoft\SystemCertificates\Disallowed\CTLs,,,,,,,,,,,,,,,,,,,,,,,,,,,,,,,,,,,,,-,C.4f04b5de911bf0cd,C.4f04b5de911bf0cd
1780488690102,,,,,,,,,,,2026-05-27 10:44:25.446," {f4ba3e13-c624-6a16-a200-000000002200}",4696,C:\Windows\sysmon64.exe,,,NT AUTHORITY\SYSTEM,,,,,,,,,,,,CreateKey,HKLM\SOFTWARE\Policies\Microsoft\SystemCertificates\Disallowed,,,,,,,,,,,,,,,,,,,,,,,,,,,,,,,,,,,,,-,C.4f04b5de911bf0cd,C.4f04b5de911bf0cd
1780488690102,,,,,,,,,,,2026-05-27 10:44:25.446," {f4ba3e13-c624-6a16-a200-000000002200}",4696,C:\Windows\sysmon64.exe,,,NT AUTHORITY\SYSTEM,,,,,,,,,,,,CreateKey,HKLM\SOFTWARE\Policies\Microsoft\SystemCertificates\Disallowed\Certificates,,,,,,,,,,,,,,,,,,,,,,,,,,,,,,,,,,,,,-,C.4f04b5de911bf0cd,C.4f04b5de911bf0cd
1780488690102,,,,,,,,,,,2026-05-27 10:44:25.446," {f4ba3e13-c624-6a16-a200-000000002200}",4696,C:\Windows\sysmon64.exe,,,NT AUTHORITY\SYSTEM,,,,,,,,,,,,CreateKey,HKLM\SOFTWARE\Policies\Microsoft\SystemCertificates\Disallowed\CRLs,,,,,,,,,,,,,,,,,,,,,,,,,,,,,,,,,,,,,-,C.4f04b5de911bf0cd,C.4f04b5de911bf0cd
1780488690102,,,,,,,,,,,2026-05-27 10:44:25.446," {f4ba3e13-c624-6a16-a200-000000002200}",4696,C:\Windows\sysmon64.exe,,,NT AUTHORITY\SYSTEM,,,,,,,,,,,,CreateKey,HKLM\SOFTWARE\Policies\Microsoft\SystemCertificates\Disallowed\CTLs,,,,,,,,,,,,,,,,,,,,,,,,,,,,,,,,,,,,,-,C.4f04b5de911bf0cd,C.4f04b5de911bf0cd
1780488690102,,,,,,,,,,,2026-05-27 10:44:25.446," {f4ba3e13-c624-6a16-a200-000000002200}",4696,C:\Windows\sysmon64.exe,,,NT AUTHORITY\SYSTEM,,,,,,,,,,,,CreateKey,HKLM\SOFTWARE\Microsoft\EnterpriseCertificates\Disallowed,,,,,,,,,,,,,,,,,,,,,,,,,,,,,,,,,,,,,-,C.4f04b5de911bf0cd,C.4f04b5de911bf0cd
1780488690102,,,,,,,,,,,2026-05-27 10:44:25.446," {f4ba3e13-c624-6a16-a200-000000002200}",4696,C:\Windows\sysmon64.exe,,,NT AUTHORITY\SYSTEM,,,,,,,,,,,,CreateKey,HKLM\SOFTWARE\Microsoft\EnterpriseCertificates\Disallowed,,,,,,,,,,,,,,,,,,,,,,,,,,,,,,,,,,,,,-,C.4f04b5de911bf0cd,C.4f04b5de911bf0cd
1780488690102,,,,,,,,,,,2026-05-27 10:44:25.446," {f4ba3e13-c624-6a16-a200-000000002200}",4696,C:\Windows\sysmon64.exe,,,NT AUTHORITY\SYSTEM,,,,,,,,,,,,CreateKey,HKLM\SOFTWARE\Microsoft\EnterpriseCertificates\Disallowed\Certificates,,,,,,,,,,,,,,,,,,,,,,,,,,,,,,,,,,,,,-,C.4f04b5de911bf0cd,C.4f04b5de911bf0cd
1780488690102,,,,,,,,,,,2026-05-27 10:44:25.446," {f4ba3e13-c624-6a16-a200-000000002200}",4696,C:\Windows\sysmon64.exe,,,NT AUTHORITY\SYSTEM,,,,,,,,,,,,CreateKey,HKLM\SOFTWARE\Microsoft\EnterpriseCertificates\Disallowed\CRLs,,,,,,,,,,,,,,,,,,,,,,,,,,,,,,,,,,,,,-,C.4f04b5de911bf0cd,C.4f04b5de911bf0cd
1780488690102,,,,,,,,,,,2026-05-27 10:44:25.446," {f4ba3e13-c624-6a16-a200-000000002200}",4696,C:\Windows\sysmon64.exe,,,NT AUTHORITY\SYSTEM,,,,,,,,,,,,CreateKey,HKLM\SOFTWARE\Microsoft\EnterpriseCertificates\Disallowed\CTLs,,,,,,,,,,,,,,,,,,,,,,,,,,,,,,,,,,,,,-,C.4f04b5de911bf0cd,C.4f04b5de911bf0cd
1780488690102,,,,,,,,,,,,,,,,,,,,,,,,,,,,,,,,,,,,,,,,,,,,,,,,,,,,,,,,,,,,,,,,,,,,C.4f04b5de911bf0cd,C.4f04b5de911bf0cd
1780488690102,,,,,,,,,,,2026-05-27 10:44:25.462," {f4ba3e13-c624-6a16-a200-000000002200}",4696,C:\Windows\sysmon64.exe,,,NT AUTHORITY\SYSTEM,,,,,,,,,,,,CreateKey,HKU\.DEFAULT\Software\Microsoft\Windows\CurrentVersion\WinTrust\Trust Providers\Software Publishing,,,,,,,,,,,,,,,,,,,,,,,,,,,,,,,,,,,,,-,C.4f04b5de911bf0cd,C.4f04b5de911bf0cd
1780488690102,,,,,,,,,,,2026-05-27 10:44:25.462," {f4ba3e13-c624-6a16-a200-000000002200}",4696,C:\Windows\sysmon64.exe,,,NT AUTHORITY\SYSTEM,,,,,,,,,,,,CreateKey,HKU\.DEFAULT\Software\Microsoft\SystemCertificates\Disallowed,,,,,,,,,,,,,,,,,,,,,,,,,,,,,,,,,,,,,-,C.4f04b5de911bf0cd,C.4f04b5de911bf0cd
1780488690102,,,,,,,,,,,2026-05-27 10:44:25.462," {f4ba3e13-c624-6a16-a200-000000002200}",4696,C:\Windows\sysmon64.exe,,,NT AUTHORITY\SYSTEM,,,,,,,,,,,,CreateKey,HKU\.DEFAULT\Software\Microsoft\SystemCertificates\Disallowed,,,,,,,,,,,,,,,,,,,,,,,,,,,,,,,,,,,,,-,C.4f04b5de911bf0cd,C.4f04b5de911bf0cd
1780488690102,,,,,,,,,,,2026-05-27 10:44:25.462," {f4ba3e13-c624-6a16-a200-000000002200}",4696,C:\Windows\sysmon64.exe,,,NT AUTHORITY\SYSTEM,,,,,,,,,,,,CreateKey,HKU\.DEFAULT\Software\Microsoft\SystemCertificates\Disallowed\Certificates,,,,,,,,,,,,,,,,,,,,,,,,,,,,,,,,,,,,,-,C.4f04b5de911bf0cd,C.4f04b5de911bf0cd
1780488690102,,,,,,,,,,,2026-05-27 10:44:25.462," {f4ba3e13-c624-6a16-a200-000000002200}",4696,C:\Windows\sysmon64.exe,,,NT AUTHORITY\SYSTEM,,,,,,,,,,,,CreateKey,HKU\.DEFAULT\Software\Microsoft\SystemCertificates\Disallowed\CRLs,,,,,,,,,,,,,,,,,,,,,,,,,,,,,,,,,,,,,-,C.4f04b5de911bf0cd,C.4f04b5de911bf0cd
1780488690102,,,,,,,,,,,2026-05-27 10:44:25.462," {f4ba3e13-c624-6a16-a200-000000002200}",4696,C:\Windows\sysmon64.exe,,,NT AUTHORITY\SYSTEM,,,,,,,,,,,,CreateKey,HKU\.DEFAULT\Software\Microsoft\SystemCertificates\Disallowed\CTLs,,,,,,,,,,,,,,,,,,,,,,,,,,,,,,,,,,,,,-,C.4f04b5de911bf0cd,C.4f04b5de911bf0cd
1780488690102,,,,,,,,,,,2026-05-27 10:44:25.462," {f4ba3e13-c624-6a16-a200-000000002200}",4696,C:\Windows\sysmon64.exe,,,NT AUTHORITY\SYSTEM,,,,,,,,,,,,CreateKey,HKU\.DEFAULT\Software\Policies\Microsoft\SystemCertificates\Disallowed,,,,,,,,,,,,,,,,,,,,,,,,,,,,,,,,,,,,,-,C.4f04b5de911bf0cd,C.4f04b5de911bf0cd
1780488690102,,,,,,,,,,,2026-05-27 10:44:25.462," {f4ba3e13-c624-6a16-a200-000000002200}",4696,C:\Windows\sysmon64.exe,,,NT AUTHORITY\SYSTEM,,,,,,,,,,,,CreateKey,HKU\.DEFAULT\Software\Policies\Microsoft\SystemCertificates\Disallowed\Certificates,,,,,,,,,,,,,,,,,,,,,,,,,,,,,,,,,,,,,-,C.4f04b5de911bf0cd,C.4f04b5de911bf0cd
1780488690102,,,,,,,,,,,2026-05-27 10:44:25.462," {f4ba3e13-c624-6a16-a200-000000002200}",4696,C:\Windows\sysmon64.exe,,,NT AUTHORITY\SYSTEM,,,,,,,,,,,,CreateKey,HKU\.DEFAULT\Software\Policies\Microsoft\SystemCertificates\Disallowed\CRLs,,,,,,,,,,,,,,,,,,,,,,,,,,,,,,,,,,,,,-,C.4f04b5de911bf0cd,C.4f04b5de911bf0cd
1780488690102,,,,,,,,,,,2026-05-27 10:44:25.462," {f4ba3e13-c624-6a16-a200-000000002200}",4696,C:\Windows\sysmon64.exe,,,NT AUTHORITY\SYSTEM,,,,,,,,,,,,CreateKey,HKU\.DEFAULT\Software\Policies\Microsoft\SystemCertificates\Disallowed\CTLs,,,,,,,,,,,,,,,,,,,,,,,,,,,,,,,,,,,,,-,C.4f04b5de911bf0cd,C.4f04b5de911bf0cd
1780488690102,,,,,,,,,,,2026-05-27 10:44:25.462," {f4ba3e13-c624-6a16-a200-000000002200}",4696,C:\Windows\sysmon64.exe,,,NT AUTHORITY\SYSTEM,,,,,,,,,,,,CreateKey,HKLM\SOFTWARE\Microsoft\SystemCertificates\Disallowed,,,,,,,,,,,,,,,,,,,,,,,,,,,,,,,,,,,,,-,C.4f04b5de911bf0cd,C.4f04b5de911bf0cd
1780488690102,,,,,,,,,,,2026-05-27 10:44:25.462," {f4ba3e13-c624-6a16-a200-000000002200}",4696,C:\Windows\sysmon64.exe,,,NT AUTHORITY\SYSTEM,,,,,,,,,,,,CreateKey,HKLM\SOFTWARE\Microsoft\SystemCertificates\Disallowed,,,,,,,,,,,,,,,,,,,,,,,,,,,,,,,,,,,,,-,C.4f04b5de911bf0cd,C.4f04b5de911bf0cd
1780488690102,,,,,,,,,,,2026-05-27 10:44:25.462," {f4ba3e13-c624-6a16-a200-000000002200}",4696,C:\Windows\sysmon64.exe,,,NT AUTHORITY\SYSTEM,,,,,,,,,,,,CreateKey,HKLM\SOFTWARE\Microsoft\SystemCertificates\Disallowed\Certificates,,,,,,,,,,,,,,,,,,,,,,,,,,,,,,,,,,,,,-,C.4f04b5de911bf0cd,C.4f04b5de911bf0cd
1780488690102,,,,,,,,,,,2026-05-27 10:44:25.462," {f4ba3e13-c624-6a16-a200-000000002200}",4696,C:\Windows\sysmon64.exe,,,NT AUTHORITY\SYSTEM,,,,,,,,,,,,CreateKey,HKLM\SOFTWARE\Microsoft\SystemCertificates\Disallowed\CRLs,,,,,,,,,,,,,,,,,,,,,,,,,,,,,,,,,,,,,-,C.4f04b5de911bf0cd,C.4f04b5de911bf0cd
1780488690102,,,,,,,,,,,2026-05-27 10:44:25.462," {f4ba3e13-c624-6a16-a200-000000002200}",4696,C:\Windows\sysmon64.exe,,,NT AUTHORITY\SYSTEM,,,,,,,,,,,,CreateKey,HKLM\SOFTWARE\Microsoft\SystemCertificates\Disallowed\CTLs,,,,,,,,,,,,,,,,,,,,,,,,,,,,,,,,,,,,,-,C.4f04b5de911bf0cd,C.4f04b5de911bf0cd
1780488690102,,,,,,,,,,,2026-05-27 10:44:25.462," {f4ba3e13-c624-6a16-a200-000000002200}",4696,C:\Windows\sysmon64.exe,,,NT AUTHORITY\SYSTEM,,,,,,,,,,,,CreateKey,HKLM\SOFTWARE\Policies\Microsoft\SystemCertificates\Disallowed,,,,,,,,,,,,,,,,,,,,,,,,,,,,,,,,,,,,,-,C.4f04b5de911bf0cd,C.4f04b5de911bf0cd
1780488690102,,,,,,,,,,,2026-05-27 10:44:25.462," {f4ba3e13-c624-6a16-a200-000000002200}",4696,C:\Windows\sysmon64.exe,,,NT AUTHORITY\SYSTEM,,,,,,,,,,,,CreateKey,HKLM\SOFTWARE\Policies\Microsoft\SystemCertificates\Disallowed\Certificates,,,,,,,,,,,,,,,,,,,,,,,,,,,,,,,,,,,,,-,C.4f04b5de911bf0cd,C.4f04b5de911bf0cd
1780488690102,,,,,,,,,,,2026-05-27 10:44:25.462," {f4ba3e13-c624-6a16-a200-000000002200}",4696,C:\Windows\sysmon64.exe,,,NT AUTHORITY\SYSTEM,,,,,,,,,,,,CreateKey,HKLM\SOFTWARE\Policies\Microsoft\SystemCertificates\Disallowed\CRLs,,,,,,,,,,,,,,,,,,,,,,,,,,,,,,,,,,,,,-,C.4f04b5de911bf0cd,C.4f04b5de911bf0cd
1780488690102,,,,,,,,,,,2026-05-27 10:44:25.462," {f4ba3e13-c624-6a16-a200-000000002200}",4696,C:\Windows\sysmon64.exe,,,NT AUTHORITY\SYSTEM,,,,,,,,,,,,CreateKey,HKLM\SOFTWARE\Policies\Microsoft\SystemCertificates\Disallowed\CTLs,,,,,,,,,,,,,,,,,,,,,,,,,,,,,,,,,,,,,-,C.4f04b5de911bf0cd,C.4f04b5de911bf0cd
1780488690102,,,,,,,,,,,2026-05-27 10:44:25.462," {f4ba3e13-c624-6a16-a200-000000002200}",4696,C:\Windows\sysmon64.exe,,,NT AUTHORITY\SYSTEM,,,,,,,,,,,,CreateKey,HKLM\SOFTWARE\Microsoft\EnterpriseCertificates\Disallowed,,,,,,,,,,,,,,,,,,,,,,,,,,,,,,,,,,,,,-,C.4f04b5de911bf0cd,C.4f04b5de911bf0cd
1780488690102,,,,,,,,,,,2026-05-27 10:44:25.462," {f4ba3e13-c624-6a16-a200-000000002200}",4696,C:\Windows\sysmon64.exe,,,NT AUTHORITY\SYSTEM,,,,,,,,,,,,CreateKey,HKLM\SOFTWARE\Microsoft\EnterpriseCertificates\Disallowed,,,,,,,,,,,,,,,,,,,,,,,,,,,,,,,,,,,,,-,C.4f04b5de911bf0cd,C.4f04b5de911bf0cd
1780488690102,,,,,,,,,,,2026-05-27 10:44:25.462," {f4ba3e13-c624-6a16-a200-000000002200}",4696,C:\Windows\sysmon64.exe,,,NT AUTHORITY\SYSTEM,,,,,,,,,,,,CreateKey,HKLM\SOFTWARE\Microsoft\EnterpriseCertificates\Disallowed\Certificates,,,,,,,,,,,,,,,,,,,,,,,,,,,,,,,,,,,,,-,C.4f04b5de911bf0cd,C.4f04b5de911bf0cd
1780488690102,,,,,,,,,,,2026-05-27 10:44:25.462," {f4ba3e13-c624-6a16-a200-000000002200}",4696,C:\Windows\sysmon64.exe,,,NT AUTHORITY\SYSTEM,,,,,,,,,,,,CreateKey,HKLM\SOFTWARE\Microsoft\EnterpriseCertificates\Disallowed\CRLs,,,,,,,,,,,,,,,,,,,,,,,,,,,,,,,,,,,,,-,C.4f04b5de911bf0cd,C.4f04b5de911bf0cd
1780488690102,,,,,,,,,,,2026-05-27 10:44:25.462," {f4ba3e13-c624-6a16-a200-000000002200}",4696,C:\Windows\sysmon64.exe,,,NT AUTHORITY\SYSTEM,,,,,,,,,,,,CreateKey,HKLM\SOFTWARE\Microsoft\EnterpriseCertificates\Disallowed\CTLs,,,,,,,,,,,,,,,,,,,,,,,,,,,,,,,,,,,,,-,C.4f04b5de911bf0cd,C.4f04b5de911bf0cd
1780488690102,,,,,,,,,,,,,,,,,,,,,,,,,,,,,,,,,,,,,,,,,,,,,,,,,,,,,,,,,,,,,,,,,,,,C.4f04b5de911bf0cd,C.4f04b5de911bf0cd
1780488690102,,,,,,,,,,,2026-05-27 10:44:25.462," {f4ba3e13-c624-6a16-a200-000000002200}",4696,C:\Windows\sysmon64.exe,,,NT AUTHORITY\SYSTEM,,,,,,,,,,,,CreateKey,HKU\.DEFAULT\Software\Microsoft\Windows\CurrentVersion\WinTrust\Trust Providers\Software Publishing,,,,,,,,,,,,,,,,,,,,,,,,,,,,,,,,,,,,,-,C.4f04b5de911bf0cd,C.4f04b5de911bf0cd
1780488690102,,,,,,,,,,,2026-05-27 10:44:25.462," {f4ba3e13-c624-6a16-a200-000000002200}",4696,C:\Windows\sysmon64.exe,,,NT AUTHORITY\SYSTEM,,,,,,,,,,,,CreateKey,HKU\.DEFAULT\Software\Microsoft\SystemCertificates\Disallowed,,,,,,,,,,,,,,,,,,,,,,,,,,,,,,,,,,,,,-,C.4f04b5de911bf0cd,C.4f04b5de911bf0cd
1780488690102,,,,,,,,,,,2026-05-27 10:44:25.462," {f4ba3e13-c624-6a16-a200-000000002200}",4696,C:\Windows\sysmon64.exe,,,NT AUTHORITY\SYSTEM,,,,,,,,,,,,CreateKey,HKU\.DEFAULT\Software\Microsoft\SystemCertificates\Disallowed,,,,,,,,,,,,,,,,,,,,,,,,,,,,,,,,,,,,,-,C.4f04b5de911bf0cd,C.4f04b5de911bf0cd
1780488690102,,,,,,,,,,,2026-05-27 10:44:25.462," {f4ba3e13-c624-6a16-a200-000000002200}",4696,C:\Windows\sysmon64.exe,,,NT AUTHORITY\SYSTEM,,,,,,,,,,,,CreateKey,HKU\.DEFAULT\Software\Microsoft\SystemCertificates\Disallowed\Certificates,,,,,,,,,,,,,,,,,,,,,,,,,,,,,,,,,,,,,-,C.4f04b5de911bf0cd,C.4f04b5de911bf0cd
1780488690102,,,,,,,,,,,2026-05-27 10:44:25.462," {f4ba3e13-c624-6a16-a200-000000002200}",4696,C:\Windows\sysmon64.exe,,,NT AUTHORITY\SYSTEM,,,,,,,,,,,,CreateKey,HKU\.DEFAULT\Software\Microsoft\SystemCertificates\Disallowed\CRLs,,,,,,,,,,,,,,,,,,,,,,,,,,,,,,,,,,,,,-,C.4f04b5de911bf0cd,C.4f04b5de911bf0cd
1780488690102,,,,,,,,,,,2026-05-27 10:44:25.462," {f4ba3e13-c624-6a16-a200-000000002200}",4696,C:\Windows\sysmon64.exe,,,NT AUTHORITY\SYSTEM,,,,,,,,,,,,CreateKey,HKU\.DEFAULT\Software\Microsoft\SystemCertificates\Disallowed\CTLs,,,,,,,,,,,,,,,,,,,,,,,,,,,,,,,,,,,,,-,C.4f04b5de911bf0cd,C.4f04b5de911bf0cd
1780488690102,,,,,,,,,,,2026-05-27 10:44:25.462," {f4ba3e13-c624-6a16-a200-000000002200}",4696,C:\Windows\sysmon64.exe,,,NT AUTHORITY\SYSTEM,,,,,,,,,,,,CreateKey,HKU\.DEFAULT\Software\Policies\Microsoft\SystemCertificates\Disallowed,,,,,,,,,,,,,,,,,,,,,,,,,,,,,,,,,,,,,-,C.4f04b5de911bf0cd,C.4f04b5de911bf0cd
1780488690102,,,,,,,,,,,2026-05-27 10:44:25.462," {f4ba3e13-c624-6a16-a200-000000002200}",4696,C:\Windows\sysmon64.exe,,,NT AUTHORITY\SYSTEM,,,,,,,,,,,,CreateKey,HKU\.DEFAULT\Software\Policies\Microsoft\SystemCertificates\Disallowed\Certificates,,,,,,,,,,,,,,,,,,,,,,,,,,,,,,,,,,,,,-,C.4f04b5de911bf0cd,C.4f04b5de911bf0cd
1780488690102,,,,,,,,,,,2026-05-27 10:44:25.462," {f4ba3e13-c624-6a16-a200-000000002200}",4696,C:\Windows\sysmon64.exe,,,NT AUTHORITY\SYSTEM,,,,,,,,,,,,CreateKey,HKU\.DEFAULT\Software\Policies\Microsoft\SystemCertificates\Disallowed\CRLs,,,,,,,,,,,,,,,,,,,,,,,,,,,,,,,,,,,,,-,C.4f04b5de911bf0cd,C.4f04b5de911bf0cd
1780488690102,,,,,,,,,,,2026-05-27 10:44:25.462," {f4ba3e13-c624-6a16-a200-000000002200}",4696,C:\Windows\sysmon64.exe,,,NT AUTHORITY\SYSTEM,,,,,,,,,,,,CreateKey,HKU\.DEFAULT\Software\Policies\Microsoft\SystemCertificates\Disallowed\CTLs,,,,,,,,,,,,,,,,,,,,,,,,,,,,,,,,,,,,,-,C.4f04b5de911bf0cd,C.4f04b5de911bf0cd
1780488690102,,,,,,,,,,,2026-05-27 10:44:25.462," {f4ba3e13-c624-6a16-a200-000000002200}",4696,C:\Windows\sysmon64.exe,,,NT AUTHORITY\SYSTEM,,,,,,,,,,,,CreateKey,HKLM\SOFTWARE\Microsoft\SystemCertificates\Disallowed,,,,,,,,,,,,,,,,,,,,,,,,,,,,,,,,,,,,,-,C.4f04b5de911bf0cd,C.4f04b5de911bf0cd
1780488690102,,,,,,,,,,,2026-05-27 10:44:25.462," {f4ba3e13-c624-6a16-a200-000000002200}",4696,C:\Windows\sysmon64.exe,,,NT AUTHORITY\SYSTEM,,,,,,,,,,,,CreateKey,HKLM\SOFTWARE\Microsoft\SystemCertificates\Disallowed,,,,,,,,,,,,,,,,,,,,,,,,,,,,,,,,,,,,,-,C.4f04b5de911bf0cd,C.4f04b5de911bf0cd
1780488690102,,,,,,,,,,,2026-05-27 10:44:25.462," {f4ba3e13-c624-6a16-a200-000000002200}",4696,C:\Windows\sysmon64.exe,,,NT AUTHORITY\SYSTEM,,,,,,,,,,,,CreateKey,HKLM\SOFTWARE\Microsoft\SystemCertificates\Disallowed\Certificates,,,,,,,,,,,,,,,,,,,,,,,,,,,,,,,,,,,,,-,C.4f04b5de911bf0cd,C.4f04b5de911bf0cd
1780488690102,,,,,,,,,,,2026-05-27 10:44:25.462," {f4ba3e13-c624-6a16-a200-000000002200}",4696,C:\Windows\sysmon64.exe,,,NT AUTHORITY\SYSTEM,,,,,,,,,,,,CreateKey,HKLM\SOFTWARE\Microsoft\SystemCertificates\Disallowed\CRLs,,,,,,,,,,,,,,,,,,,,,,,,,,,,,,,,,,,,,-,C.4f04b5de911bf0cd,C.4f04b5de911bf0cd
1780488690102,,,,,,,,,,,2026-05-27 10:44:25.462," {f4ba3e13-c624-6a16-a200-000000002200}",4696,C:\Windows\sysmon64.exe,,,NT AUTHORITY\SYSTEM,,,,,,,,,,,,CreateKey,HKLM\SOFTWARE\Microsoft\SystemCertificates\Disallowed\CTLs,,,,,,,,,,,,,,,,,,,,,,,,,,,,,,,,,,,,,-,C.4f04b5de911bf0cd,C.4f04b5de911bf0cd
1780488690102,,,,,,,,,,,2026-05-27 10:44:25.462," {f4ba3e13-c624-6a16-a200-000000002200}",4696,C:\Windows\sysmon64.exe,,,NT AUTHORITY\SYSTEM,,,,,,,,,,,,CreateKey,HKLM\SOFTWARE\Policies\Microsoft\SystemCertificates\Disallowed,,,,,,,,,,,,,,,,,,,,,,,,,,,,,,,,,,,,,-,C.4f04b5de911bf0cd,C.4f04b5de911bf0cd
1780488690102,,,,,,,,,,,2026-05-27 10:44:25.462," {f4ba3e13-c624-6a16-a200-000000002200}",4696,C:\Windows\sysmon64.exe,,,NT AUTHORITY\SYSTEM,,,,,,,,,,,,CreateKey,HKLM\SOFTWARE\Policies\Microsoft\SystemCertificates\Disallowed\Certificates,,,,,,,,,,,,,,,,,,,,,,,,,,,,,,,,,,,,,-,C.4f04b5de911bf0cd,C.4f04b5de911bf0cd
1780488690102,,,,,,,,,,,2026-05-27 10:44:25.462," {f4ba3e13-c624-6a16-a200-000000002200}",4696,C:\Windows\sysmon64.exe,,,NT AUTHORITY\SYSTEM,,,,,,,,,,,,CreateKey,HKLM\SOFTWARE\Policies\Microsoft\SystemCertificates\Disallowed\CRLs,,,,,,,,,,,,,,,,,,,,,,,,,,,,,,,,,,,,,-,C.4f04b5de911bf0cd,C.4f04b5de911bf0cd
1780488690102,,,,,,,,,,,2026-05-27 10:44:25.462," {f4ba3e13-c624-6a16-a200-000000002200}",4696,C:\Windows\sysmon64.exe,,,NT AUTHORITY\SYSTEM,,,,,,,,,,,,CreateKey,HKLM\SOFTWARE\Policies\Microsoft\SystemCertificates\Disallowed\CTLs,,,,,,,,,,,,,,,,,,,,,,,,,,,,,,,,,,,,,-,C.4f04b5de911bf0cd,C.4f04b5de911bf0cd
1780488690102,,,,,,,,,,,2026-05-27 10:44:25.462," {f4ba3e13-c624-6a16-a200-000000002200}",4696,C:\Windows\sysmon64.exe,,,NT AUTHORITY\SYSTEM,,,,,,,,,,,,CreateKey,HKLM\SOFTWARE\Microsoft\EnterpriseCertificates\Disallowed,,,,,,,,,,,,,,,,,,,,,,,,,,,,,,,,,,,,,-,C.4f04b5de911bf0cd,C.4f04b5de911bf0cd
1780488690102,,,,,,,,,,,2026-05-27 10:44:25.462," {f4ba3e13-c624-6a16-a200-000000002200}",4696,C:\Windows\sysmon64.exe,,,NT AUTHORITY\SYSTEM,,,,,,,,,,,,CreateKey,HKLM\SOFTWARE\Microsoft\EnterpriseCertificates\Disallowed,,,,,,,,,,,,,,,,,,,,,,,,,,,,,,,,,,,,,-,C.4f04b5de911bf0cd,C.4f04b5de911bf0cd
1780488690102,,,,,,,,,,,2026-05-27 10:44:25.462," {f4ba3e13-c624-6a16-a200-000000002200}",4696,C:\Windows\sysmon64.exe,,,NT AUTHORITY\SYSTEM,,,,,,,,,,,,CreateKey,HKLM\SOFTWARE\Microsoft\EnterpriseCertificates\Disallowed\Certificates,,,,,,,,,,,,,,,,,,,,,,,,,,,,,,,,,,,,,-,C.4f04b5de911bf0cd,C.4f04b5de911bf0cd
1780488690102,,,,,,,,,,,2026-05-27 10:44:25.462," {f4ba3e13-c624-6a16-a200-000000002200}",4696,C:\Windows\sysmon64.exe,,,NT AUTHORITY\SYSTEM,,,,,,,,,,,,CreateKey,HKLM\SOFTWARE\Microsoft\EnterpriseCertificates\Disallowed\CRLs,,,,,,,,,,,,,,,,,,,,,,,,,,,,,,,,,,,,,-,C.4f04b5de911bf0cd,C.4f04b5de911bf0cd
1780488690102,,,,,,,,,,,2026-05-27 10:44:25.462," {f4ba3e13-c624-6a16-a200-000000002200}",4696,C:\Windows\sysmon64.exe,,,NT AUTHORITY\SYSTEM,,,,,,,,,,,,CreateKey,HKLM\SOFTWARE\Microsoft\EnterpriseCertificates\Disallowed\CTLs,,,,,,,,,,,,,,,,,,,,,,,,,,,,,,,,,,,,,-,C.4f04b5de911bf0cd,C.4f04b5de911bf0cd
1780488690102,,,,,,,,,,,,,,,,,,,,,,,,,,,,,,,,,,,,,,,,,,,,,,,,,,,,,,,,,,,,,,,,,,,,C.4f04b5de911bf0cd,C.4f04b5de911bf0cd
1780488690102,,,,,,,,,,,2026-05-27 10:44:25.478," {f4ba3e13-c624-6a16-a200-000000002200}",4696,C:\Windows\sysmon64.exe,,,NT AUTHORITY\SYSTEM,,,,,,,,,,,,CreateKey,HKU\.DEFAULT\Software\Microsoft\Windows\CurrentVersion\WinTrust\Trust Providers\Software Publishing,,,,,,,,,,,,,,,,,,,,,,,,,,,,,,,,,,,,,-,C.4f04b5de911bf0cd,C.4f04b5de911bf0cd
1780488690102,,,,,,,,,,,2026-05-27 10:44:25.478," {f4ba3e13-c624-6a16-a200-000000002200}",4696,C:\Windows\sysmon64.exe,,,NT AUTHORITY\SYSTEM,,,,,,,,,,,,CreateKey,HKU\.DEFAULT\Software\Microsoft\Windows\CurrentVersion\WinTrust\Trust Providers\Software Publishing,,,,,,,,,,,,,,,,,,,,,,,,,,,,,,,,,,,,,-,C.4f04b5de911bf0cd,C.4f04b5de911bf0cd
1780488690102,,,,,,,,,,,,,,,,,,,,,,,,,,,,,,,,,,,,,,,,,,,,,,,,,,,,,,,,,,,,,,,,,,,,C.4f04b5de911bf0cd,C.4f04b5de911bf0cd
1780488690102,,,,,,,,,,,,,,,,,,,,,,,,,,,,,,,,,,,,,,,,,,,,,,,,,,,,,,,,,,,,,,,,,,,,C.4f04b5de911bf0cd,C.4f04b5de911bf0cd
1780488690102,,,,,,,,,,,,,,,,,,,,,,,,,,,,,,,,,,,,,,,,,,,,,,,,,,,,,,,,,,,,,,,,,,,,C.4f04b5de911bf0cd,C.4f04b5de911bf0cd
1780488690102,,,,,,,,,,,,,,,,,,,,,,,,,,,,,,,,,,,,,,,,,,,,,,,,,,,,,,,,,,,,,,,,,,,,C.4f04b5de911bf0cd,C.4f04b5de911bf0cd
1780488690102,,,,,,,,,,,,,,,,,,,,,,,,,,,,,,,,,,,,,,,,,,,,,,,,,,,,,,,,,,,,,,,,,,,,C.4f04b5de911bf0cd,C.4f04b5de911bf0cd
1780488690102,,,,,,,,,,,,,,,,,,,,,,,,,,,,,,,,,,,,,,,,,,,,,,,,,,,,,,,,,,,,,,,,,,,,C.4f04b5de911bf0cd,C.4f04b5de911bf0cd
1780488690102,,,,,,,,,,,,,,,,,,,,,,,,,,,,,,,,,,,,,,,,,,,,,,,,,,,,,,,,,,,,,,,,,,,,C.4f04b5de911bf0cd,C.4f04b5de911bf0cd
1780488690102,,,,,,,,,,,,,,,,,,,,,,,,,,,,,,,,,,,,,,,,,,,,,,,,,,,,,,,,,,,,,,,,,,,,C.4f04b5de911bf0cd,C.4f04b5de911bf0cd
1780488690102,,,,,,,,,,,,,,,,,,,,,,,,,,,,,,,,,,,,,,,,,,,,,,,,,,,,,,,,,,,,,,,,,,,,C.4f04b5de911bf0cd,C.4f04b5de911bf0cd
1780488690102,,,,,,,,,,,,,,,,,,,,,,,,,,,,,,,,,,,,,,,,,,,,,,,,,,,,,,,,,,,,,,,,,,,,C.4f04b5de911bf0cd,C.4f04b5de911bf0cd
1780488690102,,,,,,,,,,,,,,,,,,,,,,,,,,,,,,,,,,,,,,,,,,,,,,,,,,,,,,,,,,,,,,,,,,,,C.4f04b5de911bf0cd,C.4f04b5de911bf0cd
1780488690102,,,,,,,,,,,,,,,,,,,,,,,,,,,,,,,,,,,,,,,,,,,,,,,,,,,,,,,,,,,,,,,,,,,,C.4f04b5de911bf0cd,C.4f04b5de911bf0cd
1780488690102,,,,,,,,,,,,,,,,,,,,,,,,,,,,,,,,,,,,,,,,,,,,,,,,,,,,,,,,,,,,,,,,,,,,C.4f04b5de911bf0cd,C.4f04b5de911bf0cd
1780488690102,,,,,,,,,,,,,,,,,,,,,,,,,,,,,,,,,,,,,,,,,,,,,,,,,,,,,,,,,,,,,,,,,,,,C.4f04b5de911bf0cd,C.4f04b5de911bf0cd
1780488690102,,,,,,,,,,,,,,,,,,,,,,,,,,,,,,,,,,,,,,,,,,,,,,,,,,,,,,,,,,,,,,,,,,,,C.4f04b5de911bf0cd,C.4f04b5de911bf0cd
1780488690102,,,,,,,,,,,,,,,,,,,,,,,,,,,,,,,,,,,,,,,,,,,,,,,,,,,,,,,,,,,,,,,,,,,,C.4f04b5de911bf0cd,C.4f04b5de911bf0cd
1780488690102,,,,,,,,,,,,,,,,,,,,,,,,,,,,,,,,,,,,,,,,,,,,,,,,,,,,,,,,,,,,,,,,,,,,C.4f04b5de911bf0cd,C.4f04b5de911bf0cd
1780488690102,,,,,,,,,,,,,,,,,,,,,,,,,,,,,,,,,,,,,,,,,,,,,,,,,,,,,,,,,,,,,,,,,,,,C.4f04b5de911bf0cd,C.4f04b5de911bf0cd
1780488690102,,,,,,,,,,,,,,,,,,,,,,,,,,,,,,,,,,,,,,,,,,,,,,,,,,,,,,,,,,,,,,,,,,,,C.4f04b5de911bf0cd,C.4f04b5de911bf0cd
1780488690102,,,,,,,,,,,,,,,,,,,,,,,,,,,,,,,,,,,,,,,,,,,,,,,,,,,,,,,,,,,,,,,,,,,,C.4f04b5de911bf0cd,C.4f04b5de911bf0cd
1780488690102,,,,,,,,,,,,,,,,,,,,,,,,,,,,,,,,,,,,,,,,,,,,,,,,,,,,,,,,,,,,,,,,,,,,C.4f04b5de911bf0cd,C.4f04b5de911bf0cd
1780488690102,,,,,,,,,,,,,,,,,,,,,,,,,,,,,,,,,,,,,,,,,,,,,,,,,,,,,,,,,,,,,,,,,,,,C.4f04b5de911bf0cd,C.4f04b5de911bf0cd
1780488690102,,,,,,,,,,,,,,,,,,,,,,,,,,,,,,,,,,,,,,,,,,,,,,,,,,,,,,,,,,,,,,,,,,,,C.4f04b5de911bf0cd,C.4f04b5de911bf0cd
1780488690102,,,,,,,,,,,,,,,,,,,,,,,,,,,,,,,,,,,,,,,,,,,,,,,,,,,,,,,,,,,,,,,,,,,,C.4f04b5de911bf0cd,C.4f04b5de911bf0cd
1780488690102,,,,,,,,,,,,,,,,,,,,,,,,,,,,,,,,,,,,,,,,,,,,,,,,,,,,,,,,,,,,,,,,,,,,C.4f04b5de911bf0cd,C.4f04b5de911bf0cd
1780488690102,,,,,,,,,,,,,,,,,,,,,,,,,,,,,,,,,,,,,,,,,,,,,,,,,,,,,,,,,,,,,,,,,,,,C.4f04b5de911bf0cd,C.4f04b5de911bf0cd
1780488690102,,,,,,,,,,,,,,,,,,,,,,,,,,,,,,,,,,,,,,,,,,,,,,,,,,,,,,,,,,,,,,,,,,,,C.4f04b5de911bf0cd,C.4f04b5de911bf0cd
1780488690102,,,,,,,,,,,,,,,,,,,,,,,,,,,,,,,,,,,,,,,,,,,,,,,,,,,,,,,,,,,,,,,,,,,,C.4f04b5de911bf0cd,C.4f04b5de911bf0cd
1780488690102,,,,,,,,,,,,,,,,,,,,,,,,,,,,,,,,,,,,,,,,,,,,,,,,,,,,,,,,,,,,,,,,,,,,C.4f04b5de911bf0cd,C.4f04b5de911bf0cd
1780488690102,,,,,,,,,,,,,,,,,,,,,,,,,,,,,,,,,,,,,,,,,,,,,,,,,,,,,,,,,,,,,,,,,,,,C.4f04b5de911bf0cd,C.4f04b5de911bf0cd
1780488690102,,,,,,,,,,,,,,,,,,,,,,,,,,,,,,,,,,,,,,,,,,,,,,,,,,,,,,,,,,,,,,,,,,,,C.4f04b5de911bf0cd,C.4f04b5de911bf0cd
1780488690102,,,,,,,,,,,2026-05-27 10:44:25.495," {f4ba3e13-cb09-6a16-f900-000000002200}",1176,C:\Windows\System32\svchost.exe,,,NT AUTHORITY\SYSTEM,,,,,,,,,,,,,,,,,,,,,,,,,,,,,,,,,,,,,,,,,,,,,,,,,,-,C.4f04b5de911bf0cd,C.4f04b5de911bf0cd
1780488690102,,,,,,,,,,,2026-05-27 10:44:25.495," {f4ba3e13-cb09-6a16-f900-000000002200}",1176,C:\Windows\System32\svchost.exe,,,NT AUTHORITY\SYSTEM,,,,,,,,,,,,,,,,,,,,,,,,,,,,,,,,,,,,,,,,,,,,,,,,,,-,C.4f04b5de911bf0cd,C.4f04b5de911bf0cd
1780488690102,,,,,,,,,,,2026-05-27 10:44:25.495," {f4ba3e13-c624-6a16-a200-000000002200}",4696,C:\Windows\sysmon64.exe,,,NT AUTHORITY\SYSTEM,,,,,,,,,,,,CreateKey,HKU\.DEFAULT\Software\Microsoft\Windows\CurrentVersion\WinTrust\Trust Providers\Software Publishing,,,,,,,,,,,,,,,,,,,,,,,,,,,,,,,,,,,,,-,C.4f04b5de911bf0cd,C.4f04b5de911bf0cd
1780488690102,,,,,,,,,,,2026-05-27 10:44:25.495," {f4ba3e13-cb09-6a16-f900-000000002200}",1176,C:\Windows\System32\svchost.exe,,,NT AUTHORITY\SYSTEM,,,,,,,,,,,,,,,,,,,,,,,,,,,,,,,,,,,,,,,,,,,,,,,,,,-,C.4f04b5de911bf0cd,C.4f04b5de911bf0cd
1780488690102,,,,,,,,,,,2026-05-27 10:44:25.495," {f4ba3e13-cb09-6a16-f900-000000002200}",1176,C:\Windows\System32\svchost.exe,,,NT AUTHORITY\SYSTEM,,,,,,,,,,,,,,,,,,,,,,,,,,,,,,,,,,,,,,,,,,,,,,,,,,-,C.4f04b5de911bf0cd,C.4f04b5de911bf0cd
1780488690102,,,,,,,,,,,2026-05-27 10:44:25.511," {f4ba3e13-cb09-6a16-f900-000000002200}",1176,C:\Windows\System32\svchost.exe,,,NT AUTHORITY\SYSTEM,,,,,,,,,,,,,,,,,,,,,,,,,,,,,,,,,,,,,,,,,,,,,,,,,,-,C.4f04b5de911bf0cd,C.4f04b5de911bf0cd
1780488690102,,,,,,,,,,,2026-05-27 10:44:25.511," {f4ba3e13-cb09-6a16-f900-000000002200}",1176,C:\Windows\System32\svchost.exe,,,NT AUTHORITY\SYSTEM,,,,,,,,,,,,,,,,,,,,,,,,,,,,,,,,,,,,,,,,,,,,,,,,,,-,C.4f04b5de911bf0cd,C.4f04b5de911bf0cd
1780488690102,,,,,,,,,,,,,,,,,,,,,,,,,,,,,,,,,,,,,,,,,,,,,,,,,,,,,,,,,,,,,,,,,,,,C.4f04b5de911bf0cd,C.4f04b5de911bf0cd
1780488690102,,,,,,,,,,,2026-05-27 10:44:25.511," {f4ba3e13-c624-6a16-a200-000000002200}",4696,C:\Windows\sysmon64.exe,,,NT AUTHORITY\SYSTEM,,,,,,,,,,,,CreateKey,HKU\.DEFAULT\Software\Microsoft\SystemCertificates\Disallowed,,,,,,,,,,,,,,,,,,,,,,,,,,,,,,,,,,,,,-,C.4f04b5de911bf0cd,C.4f04b5de911bf0cd
1780488690102,,,,,,,,,,,2026-05-27 10:44:25.511," {f4ba3e13-c624-6a16-a200-000000002200}",4696,C:\Windows\sysmon64.exe,,,NT AUTHORITY\SYSTEM,,,,,,,,,,,,CreateKey,HKU\.DEFAULT\Software\Microsoft\SystemCertificates\Disallowed,,,,,,,,,,,,,,,,,,,,,,,,,,,,,,,,,,,,,-,C.4f04b5de911bf0cd,C.4f04b5de911bf0cd
1780488690102,,,,,,,,,,,2026-05-27 10:44:25.511," {f4ba3e13-c624-6a16-a200-000000002200}",4696,C:\Windows\sysmon64.exe,,,NT AUTHORITY\SYSTEM,,,,,,,,,,,,CreateKey,HKU\.DEFAULT\Software\Microsoft\SystemCertificates\Disallowed\Certificates,,,,,,,,,,,,,,,,,,,,,,,,,,,,,,,,,,,,,-,C.4f04b5de911bf0cd,C.4f04b5de911bf0cd
1780488690102,,,,,,,,,,,2026-05-27 10:44:25.512," {f4ba3e13-c624-6a16-a200-000000002200}",4696,C:\Windows\sysmon64.exe,,,NT AUTHORITY\SYSTEM,,,,,,,,,,,,CreateKey,HKU\.DEFAULT\Software\Microsoft\SystemCertificates\Disallowed\CRLs,,,,,,,,,,,,,,,,,,,,,,,,,,,,,,,,,,,,,-,C.4f04b5de911bf0cd,C.4f04b5de911bf0cd
1780488690102,,,,,,,,,,,2026-05-27 10:44:25.512," {f4ba3e13-c624-6a16-a200-000000002200}",4696,C:\Windows\sysmon64.exe,,,NT AUTHORITY\SYSTEM,,,,,,,,,,,,CreateKey,HKU\.DEFAULT\Software\Microsoft\SystemCertificates\Disallowed\CTLs,,,,,,,,,,,,,,,,,,,,,,,,,,,,,,,,,,,,,-,C.4f04b5de911bf0cd,C.4f04b5de911bf0cd
1780488690102,,,,,,,,,,,2026-05-27 10:44:25.512," {f4ba3e13-c624-6a16-a200-000000002200}",4696,C:\Windows\sysmon64.exe,,,NT AUTHORITY\SYSTEM,,,,,,,,,,,,CreateKey,HKU\.DEFAULT\Software\Policies\Microsoft\SystemCertificates\Disallowed,,,,,,,,,,,,,,,,,,,,,,,,,,,,,,,,,,,,,-,C.4f04b5de911bf0cd,C.4f04b5de911bf0cd
1780488690102,,,,,,,,,,,2026-05-27 10:44:25.512," {f4ba3e13-c624-6a16-a200-000000002200}",4696,C:\Windows\sysmon64.exe,,,NT AUTHORITY\SYSTEM,,,,,,,,,,,,CreateKey,HKU\.DEFAULT\Software\Policies\Microsoft\SystemCertificates\Disallowed\Certificates,,,,,,,,,,,,,,,,,,,,,,,,,,,,,,,,,,,,,-,C.4f04b5de911bf0cd,C.4f04b5de911bf0cd
1780488690102,,,,,,,,,,,2026-05-27 10:44:25.512," {f4ba3e13-c624-6a16-a200-000000002200}",4696,C:\Windows\sysmon64.exe,,,NT AUTHORITY\SYSTEM,,,,,,,,,,,,CreateKey,HKU\.DEFAULT\Software\Policies\Microsoft\SystemCertificates\Disallowed\CRLs,,,,,,,,,,,,,,,,,,,,,,,,,,,,,,,,,,,,,-,C.4f04b5de911bf0cd,C.4f04b5de911bf0cd
1780488690102,,,,,,,,,,,2026-05-27 10:44:25.512," {f4ba3e13-c624-6a16-a200-000000002200}",4696,C:\Windows\sysmon64.exe,,,NT AUTHORITY\SYSTEM,,,,,,,,,,,,CreateKey,HKU\.DEFAULT\Software\Policies\Microsoft\SystemCertificates\Disallowed\CTLs,,,,,,,,,,,,,,,,,,,,,,,,,,,,,,,,,,,,,-,C.4f04b5de911bf0cd,C.4f04b5de911bf0cd
1780488690102,,,,,,,,,,,2026-05-27 10:44:25.512," {f4ba3e13-c624-6a16-a200-000000002200}",4696,C:\Windows\sysmon64.exe,,,NT AUTHORITY\SYSTEM,,,,,,,,,,,,CreateKey,HKLM\SOFTWARE\Microsoft\SystemCertificates\Disallowed,,,,,,,,,,,,,,,,,,,,,,,,,,,,,,,,,,,,,-,C.4f04b5de911bf0cd,C.4f04b5de911bf0cd
1780488690102,,,,,,,,,,,2026-05-27 10:44:25.512," {f4ba3e13-c624-6a16-a200-000000002200}",4696,C:\Windows\sysmon64.exe,,,NT AUTHORITY\SYSTEM,,,,,,,,,,,,CreateKey,HKLM\SOFTWARE\Microsoft\SystemCertificates\Disallowed,,,,,,,,,,,,,,,,,,,,,,,,,,,,,,,,,,,,,-,C.4f04b5de911bf0cd,C.4f04b5de911bf0cd
1780488690102,,,,,,,,,,,2026-05-27 10:44:25.512," {f4ba3e13-c624-6a16-a200-000000002200}",4696,C:\Windows\sysmon64.exe,,,NT AUTHORITY\SYSTEM,,,,,,,,,,,,CreateKey,HKLM\SOFTWARE\Microsoft\SystemCertificates\Disallowed\Certificates,,,,,,,,,,,,,,,,,,,,,,,,,,,,,,,,,,,,,-,C.4f04b5de911bf0cd,C.4f04b5de911bf0cd
1780488690102,,,,,,,,,,,2026-05-27 10:44:25.513," {f4ba3e13-c624-6a16-a200-000000002200}",4696,C:\Windows\sysmon64.exe,,,NT AUTHORITY\SYSTEM,,,,,,,,,,,,CreateKey,HKLM\SOFTWARE\Microsoft\SystemCertificates\Disallowed\CRLs,,,,,,,,,,,,,,,,,,,,,,,,,,,,,,,,,,,,,-,C.4f04b5de911bf0cd,C.4f04b5de911bf0cd
1780488690102,,,,,,,,,,,2026-05-27 10:44:25.513," {f4ba3e13-c624-6a16-a200-000000002200}",4696,C:\Windows\sysmon64.exe,,,NT AUTHORITY\SYSTEM,,,,,,,,,,,,CreateKey,HKLM\SOFTWARE\Microsoft\SystemCertificates\Disallowed\CTLs,,,,,,,,,,,,,,,,,,,,,,,,,,,,,,,,,,,,,-,C.4f04b5de911bf0cd,C.4f04b5de911bf0cd
1780488690102,,,,,,,,,,,2026-05-27 10:44:25.513," {f4ba3e13-c624-6a16-a200-000000002200}",4696,C:\Windows\sysmon64.exe,,,NT AUTHORITY\SYSTEM,,,,,,,,,,,,CreateKey,HKLM\SOFTWARE\Policies\Microsoft\SystemCertificates\Disallowed,,,,,,,,,,,,,,,,,,,,,,,,,,,,,,,,,,,,,-,C.4f04b5de911bf0cd,C.4f04b5de911bf0cd
1780488690102,,,,,,,,,,,2026-05-27 10:44:25.513," {f4ba3e13-c624-6a16-a200-000000002200}",4696,C:\Windows\sysmon64.exe,,,NT AUTHORITY\SYSTEM,,,,,,,,,,,,CreateKey,HKLM\SOFTWARE\Policies\Microsoft\SystemCertificates\Disallowed\Certificates,,,,,,,,,,,,,,,,,,,,,,,,,,,,,,,,,,,,,-,C.4f04b5de911bf0cd,C.4f04b5de911bf0cd
1780488690102,,,,,,,,,,,2026-05-27 10:44:25.513," {f4ba3e13-c624-6a16-a200-000000002200}",4696,C:\Windows\sysmon64.exe,,,NT AUTHORITY\SYSTEM,,,,,,,,,,,,CreateKey,HKLM\SOFTWARE\Policies\Microsoft\SystemCertificates\Disallowed\CRLs,,,,,,,,,,,,,,,,,,,,,,,,,,,,,,,,,,,,,-,C.4f04b5de911bf0cd,C.4f04b5de911bf0cd
1780488690102,,,,,,,,,,,2026-05-27 10:44:25.513," {f4ba3e13-c624-6a16-a200-000000002200}",4696,C:\Windows\sysmon64.exe,,,NT AUTHORITY\SYSTEM,,,,,,,,,,,,CreateKey,HKLM\SOFTWARE\Policies\Microsoft\SystemCertificates\Disallowed\CTLs,,,,,,,,,,,,,,,,,,,,,,,,,,,,,,,,,,,,,-,C.4f04b5de911bf0cd,C.4f04b5de911bf0cd
1780488690102,,,,,,,,,,,2026-05-27 10:44:25.513," {f4ba3e13-c624-6a16-a200-000000002200}",4696,C:\Windows\sysmon64.exe,,,NT AUTHORITY\SYSTEM,,,,,,,,,,,,CreateKey,HKLM\SOFTWARE\Microsoft\EnterpriseCertificates\Disallowed,,,,,,,,,,,,,,,,,,,,,,,,,,,,,,,,,,,,,-,C.4f04b5de911bf0cd,C.4f04b5de911bf0cd
1780488690102,,,,,,,,,,,2026-05-27 10:44:25.513," {f4ba3e13-c624-6a16-a200-000000002200}",4696,C:\Windows\sysmon64.exe,,,NT AUTHORITY\SYSTEM,,,,,,,,,,,,CreateKey,HKLM\SOFTWARE\Microsoft\EnterpriseCertificates\Disallowed,,,,,,,,,,,,,,,,,,,,,,,,,,,,,,,,,,,,,-,C.4f04b5de911bf0cd,C.4f04b5de911bf0cd
1780488690102,,,,,,,,,,,2026-05-27 10:44:25.513," {f4ba3e13-c624-6a16-a200-000000002200}",4696,C:\Windows\sysmon64.exe,,,NT AUTHORITY\SYSTEM,,,,,,,,,,,,CreateKey,HKLM\SOFTWARE\Microsoft\EnterpriseCertificates\Disallowed\Certificates,,,,,,,,,,,,,,,,,,,,,,,,,,,,,,,,,,,,,-,C.4f04b5de911bf0cd,C.4f04b5de911bf0cd
1780488690102,,,,,,,,,,,2026-05-27 10:44:25.513," {f4ba3e13-c624-6a16-a200-000000002200}",4696,C:\Windows\sysmon64.exe,,,NT AUTHORITY\SYSTEM,,,,,,,,,,,,CreateKey,HKLM\SOFTWARE\Microsoft\EnterpriseCertificates\Disallowed\CRLs,,,,,,,,,,,,,,,,,,,,,,,,,,,,,,,,,,,,,-,C.4f04b5de911bf0cd,C.4f04b5de911bf0cd
1780488690102,,,,,,,,,,,2026-05-27 10:44:25.513," {f4ba3e13-c624-6a16-a200-000000002200}",4696,C:\Windows\sysmon64.exe,,,NT AUTHORITY\SYSTEM,,,,,,,,,,,,CreateKey,HKLM\SOFTWARE\Microsoft\EnterpriseCertificates\Disallowed\CTLs,,,,,,,,,,,,,,,,,,,,,,,,,,,,,,,,,,,,,-,C.4f04b5de911bf0cd,C.4f04b5de911bf0cd
1780488690102,,,,,,,,,,,,,,,,,,,,,,,,,,,,,,,,,,,,,,,,,,,,,,,,,,,,,,,,,,,,,,,,,,,,C.4f04b5de911bf0cd,C.4f04b5de911bf0cd
1780488690102,,,,,,,,,,,2026-05-27 10:44:25.514," {f4ba3e13-c624-6a16-a200-000000002200}",4696,C:\Windows\sysmon64.exe,,,NT AUTHORITY\SYSTEM,,,,,,,,,,,,CreateKey,HKU\.DEFAULT\Software\Microsoft\Windows\CurrentVersion\WinTrust\Trust Providers\Software Publishing,,,,,,,,,,,,,,,,,,,,,,,,,,,,,,,,,,,,,-,C.4f04b5de911bf0cd,C.4f04b5de911bf0cd
1780488690102,,,,,,,,,,,,,,,,,,,,,,,,,,,,,,,,,,,,,,,,,,,,,,,,,,,,,,,,,,,,,,,,,,,,C.4f04b5de911bf0cd,C.4f04b5de911bf0cd
1780488690102,,,,,,,,,,,2026-05-27 10:44:25.514," {f4ba3e13-c624-6a16-a200-000000002200}",4696,C:\Windows\sysmon64.exe,,,NT AUTHORITY\SYSTEM,,,,,,,,,,,,CreateKey,HKU\.DEFAULT\Software\Microsoft\Windows\CurrentVersion\WinTrust\Trust Providers\Software Publishing,,,,,,,,,,,,,,,,,,,,,,,,,,,,,,,,,,,,,-,C.4f04b5de911bf0cd,C.4f04b5de911bf0cd
1780488690102,,,,,,,,,,,,,,,,,,,,,,,,,,,,,,,,,,,,,,,,,,,,,,,,,,,,,,,,,,,,,,,,,,,,C.4f04b5de911bf0cd,C.4f04b5de911bf0cd
1780488690102,,,,,,,,,,,,,,,,,,,,,,,,,,,,,,,,,,,,,,,,,,,,,,,,,,,,,,,,,,,,,,,,,,,,C.4f04b5de911bf0cd,C.4f04b5de911bf0cd
1780488690102,,,,,,,,,,,2026-05-27 10:44:25.516," {f4ba3e13-c532-6a16-6800-000000002200}",3992,C:\Program Files\Velociraptor\Velociraptor.exe,,,NT AUTHORITY\SYSTEM,,,,,,,,,,,,CreateKey,HKLM\SOFTWARE\Microsoft\Wbem\CIMOM,,,,,,,,,,,,,,,,,,,,,,,,,,,,,,,,,,,,,-,C.4f04b5de911bf0cd,C.4f04b5de911bf0cd
1780488690102,,,,,,,,,,,2026-05-27 10:44:25.516," {f4ba3e13-c532-6a16-6800-000000002200}",3992,C:\Program Files\Velociraptor\Velociraptor.exe,,,NT AUTHORITY\SYSTEM,,,,,,,,,,,,CreateKey,HKLM\SOFTWARE\Microsoft\Wbem\CIMOM,,,,,,,,,,,,,,,,,,,,,,,,,,,,,,,,,,,,,-,C.4f04b5de911bf0cd,C.4f04b5de911bf0cd
1780488690102,,,,,,,,,,,,,,,,,,,,,,,,,,,,,,,,,,,,,,,,,,,,,,,,,,,,,,,,,,,,,,,,,,,,C.4f04b5de911bf0cd,C.4f04b5de911bf0cd
1780488690102,,,,,,,,,,,,,,,,,,,,,,,,,,,,,,,,,,,,,,,,,,,,,,,,,,,,,,,,,,,,,,,,,,,,C.4f04b5de911bf0cd,C.4f04b5de911bf0cd
1780488690102,,,,,,,,,,,,,,,,,,,,,,,,,,,,,,,,,,,,,,,,,,,,,,,,,,,,,,,,,,,,,,,,,,,,C.4f04b5de911bf0cd,C.4f04b5de911bf0cd
1780488690102,,,,,,,,,,,,,,,,,,,,,,,,,,,,,,,,,,,,,,,,,,,,,,,,,,,,,,,,,,,,,,,,,,,,C.4f04b5de911bf0cd,C.4f04b5de911bf0cd
1780488690102,,,,,,,,,,,2026-05-27 10:44:25.523," {f4ba3e13-cb09-6a16-f700-000000002200}",6092,C:\Windows\System32\wbem\WmiPrvSE.exe,,,NT AUTHORITY\NETWORK SERVICE,,,,,,,,,,,,,,,,,,,,,,,,,,,,,,,,,,,,,,,,,,,,,,,,,,-,C.4f04b5de911bf0cd,C.4f04b5de911bf0cd
1780488690102,,,,,,,,,,,2026-05-27 10:44:25.530," {f4ba3e13-c624-6a16-a200-000000002200}",4696,C:\Windows\sysmon64.exe,,,NT AUTHORITY\SYSTEM,,,,,,,,,,,,CreateKey,HKU\.DEFAULT\Software\Microsoft\Windows\CurrentVersion\WinTrust\Trust Providers\Software Publishing,,,,,,,,,,,,,,,,,,,,,,,,,,,,,,,,,,,,,-,C.4f04b5de911bf0cd,C.4f04b5de911bf0cd
1780488690102,,,,,,,,,,,2026-05-27 10:44:25.532," {f4ba3e13-c624-6a16-a200-000000002200}",4696,C:\Windows\sysmon64.exe,,,NT AUTHORITY\SYSTEM,,,,,,,,,,,,CreateKey,HKU\.DEFAULT\Software\Microsoft\SystemCertificates\Disallowed,,,,,,,,,,,,,,,,,,,,,,,,,,,,,,,,,,,,,-,C.4f04b5de911bf0cd,C.4f04b5de911bf0cd
1780488690102,,,,,,,,,,,2026-05-27 10:44:25.532," {f4ba3e13-c624-6a16-a200-000000002200}",4696,C:\Windows\sysmon64.exe,,,NT AUTHORITY\SYSTEM,,,,,,,,,,,,CreateKey,HKU\.DEFAULT\Software\Microsoft\SystemCertificates\Disallowed,,,,,,,,,,,,,,,,,,,,,,,,,,,,,,,,,,,,,-,C.4f04b5de911bf0cd,C.4f04b5de911bf0cd
1780488690102,,,,,,,,,,,2026-05-27 10:44:25.532," {f4ba3e13-c624-6a16-a200-000000002200}",4696,C:\Windows\sysmon64.exe,,,NT AUTHORITY\SYSTEM,,,,,,,,,,,,CreateKey,HKU\.DEFAULT\Software\Microsoft\SystemCertificates\Disallowed\Certificates,,,,,,,,,,,,,,,,,,,,,,,,,,,,,,,,,,,,,-,C.4f04b5de911bf0cd,C.4f04b5de911bf0cd
1780488690102,,,,,,,,,,,2026-05-27 10:44:25.532," {f4ba3e13-c624-6a16-a200-000000002200}",4696,C:\Windows\sysmon64.exe,,,NT AUTHORITY\SYSTEM,,,,,,,,,,,,CreateKey,HKU\.DEFAULT\Software\Microsoft\SystemCertificates\Disallowed\CRLs,,,,,,,,,,,,,,,,,,,,,,,,,,,,,,,,,,,,,-,C.4f04b5de911bf0cd,C.4f04b5de911bf0cd
1780488690102,,,,,,,,,,,2026-05-27 10:44:25.532," {f4ba3e13-c624-6a16-a200-000000002200}",4696,C:\Windows\sysmon64.exe,,,NT AUTHORITY\SYSTEM,,,,,,,,,,,,CreateKey,HKU\.DEFAULT\Software\Microsoft\SystemCertificates\Disallowed\CTLs,,,,,,,,,,,,,,,,,,,,,,,,,,,,,,,,,,,,,-,C.4f04b5de911bf0cd,C.4f04b5de911bf0cd
1780488690102,,,,,,,,,,,2026-05-27 10:44:25.532," {f4ba3e13-c624-6a16-a200-000000002200}",4696,C:\Windows\sysmon64.exe,,,NT AUTHORITY\SYSTEM,,,,,,,,,,,,CreateKey,HKU\.DEFAULT\Software\Policies\Microsoft\SystemCertificates\Disallowed,,,,,,,,,,,,,,,,,,,,,,,,,,,,,,,,,,,,,-,C.4f04b5de911bf0cd,C.4f04b5de911bf0cd
1780488690102,,,,,,,,,,,2026-05-27 10:44:25.532," {f4ba3e13-c624-6a16-a200-000000002200}",4696,C:\Windows\sysmon64.exe,,,NT AUTHORITY\SYSTEM,,,,,,,,,,,,CreateKey,HKU\.DEFAULT\Software\Policies\Microsoft\SystemCertificates\Disallowed\Certificates,,,,,,,,,,,,,,,,,,,,,,,,,,,,,,,,,,,,,-,C.4f04b5de911bf0cd,C.4f04b5de911bf0cd
1780488690102,,,,,,,,,,,2026-05-27 10:44:25.532," {f4ba3e13-c624-6a16-a200-000000002200}",4696,C:\Windows\sysmon64.exe,,,NT AUTHORITY\SYSTEM,,,,,,,,,,,,CreateKey,HKU\.DEFAULT\Software\Policies\Microsoft\SystemCertificates\Disallowed\CRLs,,,,,,,,,,,,,,,,,,,,,,,,,,,,,,,,,,,,,-,C.4f04b5de911bf0cd,C.4f04b5de911bf0cd
1780488690102,,,,,,,,,,,2026-05-27 10:44:25.532," {f4ba3e13-c624-6a16-a200-000000002200}",4696,C:\Windows\sysmon64.exe,,,NT AUTHORITY\SYSTEM,,,,,,,,,,,,CreateKey,HKU\.DEFAULT\Software\Policies\Microsoft\SystemCertificates\Disallowed\CTLs,,,,,,,,,,,,,,,,,,,,,,,,,,,,,,,,,,,,,-,C.4f04b5de911bf0cd,C.4f04b5de911bf0cd
1780488690102,,,,,,,,,,,2026-05-27 10:44:25.532," {f4ba3e13-c624-6a16-a200-000000002200}",4696,C:\Windows\sysmon64.exe,,,NT AUTHORITY\SYSTEM,,,,,,,,,,,,CreateKey,HKLM\SOFTWARE\Microsoft\SystemCertificates\Disallowed,,,,,,,,,,,,,,,,,,,,,,,,,,,,,,,,,,,,,-,C.4f04b5de911bf0cd,C.4f04b5de911bf0cd
1780488690102,,,,,,,,,,,2026-05-27 10:44:25.533," {f4ba3e13-c624-6a16-a200-000000002200}",4696,C:\Windows\sysmon64.exe,,,NT AUTHORITY\SYSTEM,,,,,,,,,,,,CreateKey,HKLM\SOFTWARE\Microsoft\SystemCertificates\Disallowed,,,,,,,,,,,,,,,,,,,,,,,,,,,,,,,,,,,,,-,C.4f04b5de911bf0cd,C.4f04b5de911bf0cd
1780488690102,,,,,,,,,,,2026-05-27 10:44:25.533," {f4ba3e13-c624-6a16-a200-000000002200}",4696,C:\Windows\sysmon64.exe,,,NT AUTHORITY\SYSTEM,,,,,,,,,,,,CreateKey,HKLM\SOFTWARE\Microsoft\SystemCertificates\Disallowed\Certificates,,,,,,,,,,,,,,,,,,,,,,,,,,,,,,,,,,,,,-,C.4f04b5de911bf0cd,C.4f04b5de911bf0cd
1780488690102,,,,,,,,,,,2026-05-27 10:44:25.533," {f4ba3e13-c624-6a16-a200-000000002200}",4696,C:\Windows\sysmon64.exe,,,NT AUTHORITY\SYSTEM,,,,,,,,,,,,CreateKey,HKLM\SOFTWARE\Microsoft\SystemCertificates\Disallowed\CRLs,,,,,,,,,,,,,,,,,,,,,,,,,,,,,,,,,,,,,-,C.4f04b5de911bf0cd,C.4f04b5de911bf0cd
1780488690102,,,,,,,,,,,2026-05-27 10:44:25.533," {f4ba3e13-c624-6a16-a200-000000002200}",4696,C:\Windows\sysmon64.exe,,,NT AUTHORITY\SYSTEM,,,,,,,,,,,,CreateKey,HKLM\SOFTWARE\Microsoft\SystemCertificates\Disallowed\CTLs,,,,,,,,,,,,,,,,,,,,,,,,,,,,,,,,,,,,,-,C.4f04b5de911bf0cd,C.4f04b5de911bf0cd
1780488690102,,,,,,,,,,,2026-05-27 10:44:25.533," {f4ba3e13-c624-6a16-a200-000000002200}",4696,C:\Windows\sysmon64.exe,,,NT AUTHORITY\SYSTEM,,,,,,,,,,,,CreateKey,HKLM\SOFTWARE\Policies\Microsoft\SystemCertificates\Disallowed,,,,,,,,,,,,,,,,,,,,,,,,,,,,,,,,,,,,,-,C.4f04b5de911bf0cd,C.4f04b5de911bf0cd
1780488690102,,,,,,,,,,,2026-05-27 10:44:25.533," {f4ba3e13-c624-6a16-a200-000000002200}",4696,C:\Windows\sysmon64.exe,,,NT AUTHORITY\SYSTEM,,,,,,,,,,,,CreateKey,HKLM\SOFTWARE\Policies\Microsoft\SystemCertificates\Disallowed\Certificates,,,,,,,,,,,,,,,,,,,,,,,,,,,,,,,,,,,,,-,C.4f04b5de911bf0cd,C.4f04b5de911bf0cd
1780488690102,,,,,,,,,,,2026-05-27 10:44:25.533," {f4ba3e13-c624-6a16-a200-000000002200}",4696,C:\Windows\sysmon64.exe,,,NT AUTHORITY\SYSTEM,,,,,,,,,,,,CreateKey,HKLM\SOFTWARE\Policies\Microsoft\SystemCertificates\Disallowed\CRLs,,,,,,,,,,,,,,,,,,,,,,,,,,,,,,,,,,,,,-,C.4f04b5de911bf0cd,C.4f04b5de911bf0cd
1780488690102,,,,,,,,,,,2026-05-27 10:44:25.533," {f4ba3e13-c624-6a16-a200-000000002200}",4696,C:\Windows\sysmon64.exe,,,NT AUTHORITY\SYSTEM,,,,,,,,,,,,CreateKey,HKLM\SOFTWARE\Policies\Microsoft\SystemCertificates\Disallowed\CTLs,,,,,,,,,,,,,,,,,,,,,,,,,,,,,,,,,,,,,-,C.4f04b5de911bf0cd,C.4f04b5de911bf0cd
1780488690102,,,,,,,,,,,2026-05-27 10:44:25.533," {f4ba3e13-c624-6a16-a200-000000002200}",4696,C:\Windows\sysmon64.exe,,,NT AUTHORITY\SYSTEM,,,,,,,,,,,,CreateKey,HKLM\SOFTWARE\Microsoft\EnterpriseCertificates\Disallowed,,,,,,,,,,,,,,,,,,,,,,,,,,,,,,,,,,,,,-,C.4f04b5de911bf0cd,C.4f04b5de911bf0cd
1780488690102,,,,,,,,,,,2026-05-27 10:44:25.533," {f4ba3e13-c624-6a16-a200-000000002200}",4696,C:\Windows\sysmon64.exe,,,NT AUTHORITY\SYSTEM,,,,,,,,,,,,CreateKey,HKLM\SOFTWARE\Microsoft\EnterpriseCertificates\Disallowed,,,,,,,,,,,,,,,,,,,,,,,,,,,,,,,,,,,,,-,C.4f04b5de911bf0cd,C.4f04b5de911bf0cd
1780488690102,,,,,,,,,,,2026-05-27 10:44:25.533," {f4ba3e13-c624-6a16-a200-000000002200}",4696,C:\Windows\sysmon64.exe,,,NT AUTHORITY\SYSTEM,,,,,,,,,,,,CreateKey,HKLM\SOFTWARE\Microsoft\EnterpriseCertificates\Disallowed\Certificates,,,,,,,,,,,,,,,,,,,,,,,,,,,,,,,,,,,,,-,C.4f04b5de911bf0cd,C.4f04b5de911bf0cd
1780488690102,,,,,,,,,,,2026-05-27 10:44:25.533," {f4ba3e13-c624-6a16-a200-000000002200}",4696,C:\Windows\sysmon64.exe,,,NT AUTHORITY\SYSTEM,,,,,,,,,,,,CreateKey,HKLM\SOFTWARE\Microsoft\EnterpriseCertificates\Disallowed\CRLs,,,,,,,,,,,,,,,,,,,,,,,,,,,,,,,,,,,,,-,C.4f04b5de911bf0cd,C.4f04b5de911bf0cd
1780488690102,,,,,,,,,,,2026-05-27 10:44:25.533," {f4ba3e13-c624-6a16-a200-000000002200}",4696,C:\Windows\sysmon64.exe,,,NT AUTHORITY\SYSTEM,,,,,,,,,,,,CreateKey,HKLM\SOFTWARE\Microsoft\EnterpriseCertificates\Disallowed\CTLs,,,,,,,,,,,,,,,,,,,,,,,,,,,,,,,,,,,,,-,C.4f04b5de911bf0cd,C.4f04b5de911bf0cd
1780488690102,,,,,,,,,,,,,,,,,,,,,,,,,,,,,,,,,,,,,,,,,,,,,,,,,,,,,,,,,,,,,,,,,,,,C.4f04b5de911bf0cd,C.4f04b5de911bf0cd
1780488690102,,,,,,,,,,,2026-05-27 10:44:25.534," {f4ba3e13-c624-6a16-a200-000000002200}",4696,C:\Windows\sysmon64.exe,,,NT AUTHORITY\SYSTEM,,,,,,,,,,,,CreateKey,HKU\.DEFAULT\Software\Microsoft\Windows\CurrentVersion\WinTrust\Trust Providers\Software Publishing,,,,,,,,,,,,,,,,,,,,,,,,,,,,,,,,,,,,,-,C.4f04b5de911bf0cd,C.4f04b5de911bf0cd
1780488690102,,,,,,,,,,,2026-05-27 10:44:25.534," {f4ba3e13-c624-6a16-a200-000000002200}",4696,C:\Windows\sysmon64.exe,,,NT AUTHORITY\SYSTEM,,,,,,,,,,,,CreateKey,HKU\.DEFAULT\Software\Microsoft\Windows\CurrentVersion\WinTrust\Trust Providers\Software Publishing,,,,,,,,,,,,,,,,,,,,,,,,,,,,,,,,,,,,,-,C.4f04b5de911bf0cd,C.4f04b5de911bf0cd
1780488690102,,,,,,,,,,,2026-05-27 10:44:25.536," {f4ba3e13-c624-6a16-a200-000000002200}",4696,C:\Windows\sysmon64.exe,,,NT AUTHORITY\SYSTEM,,,,,,,,,,,,CreateKey,HKU\.DEFAULT\Software\Microsoft\Windows\CurrentVersion\WinTrust\Trust Providers\Software Publishing,,,,,,,,,,,,,,,,,,,,,,,,,,,,,,,,,,,,,-,C.4f04b5de911bf0cd,C.4f04b5de911bf0cd
1780488690102,,,,,,,,,,,2026-05-27 10:44:25.537," {f4ba3e13-c624-6a16-a200-000000002200}",4696,C:\Windows\sysmon64.exe,,,NT AUTHORITY\SYSTEM,,,,,,,,,,,,CreateKey,HKU\.DEFAULT\Software\Microsoft\SystemCertificates\Disallowed,,,,,,,,,,,,,,,,,,,,,,,,,,,,,,,,,,,,,-,C.4f04b5de911bf0cd,C.4f04b5de911bf0cd
1780488690102,,,,,,,,,,,2026-05-27 10:44:25.537," {f4ba3e13-c624-6a16-a200-000000002200}",4696,C:\Windows\sysmon64.exe,,,NT AUTHORITY\SYSTEM,,,,,,,,,,,,CreateKey,HKU\.DEFAULT\Software\Microsoft\SystemCertificates\Disallowed,,,,,,,,,,,,,,,,,,,,,,,,,,,,,,,,,,,,,-,C.4f04b5de911bf0cd,C.4f04b5de911bf0cd
1780488690102,,,,,,,,,,,2026-05-27 10:44:25.537," {f4ba3e13-c624-6a16-a200-000000002200}",4696,C:\Windows\sysmon64.exe,,,NT AUTHORITY\SYSTEM,,,,,,,,,,,,CreateKey,HKU\.DEFAULT\Software\Microsoft\SystemCertificates\Disallowed\Certificates,,,,,,,,,,,,,,,,,,,,,,,,,,,,,,,,,,,,,-,C.4f04b5de911bf0cd,C.4f04b5de911bf0cd
1780488690102,,,,,,,,,,,2026-05-27 10:44:25.537," {f4ba3e13-c624-6a16-a200-000000002200}",4696,C:\Windows\sysmon64.exe,,,NT AUTHORITY\SYSTEM,,,,,,,,,,,,CreateKey,HKU\.DEFAULT\Software\Microsoft\SystemCertificates\Disallowed\CRLs,,,,,,,,,,,,,,,,,,,,,,,,,,,,,,,,,,,,,-,C.4f04b5de911bf0cd,C.4f04b5de911bf0cd
1780488690102,,,,,,,,,,,2026-05-27 10:44:25.538," {f4ba3e13-c624-6a16-a200-000000002200}",4696,C:\Windows\sysmon64.exe,,,NT AUTHORITY\SYSTEM,,,,,,,,,,,,CreateKey,HKU\.DEFAULT\Software\Microsoft\SystemCertificates\Disallowed\CTLs,,,,,,,,,,,,,,,,,,,,,,,,,,,,,,,,,,,,,-,C.4f04b5de911bf0cd,C.4f04b5de911bf0cd
1780488690102,,,,,,,,,,,2026-05-27 10:44:25.538," {f4ba3e13-c624-6a16-a200-000000002200}",4696,C:\Windows\sysmon64.exe,,,NT AUTHORITY\SYSTEM,,,,,,,,,,,,CreateKey,HKU\.DEFAULT\Software\Policies\Microsoft\SystemCertificates\Disallowed,,,,,,,,,,,,,,,,,,,,,,,,,,,,,,,,,,,,,-,C.4f04b5de911bf0cd,C.4f04b5de911bf0cd
1780488690102,,,,,,,,,,,2026-05-27 10:44:25.538," {f4ba3e13-c624-6a16-a200-000000002200}",4696,C:\Windows\sysmon64.exe,,,NT AUTHORITY\SYSTEM,,,,,,,,,,,,CreateKey,HKU\.DEFAULT\Software\Policies\Microsoft\SystemCertificates\Disallowed\Certificates,,,,,,,,,,,,,,,,,,,,,,,,,,,,,,,,,,,,,-,C.4f04b5de911bf0cd,C.4f04b5de911bf0cd
1780488690102,,,,,,,,,,,2026-05-27 10:44:25.538," {f4ba3e13-c624-6a16-a200-000000002200}",4696,C:\Windows\sysmon64.exe,,,NT AUTHORITY\SYSTEM,,,,,,,,,,,,CreateKey,HKU\.DEFAULT\Software\Policies\Microsoft\SystemCertificates\Disallowed\CRLs,,,,,,,,,,,,,,,,,,,,,,,,,,,,,,,,,,,,,-,C.4f04b5de911bf0cd,C.4f04b5de911bf0cd
1780488690102,,,,,,,,,,,2026-05-27 10:44:25.538," {f4ba3e13-c624-6a16-a200-000000002200}",4696,C:\Windows\sysmon64.exe,,,NT AUTHORITY\SYSTEM,,,,,,,,,,,,CreateKey,HKU\.DEFAULT\Software\Policies\Microsoft\SystemCertificates\Disallowed\CTLs,,,,,,,,,,,,,,,,,,,,,,,,,,,,,,,,,,,,,-,C.4f04b5de911bf0cd,C.4f04b5de911bf0cd
1780488690102,,,,,,,,,,,2026-05-27 10:44:25.538," {f4ba3e13-c624-6a16-a200-000000002200}",4696,C:\Windows\sysmon64.exe,,,NT AUTHORITY\SYSTEM,,,,,,,,,,,,CreateKey,HKLM\SOFTWARE\Microsoft\SystemCertificates\Disallowed,,,,,,,,,,,,,,,,,,,,,,,,,,,,,,,,,,,,,-,C.4f04b5de911bf0cd,C.4f04b5de911bf0cd
1780488690102,,,,,,,,,,,2026-05-27 10:44:25.538," {f4ba3e13-c624-6a16-a200-000000002200}",4696,C:\Windows\sysmon64.exe,,,NT AUTHORITY\SYSTEM,,,,,,,,,,,,CreateKey,HKLM\SOFTWARE\Microsoft\SystemCertificates\Disallowed,,,,,,,,,,,,,,,,,,,,,,,,,,,,,,,,,,,,,-,C.4f04b5de911bf0cd,C.4f04b5de911bf0cd
1780488690102,,,,,,,,,,,2026-05-27 10:44:25.538," {f4ba3e13-c624-6a16-a200-000000002200}",4696,C:\Windows\sysmon64.exe,,,NT AUTHORITY\SYSTEM,,,,,,,,,,,,CreateKey,HKLM\SOFTWARE\Microsoft\SystemCertificates\Disallowed\Certificates,,,,,,,,,,,,,,,,,,,,,,,,,,,,,,,,,,,,,-,C.4f04b5de911bf0cd,C.4f04b5de911bf0cd
1780488690102,,,,,,,,,,,2026-05-27 10:44:25.538," {f4ba3e13-c624-6a16-a200-000000002200}",4696,C:\Windows\sysmon64.exe,,,NT AUTHORITY\SYSTEM,,,,,,,,,,,,CreateKey,HKLM\SOFTWARE\Microsoft\SystemCertificates\Disallowed\CRLs,,,,,,,,,,,,,,,,,,,,,,,,,,,,,,,,,,,,,-,C.4f04b5de911bf0cd,C.4f04b5de911bf0cd
1780488690102,,,,,,,,,,,2026-05-27 10:44:25.538," {f4ba3e13-c624-6a16-a200-000000002200}",4696,C:\Windows\sysmon64.exe,,,NT AUTHORITY\SYSTEM,,,,,,,,,,,,CreateKey,HKLM\SOFTWARE\Microsoft\SystemCertificates\Disallowed\CTLs,,,,,,,,,,,,,,,,,,,,,,,,,,,,,,,,,,,,,-,C.4f04b5de911bf0cd,C.4f04b5de911bf0cd
1780488690102,,,,,,,,,,,2026-05-27 10:44:25.538," {f4ba3e13-c624-6a16-a200-000000002200}",4696,C:\Windows\sysmon64.exe,,,NT AUTHORITY\SYSTEM,,,,,,,,,,,,CreateKey,HKLM\SOFTWARE\Policies\Microsoft\SystemCertificates\Disallowed,,,,,,,,,,,,,,,,,,,,,,,,,,,,,,,,,,,,,-,C.4f04b5de911bf0cd,C.4f04b5de911bf0cd
1780488690102,,,,,,,,,,,2026-05-27 10:44:25.538," {f4ba3e13-c624-6a16-a200-000000002200}",4696,C:\Windows\sysmon64.exe,,,NT AUTHORITY\SYSTEM,,,,,,,,,,,,CreateKey,HKLM\SOFTWARE\Policies\Microsoft\SystemCertificates\Disallowed\Certificates,,,,,,,,,,,,,,,,,,,,,,,,,,,,,,,,,,,,,-,C.4f04b5de911bf0cd,C.4f04b5de911bf0cd
1780488690102,,,,,,,,,,,2026-05-27 10:44:25.538," {f4ba3e13-c624-6a16-a200-000000002200}",4696,C:\Windows\sysmon64.exe,,,NT AUTHORITY\SYSTEM,,,,,,,,,,,,CreateKey,HKLM\SOFTWARE\Policies\Microsoft\SystemCertificates\Disallowed\CRLs,,,,,,,,,,,,,,,,,,,,,,,,,,,,,,,,,,,,,-,C.4f04b5de911bf0cd,C.4f04b5de911bf0cd
1780488690102,,,,,,,,,,,2026-05-27 10:44:25.538," {f4ba3e13-c624-6a16-a200-000000002200}",4696,C:\Windows\sysmon64.exe,,,NT AUTHORITY\SYSTEM,,,,,,,,,,,,CreateKey,HKLM\SOFTWARE\Policies\Microsoft\SystemCertificates\Disallowed\CTLs,,,,,,,,,,,,,,,,,,,,,,,,,,,,,,,,,,,,,-,C.4f04b5de911bf0cd,C.4f04b5de911bf0cd
1780488690102,,,,,,,,,,,2026-05-27 10:44:25.538," {f4ba3e13-c624-6a16-a200-000000002200}",4696,C:\Windows\sysmon64.exe,,,NT AUTHORITY\SYSTEM,,,,,,,,,,,,CreateKey,HKLM\SOFTWARE\Microsoft\EnterpriseCertificates\Disallowed,,,,,,,,,,,,,,,,,,,,,,,,,,,,,,,,,,,,,-,C.4f04b5de911bf0cd,C.4f04b5de911bf0cd
1780488690102,,,,,,,,,,,2026-05-27 10:44:25.538," {f4ba3e13-c624-6a16-a200-000000002200}",4696,C:\Windows\sysmon64.exe,,,NT AUTHORITY\SYSTEM,,,,,,,,,,,,CreateKey,HKLM\SOFTWARE\Microsoft\EnterpriseCertificates\Disallowed,,,,,,,,,,,,,,,,,,,,,,,,,,,,,,,,,,,,,-,C.4f04b5de911bf0cd,C.4f04b5de911bf0cd
1780488690102,,,,,,,,,,,2026-05-27 10:44:25.538," {f4ba3e13-c624-6a16-a200-000000002200}",4696,C:\Windows\sysmon64.exe,,,NT AUTHORITY\SYSTEM,,,,,,,,,,,,CreateKey,HKLM\SOFTWARE\Microsoft\EnterpriseCertificates\Disallowed\Certificates,,,,,,,,,,,,,,,,,,,,,,,,,,,,,,,,,,,,,-,C.4f04b5de911bf0cd,C.4f04b5de911bf0cd
1780488690102,,,,,,,,,,,2026-05-27 10:44:25.538," {f4ba3e13-c624-6a16-a200-000000002200}",4696,C:\Windows\sysmon64.exe,,,NT AUTHORITY\SYSTEM,,,,,,,,,,,,CreateKey,HKLM\SOFTWARE\Microsoft\EnterpriseCertificates\Disallowed\CRLs,,,,,,,,,,,,,,,,,,,,,,,,,,,,,,,,,,,,,-,C.4f04b5de911bf0cd,C.4f04b5de911bf0cd
1780488690102,,,,,,,,,,,2026-05-27 10:44:25.538," {f4ba3e13-c624-6a16-a200-000000002200}",4696,C:\Windows\sysmon64.exe,,,NT AUTHORITY\SYSTEM,,,,,,,,,,,,CreateKey,HKLM\SOFTWARE\Microsoft\EnterpriseCertificates\Disallowed\CTLs,,,,,,,,,,,,,,,,,,,,,,,,,,,,,,,,,,,,,-,C.4f04b5de911bf0cd,C.4f04b5de911bf0cd
1780488690102,,,,,,,,,,,,,,,,,,,,,,,,,,,,,,,,,,,,,,,,,,,,,,,,,,,,,,,,,,,,,,,,,,,,C.4f04b5de911bf0cd,C.4f04b5de911bf0cd
1780488690102,,,,,,,,,,,2026-05-27 10:44:25.539," {f4ba3e13-c624-6a16-a200-000000002200}",4696,C:\Windows\sysmon64.exe,,,NT AUTHORITY\SYSTEM,,,,,,,,,,,,CreateKey,HKU\.DEFAULT\Software\Microsoft\Windows\CurrentVersion\WinTrust\Trust Providers\Software Publishing,,,,,,,,,,,,,,,,,,,,,,,,,,,,,,,,,,,,,-,C.4f04b5de911bf0cd,C.4f04b5de911bf0cd
1780488690102,,,,,,,,,,,2026-05-27 10:44:25.541," {f4ba3e13-c624-6a16-a200-000000002200}",4696,C:\Windows\sysmon64.exe,,,NT AUTHORITY\SYSTEM,,,,,,,,,,,,CreateKey,HKU\.DEFAULT\Software\Microsoft\SystemCertificates\Disallowed,,,,,,,,,,,,,,,,,,,,,,,,,,,,,,,,,,,,,-,C.4f04b5de911bf0cd,C.4f04b5de911bf0cd
1780488690102,,,,,,,,,,,2026-05-27 10:44:25.541," {f4ba3e13-c624-6a16-a200-000000002200}",4696,C:\Windows\sysmon64.exe,,,NT AUTHORITY\SYSTEM,,,,,,,,,,,,CreateKey,HKU\.DEFAULT\Software\Microsoft\SystemCertificates\Disallowed,,,,,,,,,,,,,,,,,,,,,,,,,,,,,,,,,,,,,-,C.4f04b5de911bf0cd,C.4f04b5de911bf0cd
1780488690102,,,,,,,,,,,2026-05-27 10:44:25.541," {f4ba3e13-c624-6a16-a200-000000002200}",4696,C:\Windows\sysmon64.exe,,,NT AUTHORITY\SYSTEM,,,,,,,,,,,,CreateKey,HKU\.DEFAULT\Software\Microsoft\SystemCertificates\Disallowed\Certificates,,,,,,,,,,,,,,,,,,,,,,,,,,,,,,,,,,,,,-,C.4f04b5de911bf0cd,C.4f04b5de911bf0cd
1780488690102,,,,,,,,,,,2026-05-27 10:44:25.541," {f4ba3e13-c624-6a16-a200-000000002200}",4696,C:\Windows\sysmon64.exe,,,NT AUTHORITY\SYSTEM,,,,,,,,,,,,CreateKey,HKU\.DEFAULT\Software\Microsoft\SystemCertificates\Disallowed\CRLs,,,,,,,,,,,,,,,,,,,,,,,,,,,,,,,,,,,,,-,C.4f04b5de911bf0cd,C.4f04b5de911bf0cd
1780488690102,,,,,,,,,,,2026-05-27 10:44:25.541," {f4ba3e13-c624-6a16-a200-000000002200}",4696,C:\Windows\sysmon64.exe,,,NT AUTHORITY\SYSTEM,,,,,,,,,,,,CreateKey,HKU\.DEFAULT\Software\Microsoft\SystemCertificates\Disallowed\CTLs,,,,,,,,,,,,,,,,,,,,,,,,,,,,,,,,,,,,,-,C.4f04b5de911bf0cd,C.4f04b5de911bf0cd
1780488690102,,,,,,,,,,,2026-05-27 10:44:25.541," {f4ba3e13-c624-6a16-a200-000000002200}",4696,C:\Windows\sysmon64.exe,,,NT AUTHORITY\SYSTEM,,,,,,,,,,,,CreateKey,HKU\.DEFAULT\Software\Policies\Microsoft\SystemCertificates\Disallowed,,,,,,,,,,,,,,,,,,,,,,,,,,,,,,,,,,,,,-,C.4f04b5de911bf0cd,C.4f04b5de911bf0cd
1780488690102,,,,,,,,,,,2026-05-27 10:44:25.541," {f4ba3e13-c624-6a16-a200-000000002200}",4696,C:\Windows\sysmon64.exe,,,NT AUTHORITY\SYSTEM,,,,,,,,,,,,CreateKey,HKU\.DEFAULT\Software\Policies\Microsoft\SystemCertificates\Disallowed\Certificates,,,,,,,,,,,,,,,,,,,,,,,,,,,,,,,,,,,,,-,C.4f04b5de911bf0cd,C.4f04b5de911bf0cd
1780488690102,,,,,,,,,,,2026-05-27 10:44:25.541," {f4ba3e13-c624-6a16-a200-000000002200}",4696,C:\Windows\sysmon64.exe,,,NT AUTHORITY\SYSTEM,,,,,,,,,,,,CreateKey,HKU\.DEFAULT\Software\Policies\Microsoft\SystemCertificates\Disallowed\CRLs,,,,,,,,,,,,,,,,,,,,,,,,,,,,,,,,,,,,,-,C.4f04b5de911bf0cd,C.4f04b5de911bf0cd
1780488690102,,,,,,,,,,,2026-05-27 10:44:25.542," {f4ba3e13-c624-6a16-a200-000000002200}",4696,C:\Windows\sysmon64.exe,,,NT AUTHORITY\SYSTEM,,,,,,,,,,,,CreateKey,HKU\.DEFAULT\Software\Policies\Microsoft\SystemCertificates\Disallowed\CTLs,,,,,,,,,,,,,,,,,,,,,,,,,,,,,,,,,,,,,-,C.4f04b5de911bf0cd,C.4f04b5de911bf0cd
1780488690102,,,,,,,,,,,2026-05-27 10:44:25.542," {f4ba3e13-c624-6a16-a200-000000002200}",4696,C:\Windows\sysmon64.exe,,,NT AUTHORITY\SYSTEM,,,,,,,,,,,,CreateKey,HKLM\SOFTWARE\Microsoft\SystemCertificates\Disallowed,,,,,,,,,,,,,,,,,,,,,,,,,,,,,,,,,,,,,-,C.4f04b5de911bf0cd,C.4f04b5de911bf0cd
1780488690102,,,,,,,,,,,2026-05-27 10:44:25.542," {f4ba3e13-c624-6a16-a200-000000002200}",4696,C:\Windows\sysmon64.exe,,,NT AUTHORITY\SYSTEM,,,,,,,,,,,,CreateKey,HKLM\SOFTWARE\Microsoft\SystemCertificates\Disallowed,,,,,,,,,,,,,,,,,,,,,,,,,,,,,,,,,,,,,-,C.4f04b5de911bf0cd,C.4f04b5de911bf0cd
1780488690102,,,,,,,,,,,2026-05-27 10:44:25.542," {f4ba3e13-c624-6a16-a200-000000002200}",4696,C:\Windows\sysmon64.exe,,,NT AUTHORITY\SYSTEM,,,,,,,,,,,,CreateKey,HKLM\SOFTWARE\Microsoft\SystemCertificates\Disallowed\Certificates,,,,,,,,,,,,,,,,,,,,,,,,,,,,,,,,,,,,,-,C.4f04b5de911bf0cd,C.4f04b5de911bf0cd
1780488690102,,,,,,,,,,,2026-05-27 10:44:25.542," {f4ba3e13-c624-6a16-a200-000000002200}",4696,C:\Windows\sysmon64.exe,,,NT AUTHORITY\SYSTEM,,,,,,,,,,,,CreateKey,HKLM\SOFTWARE\Microsoft\SystemCertificates\Disallowed\CRLs,,,,,,,,,,,,,,,,,,,,,,,,,,,,,,,,,,,,,-,C.4f04b5de911bf0cd,C.4f04b5de911bf0cd
1780488690102,,,,,,,,,,,2026-05-27 10:44:25.542," {f4ba3e13-c624-6a16-a200-000000002200}",4696,C:\Windows\sysmon64.exe,,,NT AUTHORITY\SYSTEM,,,,,,,,,,,,CreateKey,HKLM\SOFTWARE\Microsoft\SystemCertificates\Disallowed\CTLs,,,,,,,,,,,,,,,,,,,,,,,,,,,,,,,,,,,,,-,C.4f04b5de911bf0cd,C.4f04b5de911bf0cd
1780488690102,,,,,,,,,,,2026-05-27 10:44:25.542," {f4ba3e13-c624-6a16-a200-000000002200}",4696,C:\Windows\sysmon64.exe,,,NT AUTHORITY\SYSTEM,,,,,,,,,,,,CreateKey,HKLM\SOFTWARE\Policies\Microsoft\SystemCertificates\Disallowed,,,,,,,,,,,,,,,,,,,,,,,,,,,,,,,,,,,,,-,C.4f04b5de911bf0cd,C.4f04b5de911bf0cd
1780488690102,,,,,,,,,,,2026-05-27 10:44:25.542," {f4ba3e13-c624-6a16-a200-000000002200}",4696,C:\Windows\sysmon64.exe,,,NT AUTHORITY\SYSTEM,,,,,,,,,,,,CreateKey,HKLM\SOFTWARE\Policies\Microsoft\SystemCertificates\Disallowed\Certificates,,,,,,,,,,,,,,,,,,,,,,,,,,,,,,,,,,,,,-,C.4f04b5de911bf0cd,C.4f04b5de911bf0cd
1780488690102,,,,,,,,,,,2026-05-27 10:44:25.542," {f4ba3e13-c624-6a16-a200-000000002200}",4696,C:\Windows\sysmon64.exe,,,NT AUTHORITY\SYSTEM,,,,,,,,,,,,CreateKey,HKLM\SOFTWARE\Policies\Microsoft\SystemCertificates\Disallowed\CRLs,,,,,,,,,,,,,,,,,,,,,,,,,,,,,,,,,,,,,-,C.4f04b5de911bf0cd,C.4f04b5de911bf0cd
1780488690102,,,,,,,,,,,2026-05-27 10:44:25.542," {f4ba3e13-c624-6a16-a200-000000002200}",4696,C:\Windows\sysmon64.exe,,,NT AUTHORITY\SYSTEM,,,,,,,,,,,,CreateKey,HKLM\SOFTWARE\Policies\Microsoft\SystemCertificates\Disallowed\CTLs,,,,,,,,,,,,,,,,,,,,,,,,,,,,,,,,,,,,,-,C.4f04b5de911bf0cd,C.4f04b5de911bf0cd
1780488690102,,,,,,,,,,,2026-05-27 10:44:25.542," {f4ba3e13-c624-6a16-a200-000000002200}",4696,C:\Windows\sysmon64.exe,,,NT AUTHORITY\SYSTEM,,,,,,,,,,,,CreateKey,HKLM\SOFTWARE\Microsoft\EnterpriseCertificates\Disallowed,,,,,,,,,,,,,,,,,,,,,,,,,,,,,,,,,,,,,-,C.4f04b5de911bf0cd,C.4f04b5de911bf0cd
1780488690102,,,,,,,,,,,2026-05-27 10:44:25.542," {f4ba3e13-c624-6a16-a200-000000002200}",4696,C:\Windows\sysmon64.exe,,,NT AUTHORITY\SYSTEM,,,,,,,,,,,,CreateKey,HKLM\SOFTWARE\Microsoft\EnterpriseCertificates\Disallowed,,,,,,,,,,,,,,,,,,,,,,,,,,,,,,,,,,,,,-,C.4f04b5de911bf0cd,C.4f04b5de911bf0cd
1780488690102,,,,,,,,,,,2026-05-27 10:44:25.542," {f4ba3e13-c624-6a16-a200-000000002200}",4696,C:\Windows\sysmon64.exe,,,NT AUTHORITY\SYSTEM,,,,,,,,,,,,CreateKey,HKLM\SOFTWARE\Microsoft\EnterpriseCertificates\Disallowed\Certificates,,,,,,,,,,,,,,,,,,,,,,,,,,,,,,,,,,,,,-,C.4f04b5de911bf0cd,C.4f04b5de911bf0cd
1780488690102,,,,,,,,,,,2026-05-27 10:44:25.542," {f4ba3e13-c624-6a16-a200-000000002200}",4696,C:\Windows\sysmon64.exe,,,NT AUTHORITY\SYSTEM,,,,,,,,,,,,CreateKey,HKLM\SOFTWARE\Microsoft\EnterpriseCertificates\Disallowed\CRLs,,,,,,,,,,,,,,,,,,,,,,,,,,,,,,,,,,,,,-,C.4f04b5de911bf0cd,C.4f04b5de911bf0cd
1780488690102,,,,,,,,,,,2026-05-27 10:44:25.542," {f4ba3e13-c624-6a16-a200-000000002200}",4696,C:\Windows\sysmon64.exe,,,NT AUTHORITY\SYSTEM,,,,,,,,,,,,CreateKey,HKLM\SOFTWARE\Microsoft\EnterpriseCertificates\Disallowed\CTLs,,,,,,,,,,,,,,,,,,,,,,,,,,,,,,,,,,,,,-,C.4f04b5de911bf0cd,C.4f04b5de911bf0cd
1780488690102,,,,,,,,,,,,,,,,,,,,,,,,,,,,,,,,,,,,,,,,,,,,,,,,,,,,,,,,,,,,,,,,,,,,C.4f04b5de911bf0cd,C.4f04b5de911bf0cd
1780488690102,,,,,,,,,,,2026-05-27 10:44:25.548," {f4ba3e13-c532-6a16-6800-000000002200}",3992,C:\Program Files\Velociraptor\Velociraptor.exe,,,NT AUTHORITY\SYSTEM,,,,,,,,,,C:\Program Files\Velociraptor\Tools\tmp71793240,2026-05-27 10:44:25.548,,,,,,,,,,,,,,,,,,,,,,,,,,,,,,,,,,,,,,,-,C.4f04b5de911bf0cd,C.4f04b5de911bf0cd
1780488690102,,,,,,,,,,,2026-05-27 10:44:25.555," {f4ba3e13-c532-6a16-6800-000000002200}",3992,C:\Program Files\Velociraptor\Velociraptor.exe,,,NT AUTHORITY\SYSTEM,,,,,,,,,,,,CreatePipe,,,,,,,,,,,,,,,,,,,,,,,,,,,,,,,,,,<Anonymous Pipe>,,,,-,C.4f04b5de911bf0cd,C.4f04b5de911bf0cd
1780488690102,,,,,,,,,,,2026-05-27 10:44:25.555," {f4ba3e13-c532-6a16-6800-000000002200}",3992,C:\Program Files\Velociraptor\Velociraptor.exe,,,NT AUTHORITY\SYSTEM,,,,,,,,,,,,ConnectPipe,,,,,,,,,,,,,,,,,,,,,,,,,,,,,,,,,,<Anonymous Pipe>,,,,-,C.4f04b5de911bf0cd,C.4f04b5de911bf0cd
1780488690102,,,,,,,,,,,2026-05-27 10:44:25.555," {f4ba3e13-c532-6a16-6800-000000002200}",3992,C:\Program Files\Velociraptor\Velociraptor.exe,,,NT AUTHORITY\SYSTEM,,,,,,,,,,,,CreatePipe,,,,,,,,,,,,,,,,,,,,,,,,,,,,,,,,,,<Anonymous Pipe>,,,,-,C.4f04b5de911bf0cd,C.4f04b5de911bf0cd
1780488690102,,,,,,,,,,,2026-05-27 10:44:25.555," {f4ba3e13-c532-6a16-6800-000000002200}",3992,C:\Program Files\Velociraptor\Velociraptor.exe,,,NT AUTHORITY\SYSTEM,,,,,,,,,,,,ConnectPipe,,,,,,,,,,,,,,,,,,,,,,,,,,,,,,,,,,<Anonymous Pipe>,,,,-,C.4f04b5de911bf0cd,C.4f04b5de911bf0cd
1780488690102,,,,,,,,,,,2026-05-27 10:44:25.555," {f4ba3e13-cb09-6a16-fa00-000000002200}",4908,C:\Windows\sysmon64.exe,C:\Windows\sysmon64.exe -c,C:\Windows\system32\,NT AUTHORITY\SYSTEM,"MD5=B1581E884727B450C4DBFA9360F3DB7C,SHA256=D8115212A7747010593DE813404B02D05B915E4B1D0231502B856B9ACE9274E8,IMPHASH=5C31CFDE3181A762CA91D21902DEF1B4"," {f4ba3e13-c532-6a16-6800-000000002200}"," 3992",C:\Program Files\Velociraptor\Velociraptor.exe,"""C:\Program Files\Velociraptor\Velociraptor.exe""  --config ""C:\Program Files\Velociraptor\/client.config.yaml"" service run ",System,0x3E7," {f4ba3e13-c48f-6a16-e703-000000000000}"," 0",,,,,,,,,,,,,,,,,,,,,,,Sysinternals - www.sysinternals.com,Sysinternals Sysmon,System activity monitor," 15.20",-,,,,,,,,,,,,,,-,C.4f04b5de911bf0cd,C.4f04b5de911bf0cd
1780488690102,,,,,,,,,,,,,,,,,,,,,,,,,,,,,,,,,,,,,,,,,,,,,,,,,,,,,,,,,,,,,,,,,,,,C.4f04b5de911bf0cd,C.4f04b5de911bf0cd
1780488690102,,,,,,,,,,,,,,,,,,,,,,,,,,,,,,,,,,,,,,,,,,,,,,,,,,,,,,,,,,,,,,,,,,,,C.4f04b5de911bf0cd,C.4f04b5de911bf0cd
1780488690102,,,,,,,,,,,,,,,,,,,,,,,,,,,,,,,,,,,,,,,,,,,,,,,,,,,,,,,,,,,,,,,,,,,,C.4f04b5de911bf0cd,C.4f04b5de911bf0cd
1780488690102,,,,,,,,,,,2026-05-27 10:44:25.581," {f4ba3e13-c624-6a16-a200-000000002200}",4696,C:\Windows\sysmon64.exe,,,NT AUTHORITY\SYSTEM,,,,,,,,,,,,CreateKey,HKU\.DEFAULT\Software\Microsoft\Windows\CurrentVersion\WinTrust\Trust Providers\Software Publishing,,,,,,,,,,,,,,,,,,,,,,,,,,,,,,,,,,,,,-,C.4f04b5de911bf0cd,C.4f04b5de911bf0cd
1780488690102,,,,,,,,,,,,,,,,,,,,,,,,,,,,,,,,,,,,,,,,,,,,,,,,,,,,,,,,,,,,,,,,,,,,C.4f04b5de911bf0cd,C.4f04b5de911bf0cd
1780488690102,,,,,,,,,,,,,,,,,,,,,,,,,,,,,,,,,,,,,,,,,,,,,,,,,,,,,,,,,,,,,,,,,,,,C.4f04b5de911bf0cd,C.4f04b5de911bf0cd
1780488690102,,,,,,,,,,,2026-05-27 10:44:25.583," {f4ba3e13-c4ad-6a16-3200-000000002200}",2788,C:\Program Files\Windows Defender\MsMpEng.exe,,,NT AUTHORITY\SYSTEM,,,,,,,,,,,,,,,,,,,,,,,,,,,,,,,,,,,,,,,,,,,,,,,,,,-,C.4f04b5de911bf0cd,C.4f04b5de911bf0cd
1780488690102,,,,,,,,,,,2026-05-27 10:44:25.583," {f4ba3e13-cb09-6a16-fb00-000000002200}",5244,C:\Windows\System32\conhost.exe,\??\C:\Windows\system32\conhost.exe 0xffffffff -ForceV1,C:\Windows,NT AUTHORITY\SYSTEM,"MD5=D752C96401E2540A443C599154FC6FA9,SHA256=046F7A1B4DE67562547ED9A180A72F481FC41E803DE49A96D7D7C731964D53A0,IMPHASH=2C980A4DA7C717CC670CB9E1D2C4D733"," {f4ba3e13-cb09-6a16-fa00-000000002200}"," 4908",C:\Windows\sysmon64.exe,C:\Windows\sysmon64.exe -c,System,0x3E7," {f4ba3e13-c48f-6a16-e703-000000000000}"," 0",,,,,,,,,,,,,,,,,,,,,,,Microsoft Corporation,Microsoft® Windows® Operating System,Console Window Host,10.0.14393.0 (rs1_release.160715-1616),CONHOST.EXE,,,,,,,,,,,,,,-,C.4f04b5de911bf0cd,C.4f04b5de911bf0cd
1780488690102,,,,,,,,,,,,,,,,,,,,,,,,,,,,,,,,,,,,,,,,,,,,,,,,,,,,,,,,,,,,,,,,,,,,C.4f04b5de911bf0cd,C.4f04b5de911bf0cd
1780488690102,,,,,,,,,,,,,,,,,,,,,,,,,,,,,,,,,,,,,,,,,,,,,,,,,,,,,,,,,,,,,,,,,,,,C.4f04b5de911bf0cd,C.4f04b5de911bf0cd
1780488690102,,,,,,,,,,,,,,,,,,,,,,,,,,,,,,,,,,,,,,,,,,,,,,,,,,,,,,,,,,,,,,,,,,,,C.4f04b5de911bf0cd,C.4f04b5de911bf0cd
1780488690102,,,,,,,,,,,,,,,,,,,,,,,,,,,,,,,,,,,,,,,,,,,,,,,,,,,,,,,,,,,,,,,,,,,,C.4f04b5de911bf0cd,C.4f04b5de911bf0cd
1780488690102,,,,,,,,,,,,,,,,,,,,,,,,,,,,,,,,,,,,,,,,,,,,,,,,,,,,,,,,,,,,,,,,,,,,C.4f04b5de911bf0cd,C.4f04b5de911bf0cd
1780488690102,,,,,,,,,,,,,,,,,,,,,,,,,,,,,,,,,,,,,,,,,,,,,,,,,,,,,,,,,,,,,,,,,,,,C.4f04b5de911bf0cd,C.4f04b5de911bf0cd
1780488690102,,,,,,,,,,,,,,,,,,,,,,,,,,,,,,,,,,,,,,,,,,,,,,,,,,,,,,,,,,,,,,,,,,,,C.4f04b5de911bf0cd,C.4f04b5de911bf0cd
1780488690102,,,,,,,,,,,,,,,,,,,,,,,,,,,,,,,,,,,,,,,,,,,,,,,,,,,,,,,,,,,,,,,,,,,,C.4f04b5de911bf0cd,C.4f04b5de911bf0cd
1780488690102,,,,,,,,,,,,,,,,,,,,,,,,,,,,,,,,,,,,,,,,,,,,,,,,,,,,,,,,,,,,,,,,,,,,C.4f04b5de911bf0cd,C.4f04b5de911bf0cd
1780488690102,,,,,,,,,,,,,,,,,,,,,,,,,,,,,,,,,,,,,,,,,,,,,,,,,,,,,,,,,,,,,,,,,,,,C.4f04b5de911bf0cd,C.4f04b5de911bf0cd
1780488690102,,,,,,,,,,,,,,,,,,,,,,,,,,,,,,,,,,,,,,,,,,,,,,,,,,,,,,,,,,,,,,,,,,,,C.4f04b5de911bf0cd,C.4f04b5de911bf0cd
1780488690102,,,,,,,,,,,,,,,,,,,,,,,,,,,,,,,,,,,,,,,,,,,,,,,,,,,,,,,,,,,,,,,,,,,,C.4f04b5de911bf0cd,C.4f04b5de911bf0cd
1780488690102,,,,,,,,,,,,,,,,,,,,,,,,,,,,,,,,,,,,,,,,,,,,,,,,,,,,,,,,,,,,,,,,,,,,C.4f04b5de911bf0cd,C.4f04b5de911bf0cd
1780488690102,,,,,,,,,,,,,,,,,,,,,,,,,,,,,,,,,,,,,,,,,,,,,,,,,,,,,,,,,,,,,,,,,,,,C.4f04b5de911bf0cd,C.4f04b5de911bf0cd
1780488690102,,,,,,,,,,,,,,,,,,,,,,,,,,,,,,,,,,,,,,,,,,,,,,,,,,,,,,,,,,,,,,,,,,,,C.4f04b5de911bf0cd,C.4f04b5de911bf0cd
1780488690102,,,,,,,,,,,,,,,,,,,,,,,,,,,,,,,,,,,,,,,,,,,,,,,,,,,,,,,,,,,,,,,,,,,,C.4f04b5de911bf0cd,C.4f04b5de911bf0cd
1780488690102,,,,,,,,,,,,,,,,,,,,,,,,,,,,,,,,,,,,,,,,,,,,,,,,,,,,,,,,,,,,,,,,,,,,C.4f04b5de911bf0cd,C.4f04b5de911bf0cd
1780488690102,,,,,,,,,,,,,,,,,,,,,,,,,,,,,,,,,,,,,,,,,,,,,,,,,,,,,,,,,,,,,,,,,,,,C.4f04b5de911bf0cd,C.4f04b5de911bf0cd
1780488690102,,,,,,,,,,,,,,,,,,,,,,,,,,,,,,,,,,,,,,,,,,,,,,,,,,,,,,,,,,,,,,,,,,,,C.4f04b5de911bf0cd,C.4f04b5de911bf0cd
1780488690102,,,,,,,,,,,,,,,,,,,,,,,,,,,,,,,,,,,,,,,,,,,,,,,,,,,,,,,,,,,,,,,,,,,,C.4f04b5de911bf0cd,C.4f04b5de911bf0cd
1780488690102,,,,,,,,,,,,,,,,,,,,,,,,,,,,,,,,,,,,,,,,,,,,,,,,,,,,,,,,,,,,,,,,,,,,C.4f04b5de911bf0cd,C.4f04b5de911bf0cd
1780488690102,,,,,,,,,,,,,,,,,,,,,,,,,,,,,,,,,,,,,,,,,,,,,,,,,,,,,,,,,,,,,,,,,,,,C.4f04b5de911bf0cd,C.4f04b5de911bf0cd
1780488690102,,,,,,,,,,,,,,,,,,,,,,,,,,,,,,,,,,,,,,,,,,,,,,,,,,,,,,,,,,,,,,,,,,,,C.4f04b5de911bf0cd,C.4f04b5de911bf0cd
1780488690102,,,,,,,,,,,,,,,,,,,,,,,,,,,,,,,,,,,,,,,,,,,,,,,,,,,,,,,,,,,,,,,,,,,,C.4f04b5de911bf0cd,C.4f04b5de911bf0cd
1780488690102,,,,,,,,,,,,,,,,,,,,,,,,,,,,,,,,,,,,,,,,,,,,,,,,,,,,,,,,,,,,,,,,,,,,C.4f04b5de911bf0cd,C.4f04b5de911bf0cd
1780488690102,,,,,,,,,,,,,,,,,,,,,,,,,,,,,,,,,,,,,,,,,,,,,,,,,,,,,,,,,,,,,,,,,,,,C.4f04b5de911bf0cd,C.4f04b5de911bf0cd
1780488690102,,,,,,,,,,,,,,,,,,,,,,,,,,,,,,,,,,,,,,,,,,,,,,,,,,,,,,,,,,,,,,,,,,,,C.4f04b5de911bf0cd,C.4f04b5de911bf0cd
1780488690102,,,,,,,,,,,,,,,,,,,,,,,,,,,,,,,,,,,,,,,,,,,,,,,,,,,,,,,,,,,,,,,,,,,,C.4f04b5de911bf0cd,C.4f04b5de911bf0cd
1780488690102,,,,,,,,,,,,,,,,,,,,,,,,,,,,,,,,,,,,,,,,,,,,,,,,,,,,,,,,,,,,,,,,,,,,C.4f04b5de911bf0cd,C.4f04b5de911bf0cd
1780488690102,,,,,,,,,,,,,,,,,,,,,,,,,,,,,,,,,,,,,,,,,,,,,,,,,,,,,,,,,,,,,,,,,,,,C.4f04b5de911bf0cd,C.4f04b5de911bf0cd
1780488690102,,,,,,,,,,,,,,,,,,,,,,,,,,,,,,,,,,,,,,,,,,,,,,,,,,,,,,,,,,,,,,,,,,,,C.4f04b5de911bf0cd,C.4f04b5de911bf0cd
1780488690102,,,,,,,,,,,,,,,,,,,,,,,,,,,,,,,,,,,,,,,,,,,,,,,,,,,,,,,,,,,,,,,,,,,,C.4f04b5de911bf0cd,C.4f04b5de911bf0cd
1780488690102,,,,,,,,,,,,,,,,,,,,,,,,,,,,,,,,,,,,,,,,,,,,,,,,,,,,,,,,,,,,,,,,,,,,C.4f04b5de911bf0cd,C.4f04b5de911bf0cd
1780488690102,,,,,,,,,,,,,,,,,,,,,,,,,,,,,,,,,,,,,,,,,,,,,,,,,,,,,,,,,,,,,,,,,,,,C.4f04b5de911bf0cd,C.4f04b5de911bf0cd
1780488690102,,,,,,,,,,,,,,,,,,,,,,,,,,,,,,,,,,,,,,,,,,,,,,,,,,,,,,,,,,,,,,,,,,,,C.4f04b5de911bf0cd,C.4f04b5de911bf0cd
1780488690102,,,,,,,,,,,,,,,,,,,,,,,,,,,,,,,,,,,,,,,,,,,,,,,,,,,,,,,,,,,,,,,,,,,,C.4f04b5de911bf0cd,C.4f04b5de911bf0cd
1780488690102,,,,,,,,,,,,,,,,,,,,,,,,,,,,,,,,,,,,,,,,,,,,,,,,,,,,,,,,,,,,,,,,,,,,C.4f04b5de911bf0cd,C.4f04b5de911bf0cd
1780488690102,,,,,,,,,,,,,,,,,,,,,,,,,,,,,,,,,,,,,,,,,,,,,,,,,,,,,,,,,,,,,,,,,,,,C.4f04b5de911bf0cd,C.4f04b5de911bf0cd
1780488690102,,,,,,,,,,,,,,,,,,,,,,,,,,,,,,,,,,,,,,,,,,,,,,,,,,,,,,,,,,,,,,,,,,,,C.4f04b5de911bf0cd,C.4f04b5de911bf0cd
1780488690102,,,,,,,,,,,,,,,,,,,,,,,,,,,,,,,,,,,,,,,,,,,,,,,,,,,,,,,,,,,,,,,,,,,,C.4f04b5de911bf0cd,C.4f04b5de911bf0cd
1780488690102,,,,,,,,,,,,,,,,,,,,,,,,,,,,,,,,,,,,,,,,,,,,,,,,,,,,,,,,,,,,,,,,,,,,C.4f04b5de911bf0cd,C.4f04b5de911bf0cd
1780488690102,,,,,,,,,,,,,,,,,,,,,,,,,,,,,,,,,,,,,,,,,,,,,,,,,,,,,,,,,,,,,,,,,,,,C.4f04b5de911bf0cd,C.4f04b5de911bf0cd
1780488690102,,,,,,,,,,,,,,,,,,,,,,,,,,,,,,,,,,,,,,,,,,,,,,,,,,,,,,,,,,,,,,,,,,,,C.4f04b5de911bf0cd,C.4f04b5de911bf0cd
1780488690102,,,,,,,,,,,,,,,,,,,,,,,,,,,,,,,,,,,,,,,,,,,,,,,,,,,,,,,,,,,,,,,,,,,,C.4f04b5de911bf0cd,C.4f04b5de911bf0cd
1780488690102,,,,,,,,,,,,,,,,,,,,,,,,,,,,,,,,,,,,,,,,,,,,,,,,,,,,,,,,,,,,,,,,,,,,C.4f04b5de911bf0cd,C.4f04b5de911bf0cd
1780488690102,,,,,,,,,,,,,,,,,,,,,,,,,,,,,,,,,,,,,,,,,,,,,,,,,,,,,,,,,,,,,,,,,,,,C.4f04b5de911bf0cd,C.4f04b5de911bf0cd
1780488690102,,,,,,,,,,,,,,,,,,,,,,,,,,,,,,,,,,,,,,,,,,,,,,,,,,,,,,,,,,,,,,,,,,,,C.4f04b5de911bf0cd,C.4f04b5de911bf0cd
1780488690102,,,,,,,,,,,,,,,,,,,,,,,,,,,,,,,,,,,,,,,,,,,,,,,,,,,,,,,,,,,,,,,,,,,,C.4f04b5de911bf0cd,C.4f04b5de911bf0cd
1780488690102,,,,,,,,,,,2026-05-27 10:44:25.601," {f4ba3e13-c624-6a16-a200-000000002200}",4696,C:\Windows\sysmon64.exe,,,NT AUTHORITY\SYSTEM,,,,,,,,,,,,CreateKey,HKU\.DEFAULT\Software\Microsoft\SystemCertificates\Disallowed,,,,,,,,,,,,,,,,,,,,,,,,,,,,,,,,,,,,,-,C.4f04b5de911bf0cd,C.4f04b5de911bf0cd
1780488690102,,,,,,,,,,,2026-05-27 10:44:25.601," {f4ba3e13-c624-6a16-a200-000000002200}",4696,C:\Windows\sysmon64.exe,,,NT AUTHORITY\SYSTEM,,,,,,,,,,,,CreateKey,HKU\.DEFAULT\Software\Microsoft\SystemCertificates\Disallowed,,,,,,,,,,,,,,,,,,,,,,,,,,,,,,,,,,,,,-,C.4f04b5de911bf0cd,C.4f04b5de911bf0cd
1780488690102,,,,,,,,,,,2026-05-27 10:44:25.601," {f4ba3e13-c624-6a16-a200-000000002200}",4696,C:\Windows\sysmon64.exe,,,NT AUTHORITY\SYSTEM,,,,,,,,,,,,CreateKey,HKU\.DEFAULT\Software\Microsoft\SystemCertificates\Disallowed\Certificates,,,,,,,,,,,,,,,,,,,,,,,,,,,,,,,,,,,,,-,C.4f04b5de911bf0cd,C.4f04b5de911bf0cd
1780488690102,,,,,,,,,,,2026-05-27 10:44:25.601," {f4ba3e13-c624-6a16-a200-000000002200}",4696,C:\Windows\sysmon64.exe,,,NT AUTHORITY\SYSTEM,,,,,,,,,,,,CreateKey,HKU\.DEFAULT\Software\Microsoft\SystemCertificates\Disallowed\CRLs,,,,,,,,,,,,,,,,,,,,,,,,,,,,,,,,,,,,,-,C.4f04b5de911bf0cd,C.4f04b5de911bf0cd
1780488690102,,,,,,,,,,,2026-05-27 10:44:25.601," {f4ba3e13-c624-6a16-a200-000000002200}",4696,C:\Windows\sysmon64.exe,,,NT AUTHORITY\SYSTEM,,,,,,,,,,,,CreateKey,HKU\.DEFAULT\Software\Microsoft\SystemCertificates\Disallowed\CTLs,,,,,,,,,,,,,,,,,,,,,,,,,,,,,,,,,,,,,-,C.4f04b5de911bf0cd,C.4f04b5de911bf0cd
1780488690102,,,,,,,,,,,2026-05-27 10:44:25.601," {f4ba3e13-c624-6a16-a200-000000002200}",4696,C:\Windows\sysmon64.exe,,,NT AUTHORITY\SYSTEM,,,,,,,,,,,,CreateKey,HKU\.DEFAULT\Software\Policies\Microsoft\SystemCertificates\Disallowed,,,,,,,,,,,,,,,,,,,,,,,,,,,,,,,,,,,,,-,C.4f04b5de911bf0cd,C.4f04b5de911bf0cd
1780488690102,,,,,,,,,,,2026-05-27 10:44:25.601," {f4ba3e13-c624-6a16-a200-000000002200}",4696,C:\Windows\sysmon64.exe,,,NT AUTHORITY\SYSTEM,,,,,,,,,,,,CreateKey,HKU\.DEFAULT\Software\Policies\Microsoft\SystemCertificates\Disallowed\Certificates,,,,,,,,,,,,,,,,,,,,,,,,,,,,,,,,,,,,,-,C.4f04b5de911bf0cd,C.4f04b5de911bf0cd
1780488690102,,,,,,,,,,,2026-05-27 10:44:25.601," {f4ba3e13-c624-6a16-a200-000000002200}",4696,C:\Windows\sysmon64.exe,,,NT AUTHORITY\SYSTEM,,,,,,,,,,,,CreateKey,HKU\.DEFAULT\Software\Policies\Microsoft\SystemCertificates\Disallowed\CRLs,,,,,,,,,,,,,,,,,,,,,,,,,,,,,,,,,,,,,-,C.4f04b5de911bf0cd,C.4f04b5de911bf0cd
1780488690102,,,,,,,,,,,2026-05-27 10:44:25.601," {f4ba3e13-c624-6a16-a200-000000002200}",4696,C:\Windows\sysmon64.exe,,,NT AUTHORITY\SYSTEM,,,,,,,,,,,,CreateKey,HKU\.DEFAULT\Software\Policies\Microsoft\SystemCertificates\Disallowed\CTLs,,,,,,,,,,,,,,,,,,,,,,,,,,,,,,,,,,,,,-,C.4f04b5de911bf0cd,C.4f04b5de911bf0cd
1780488690102,,,,,,,,,,,2026-05-27 10:44:25.601," {f4ba3e13-c624-6a16-a200-000000002200}",4696,C:\Windows\sysmon64.exe,,,NT AUTHORITY\SYSTEM,,,,,,,,,,,,CreateKey,HKLM\SOFTWARE\Microsoft\SystemCertificates\Disallowed,,,,,,,,,,,,,,,,,,,,,,,,,,,,,,,,,,,,,-,C.4f04b5de911bf0cd,C.4f04b5de911bf0cd
1780488690102,,,,,,,,,,,2026-05-27 10:44:25.601," {f4ba3e13-c624-6a16-a200-000000002200}",4696,C:\Windows\sysmon64.exe,,,NT AUTHORITY\SYSTEM,,,,,,,,,,,,CreateKey,HKLM\SOFTWARE\Microsoft\SystemCertificates\Disallowed,,,,,,,,,,,,,,,,,,,,,,,,,,,,,,,,,,,,,-,C.4f04b5de911bf0cd,C.4f04b5de911bf0cd
1780488690102,,,,,,,,,,,2026-05-27 10:44:25.601," {f4ba3e13-c624-6a16-a200-000000002200}",4696,C:\Windows\sysmon64.exe,,,NT AUTHORITY\SYSTEM,,,,,,,,,,,,CreateKey,HKLM\SOFTWARE\Microsoft\SystemCertificates\Disallowed\Certificates,,,,,,,,,,,,,,,,,,,,,,,,,,,,,,,,,,,,,-,C.4f04b5de911bf0cd,C.4f04b5de911bf0cd
1780488690102,,,,,,,,,,,2026-05-27 10:44:25.601," {f4ba3e13-c624-6a16-a200-000000002200}",4696,C:\Windows\sysmon64.exe,,,NT AUTHORITY\SYSTEM,,,,,,,,,,,,CreateKey,HKLM\SOFTWARE\Microsoft\SystemCertificates\Disallowed\CRLs,,,,,,,,,,,,,,,,,,,,,,,,,,,,,,,,,,,,,-,C.4f04b5de911bf0cd,C.4f04b5de911bf0cd
1780488690102,,,,,,,,,,,2026-05-27 10:44:25.601," {f4ba3e13-c624-6a16-a200-000000002200}",4696,C:\Windows\sysmon64.exe,,,NT AUTHORITY\SYSTEM,,,,,,,,,,,,CreateKey,HKLM\SOFTWARE\Microsoft\SystemCertificates\Disallowed\CTLs,,,,,,,,,,,,,,,,,,,,,,,,,,,,,,,,,,,,,-,C.4f04b5de911bf0cd,C.4f04b5de911bf0cd
1780488690102,,,,,,,,,,,2026-05-27 10:44:25.601," {f4ba3e13-c624-6a16-a200-000000002200}",4696,C:\Windows\sysmon64.exe,,,NT AUTHORITY\SYSTEM,,,,,,,,,,,,CreateKey,HKLM\SOFTWARE\Policies\Microsoft\SystemCertificates\Disallowed,,,,,,,,,,,,,,,,,,,,,,,,,,,,,,,,,,,,,-,C.4f04b5de911bf0cd,C.4f04b5de911bf0cd
1780488690102,,,,,,,,,,,2026-05-27 10:44:25.601," {f4ba3e13-c624-6a16-a200-000000002200}",4696,C:\Windows\sysmon64.exe,,,NT AUTHORITY\SYSTEM,,,,,,,,,,,,CreateKey,HKLM\SOFTWARE\Policies\Microsoft\SystemCertificates\Disallowed\Certificates,,,,,,,,,,,,,,,,,,,,,,,,,,,,,,,,,,,,,-,C.4f04b5de911bf0cd,C.4f04b5de911bf0cd
1780488690102,,,,,,,,,,,2026-05-27 10:44:25.601," {f4ba3e13-c624-6a16-a200-000000002200}",4696,C:\Windows\sysmon64.exe,,,NT AUTHORITY\SYSTEM,,,,,,,,,,,,CreateKey,HKLM\SOFTWARE\Policies\Microsoft\SystemCertificates\Disallowed\CRLs,,,,,,,,,,,,,,,,,,,,,,,,,,,,,,,,,,,,,-,C.4f04b5de911bf0cd,C.4f04b5de911bf0cd
1780488690102,,,,,,,,,,,2026-05-27 10:44:25.601," {f4ba3e13-c624-6a16-a200-000000002200}",4696,C:\Windows\sysmon64.exe,,,NT AUTHORITY\SYSTEM,,,,,,,,,,,,CreateKey,HKLM\SOFTWARE\Policies\Microsoft\SystemCertificates\Disallowed\CTLs,,,,,,,,,,,,,,,,,,,,,,,,,,,,,,,,,,,,,-,C.4f04b5de911bf0cd,C.4f04b5de911bf0cd
1780488690102,,,,,,,,,,,2026-05-27 10:44:25.601," {f4ba3e13-c624-6a16-a200-000000002200}",4696,C:\Windows\sysmon64.exe,,,NT AUTHORITY\SYSTEM,,,,,,,,,,,,CreateKey,HKLM\SOFTWARE\Microsoft\EnterpriseCertificates\Disallowed,,,,,,,,,,,,,,,,,,,,,,,,,,,,,,,,,,,,,-,C.4f04b5de911bf0cd,C.4f04b5de911bf0cd
1780488690102,,,,,,,,,,,2026-05-27 10:44:25.601," {f4ba3e13-c624-6a16-a200-000000002200}",4696,C:\Windows\sysmon64.exe,,,NT AUTHORITY\SYSTEM,,,,,,,,,,,,CreateKey,HKLM\SOFTWARE\Microsoft\EnterpriseCertificates\Disallowed,,,,,,,,,,,,,,,,,,,,,,,,,,,,,,,,,,,,,-,C.4f04b5de911bf0cd,C.4f04b5de911bf0cd
1780488690102,,,,,,,,,,,2026-05-27 10:44:25.601," {f4ba3e13-c624-6a16-a200-000000002200}",4696,C:\Windows\sysmon64.exe,,,NT AUTHORITY\SYSTEM,,,,,,,,,,,,CreateKey,HKLM\SOFTWARE\Microsoft\EnterpriseCertificates\Disallowed\Certificates,,,,,,,,,,,,,,,,,,,,,,,,,,,,,,,,,,,,,-,C.4f04b5de911bf0cd,C.4f04b5de911bf0cd
1780488690102,,,,,,,,,,,2026-05-27 10:44:25.601," {f4ba3e13-c624-6a16-a200-000000002200}",4696,C:\Windows\sysmon64.exe,,,NT AUTHORITY\SYSTEM,,,,,,,,,,,,CreateKey,HKLM\SOFTWARE\Microsoft\EnterpriseCertificates\Disallowed\CRLs,,,,,,,,,,,,,,,,,,,,,,,,,,,,,,,,,,,,,-,C.4f04b5de911bf0cd,C.4f04b5de911bf0cd
1780488690102,,,,,,,,,,,2026-05-27 10:44:25.601," {f4ba3e13-c624-6a16-a200-000000002200}",4696,C:\Windows\sysmon64.exe,,,NT AUTHORITY\SYSTEM,,,,,,,,,,,,CreateKey,HKLM\SOFTWARE\Microsoft\EnterpriseCertificates\Disallowed\CTLs,,,,,,,,,,,,,,,,,,,,,,,,,,,,,,,,,,,,,-,C.4f04b5de911bf0cd,C.4f04b5de911bf0cd
1780488690102,,,,,,,,,,,,,,,,,,,,,,,,,,,,,,,,,,,,,,,,,,,,,,,,,,,,,,,,,,,,,,,,,,,,C.4f04b5de911bf0cd,C.4f04b5de911bf0cd
1780488690102,,,,,,,,,,,2026-05-27 10:44:25.601," {f4ba3e13-c624-6a16-a200-000000002200}",4696,C:\Windows\sysmon64.exe,,,NT AUTHORITY\SYSTEM,,,,,,,,,,,,CreateKey,HKU\.DEFAULT\Software\Microsoft\Windows\CurrentVersion\WinTrust\Trust Providers\Software Publishing,,,,,,,,,,,,,,,,,,,,,,,,,,,,,,,,,,,,,-,C.4f04b5de911bf0cd,C.4f04b5de911bf0cd
1780488690102,,,,,,,,,,,2026-05-27 10:44:25.601," {f4ba3e13-c624-6a16-a200-000000002200}",4696,C:\Windows\sysmon64.exe,,,NT AUTHORITY\SYSTEM,,,,,,,,,,,,CreateKey,HKU\.DEFAULT\Software\Microsoft\SystemCertificates\Disallowed,,,,,,,,,,,,,,,,,,,,,,,,,,,,,,,,,,,,,-,C.4f04b5de911bf0cd,C.4f04b5de911bf0cd
1780488690102,,,,,,,,,,,2026-05-27 10:44:25.601," {f4ba3e13-c624-6a16-a200-000000002200}",4696,C:\Windows\sysmon64.exe,,,NT AUTHORITY\SYSTEM,,,,,,,,,,,,CreateKey,HKU\.DEFAULT\Software\Microsoft\SystemCertificates\Disallowed,,,,,,,,,,,,,,,,,,,,,,,,,,,,,,,,,,,,,-,C.4f04b5de911bf0cd,C.4f04b5de911bf0cd
1780488690102,,,,,,,,,,,2026-05-27 10:44:25.601," {f4ba3e13-c624-6a16-a200-000000002200}",4696,C:\Windows\sysmon64.exe,,,NT AUTHORITY\SYSTEM,,,,,,,,,,,,CreateKey,HKU\.DEFAULT\Software\Microsoft\SystemCertificates\Disallowed\Certificates,,,,,,,,,,,,,,,,,,,,,,,,,,,,,,,,,,,,,-,C.4f04b5de911bf0cd,C.4f04b5de911bf0cd
1780488690102,,,,,,,,,,,2026-05-27 10:44:25.601," {f4ba3e13-c624-6a16-a200-000000002200}",4696,C:\Windows\sysmon64.exe,,,NT AUTHORITY\SYSTEM,,,,,,,,,,,,CreateKey,HKU\.DEFAULT\Software\Microsoft\SystemCertificates\Disallowed\CRLs,,,,,,,,,,,,,,,,,,,,,,,,,,,,,,,,,,,,,-,C.4f04b5de911bf0cd,C.4f04b5de911bf0cd
1780488690102,,,,,,,,,,,2026-05-27 10:44:25.601," {f4ba3e13-c624-6a16-a200-000000002200}",4696,C:\Windows\sysmon64.exe,,,NT AUTHORITY\SYSTEM,,,,,,,,,,,,CreateKey,HKU\.DEFAULT\Software\Microsoft\SystemCertificates\Disallowed\CTLs,,,,,,,,,,,,,,,,,,,,,,,,,,,,,,,,,,,,,-,C.4f04b5de911bf0cd,C.4f04b5de911bf0cd
1780488690102,,,,,,,,,,,2026-05-27 10:44:25.601," {f4ba3e13-c624-6a16-a200-000000002200}",4696,C:\Windows\sysmon64.exe,,,NT AUTHORITY\SYSTEM,,,,,,,,,,,,CreateKey,HKU\.DEFAULT\Software\Policies\Microsoft\SystemCertificates\Disallowed,,,,,,,,,,,,,,,,,,,,,,,,,,,,,,,,,,,,,-,C.4f04b5de911bf0cd,C.4f04b5de911bf0cd
1780488690102,,,,,,,,,,,2026-05-27 10:44:25.601," {f4ba3e13-c624-6a16-a200-000000002200}",4696,C:\Windows\sysmon64.exe,,,NT AUTHORITY\SYSTEM,,,,,,,,,,,,CreateKey,HKU\.DEFAULT\Software\Policies\Microsoft\SystemCertificates\Disallowed\Certificates,,,,,,,,,,,,,,,,,,,,,,,,,,,,,,,,,,,,,-,C.4f04b5de911bf0cd,C.4f04b5de911bf0cd
1780488690102,,,,,,,,,,,2026-05-27 10:44:25.601," {f4ba3e13-c624-6a16-a200-000000002200}",4696,C:\Windows\sysmon64.exe,,,NT AUTHORITY\SYSTEM,,,,,,,,,,,,CreateKey,HKU\.DEFAULT\Software\Policies\Microsoft\SystemCertificates\Disallowed\CRLs,,,,,,,,,,,,,,,,,,,,,,,,,,,,,,,,,,,,,-,C.4f04b5de911bf0cd,C.4f04b5de911bf0cd
1780488690102,,,,,,,,,,,2026-05-27 10:44:25.601," {f4ba3e13-c624-6a16-a200-000000002200}",4696,C:\Windows\sysmon64.exe,,,NT AUTHORITY\SYSTEM,,,,,,,,,,,,CreateKey,HKU\.DEFAULT\Software\Policies\Microsoft\SystemCertificates\Disallowed\CTLs,,,,,,,,,,,,,,,,,,,,,,,,,,,,,,,,,,,,,-,C.4f04b5de911bf0cd,C.4f04b5de911bf0cd
1780488690102,,,,,,,,,,,2026-05-27 10:44:25.601," {f4ba3e13-c624-6a16-a200-000000002200}",4696,C:\Windows\sysmon64.exe,,,NT AUTHORITY\SYSTEM,,,,,,,,,,,,CreateKey,HKLM\SOFTWARE\Microsoft\SystemCertificates\Disallowed,,,,,,,,,,,,,,,,,,,,,,,,,,,,,,,,,,,,,-,C.4f04b5de911bf0cd,C.4f04b5de911bf0cd
1780488690102,,,,,,,,,,,2026-05-27 10:44:25.601," {f4ba3e13-c624-6a16-a200-000000002200}",4696,C:\Windows\sysmon64.exe,,,NT AUTHORITY\SYSTEM,,,,,,,,,,,,CreateKey,HKLM\SOFTWARE\Microsoft\SystemCertificates\Disallowed,,,,,,,,,,,,,,,,,,,,,,,,,,,,,,,,,,,,,-,C.4f04b5de911bf0cd,C.4f04b5de911bf0cd
1780488690102,,,,,,,,,,,2026-05-27 10:44:25.601," {f4ba3e13-c624-6a16-a200-000000002200}",4696,C:\Windows\sysmon64.exe,,,NT AUTHORITY\SYSTEM,,,,,,,,,,,,CreateKey,HKLM\SOFTWARE\Microsoft\SystemCertificates\Disallowed\Certificates,,,,,,,,,,,,,,,,,,,,,,,,,,,,,,,,,,,,,-,C.4f04b5de911bf0cd,C.4f04b5de911bf0cd
1780488690102,,,,,,,,,,,2026-05-27 10:44:25.601," {f4ba3e13-c624-6a16-a200-000000002200}",4696,C:\Windows\sysmon64.exe,,,NT AUTHORITY\SYSTEM,,,,,,,,,,,,CreateKey,HKLM\SOFTWARE\Microsoft\SystemCertificates\Disallowed\CRLs,,,,,,,,,,,,,,,,,,,,,,,,,,,,,,,,,,,,,-,C.4f04b5de911bf0cd,C.4f04b5de911bf0cd
1780488690102,,,,,,,,,,,2026-05-27 10:44:25.601," {f4ba3e13-c624-6a16-a200-000000002200}",4696,C:\Windows\sysmon64.exe,,,NT AUTHORITY\SYSTEM,,,,,,,,,,,,CreateKey,HKLM\SOFTWARE\Microsoft\SystemCertificates\Disallowed\CTLs,,,,,,,,,,,,,,,,,,,,,,,,,,,,,,,,,,,,,-,C.4f04b5de911bf0cd,C.4f04b5de911bf0cd
1780488690102,,,,,,,,,,,2026-05-27 10:44:25.601," {f4ba3e13-c624-6a16-a200-000000002200}",4696,C:\Windows\sysmon64.exe,,,NT AUTHORITY\SYSTEM,,,,,,,,,,,,CreateKey,HKLM\SOFTWARE\Policies\Microsoft\SystemCertificates\Disallowed,,,,,,,,,,,,,,,,,,,,,,,,,,,,,,,,,,,,,-,C.4f04b5de911bf0cd,C.4f04b5de911bf0cd
1780488690102,,,,,,,,,,,2026-05-27 10:44:25.601," {f4ba3e13-c624-6a16-a200-000000002200}",4696,C:\Windows\sysmon64.exe,,,NT AUTHORITY\SYSTEM,,,,,,,,,,,,CreateKey,HKLM\SOFTWARE\Policies\Microsoft\SystemCertificates\Disallowed\Certificates,,,,,,,,,,,,,,,,,,,,,,,,,,,,,,,,,,,,,-,C.4f04b5de911bf0cd,C.4f04b5de911bf0cd
1780488690102,,,,,,,,,,,2026-05-27 10:44:25.601," {f4ba3e13-c624-6a16-a200-000000002200}",4696,C:\Windows\sysmon64.exe,,,NT AUTHORITY\SYSTEM,,,,,,,,,,,,CreateKey,HKLM\SOFTWARE\Policies\Microsoft\SystemCertificates\Disallowed\CRLs,,,,,,,,,,,,,,,,,,,,,,,,,,,,,,,,,,,,,-,C.4f04b5de911bf0cd,C.4f04b5de911bf0cd
1780488690102,,,,,,,,,,,2026-05-27 10:44:25.601," {f4ba3e13-c624-6a16-a200-000000002200}",4696,C:\Windows\sysmon64.exe,,,NT AUTHORITY\SYSTEM,,,,,,,,,,,,CreateKey,HKLM\SOFTWARE\Policies\Microsoft\SystemCertificates\Disallowed\CTLs,,,,,,,,,,,,,,,,,,,,,,,,,,,,,,,,,,,,,-,C.4f04b5de911bf0cd,C.4f04b5de911bf0cd
1780488690102,,,,,,,,,,,2026-05-27 10:44:25.601," {f4ba3e13-c624-6a16-a200-000000002200}",4696,C:\Windows\sysmon64.exe,,,NT AUTHORITY\SYSTEM,,,,,,,,,,,,CreateKey,HKLM\SOFTWARE\Microsoft\EnterpriseCertificates\Disallowed,,,,,,,,,,,,,,,,,,,,,,,,,,,,,,,,,,,,,-,C.4f04b5de911bf0cd,C.4f04b5de911bf0cd
1780488690102,,,,,,,,,,,2026-05-27 10:44:25.601," {f4ba3e13-c624-6a16-a200-000000002200}",4696,C:\Windows\sysmon64.exe,,,NT AUTHORITY\SYSTEM,,,,,,,,,,,,CreateKey,HKLM\SOFTWARE\Microsoft\EnterpriseCertificates\Disallowed,,,,,,,,,,,,,,,,,,,,,,,,,,,,,,,,,,,,,-,C.4f04b5de911bf0cd,C.4f04b5de911bf0cd
1780488690102,,,,,,,,,,,2026-05-27 10:44:25.601," {f4ba3e13-c624-6a16-a200-000000002200}",4696,C:\Windows\sysmon64.exe,,,NT AUTHORITY\SYSTEM,,,,,,,,,,,,CreateKey,HKLM\SOFTWARE\Microsoft\EnterpriseCertificates\Disallowed\Certificates,,,,,,,,,,,,,,,,,,,,,,,,,,,,,,,,,,,,,-,C.4f04b5de911bf0cd,C.4f04b5de911bf0cd
1780488690102,,,,,,,,,,,2026-05-27 10:44:25.601," {f4ba3e13-c624-6a16-a200-000000002200}",4696,C:\Windows\sysmon64.exe,,,NT AUTHORITY\SYSTEM,,,,,,,,,,,,CreateKey,HKLM\SOFTWARE\Microsoft\EnterpriseCertificates\Disallowed\CRLs,,,,,,,,,,,,,,,,,,,,,,,,,,,,,,,,,,,,,-,C.4f04b5de911bf0cd,C.4f04b5de911bf0cd
1780488690102,,,,,,,,,,,2026-05-27 10:44:25.601," {f4ba3e13-c624-6a16-a200-000000002200}",4696,C:\Windows\sysmon64.exe,,,NT AUTHORITY\SYSTEM,,,,,,,,,,,,CreateKey,HKLM\SOFTWARE\Microsoft\EnterpriseCertificates\Disallowed\CTLs,,,,,,,,,,,,,,,,,,,,,,,,,,,,,,,,,,,,,-,C.4f04b5de911bf0cd,C.4f04b5de911bf0cd
1780488690102,,,,,,,,,,,,,,,,,,,,,,,,,,,,,,,,,,,,,,,,,,,,,,,,,,,,,,,,,,,,,,,,,,,,C.4f04b5de911bf0cd,C.4f04b5de911bf0cd
1780488690102,,,,,,,,,,,2026-05-27 10:44:25.601," {f4ba3e13-c624-6a16-a200-000000002200}",4696,C:\Windows\sysmon64.exe,,,NT AUTHORITY\SYSTEM,,,,,,,,,,,,CreateKey,HKU\.DEFAULT\Software\Microsoft\Windows\CurrentVersion\WinTrust\Trust Providers\Software Publishing,,,,,,,,,,,,,,,,,,,,,,,,,,,,,,,,,,,,,-,C.4f04b5de911bf0cd,C.4f04b5de911bf0cd
1780488690102,,,,,,,,,,,2026-05-27 10:44:25.601," {f4ba3e13-c624-6a16-a200-000000002200}",4696,C:\Windows\sysmon64.exe,,,NT AUTHORITY\SYSTEM,,,,,,,,,,,,CreateKey,HKU\.DEFAULT\Software\Microsoft\SystemCertificates\Disallowed,,,,,,,,,,,,,,,,,,,,,,,,,,,,,,,,,,,,,-,C.4f04b5de911bf0cd,C.4f04b5de911bf0cd
1780488690102,,,,,,,,,,,2026-05-27 10:44:25.601," {f4ba3e13-c624-6a16-a200-000000002200}",4696,C:\Windows\sysmon64.exe,,,NT AUTHORITY\SYSTEM,,,,,,,,,,,,CreateKey,HKU\.DEFAULT\Software\Microsoft\SystemCertificates\Disallowed,,,,,,,,,,,,,,,,,,,,,,,,,,,,,,,,,,,,,-,C.4f04b5de911bf0cd,C.4f04b5de911bf0cd
1780488690102,,,,,,,,,,,2026-05-27 10:44:25.601," {f4ba3e13-c624-6a16-a200-000000002200}",4696,C:\Windows\sysmon64.exe,,,NT AUTHORITY\SYSTEM,,,,,,,,,,,,CreateKey,HKU\.DEFAULT\Software\Microsoft\SystemCertificates\Disallowed\Certificates,,,,,,,,,,,,,,,,,,,,,,,,,,,,,,,,,,,,,-,C.4f04b5de911bf0cd,C.4f04b5de911bf0cd
1780488690102,,,,,,,,,,,2026-05-27 10:44:25.601," {f4ba3e13-c624-6a16-a200-000000002200}",4696,C:\Windows\sysmon64.exe,,,NT AUTHORITY\SYSTEM,,,,,,,,,,,,CreateKey,HKU\.DEFAULT\Software\Microsoft\SystemCertificates\Disallowed\CRLs,,,,,,,,,,,,,,,,,,,,,,,,,,,,,,,,,,,,,-,C.4f04b5de911bf0cd,C.4f04b5de911bf0cd
1780488690102,,,,,,,,,,,2026-05-27 10:44:25.601," {f4ba3e13-c624-6a16-a200-000000002200}",4696,C:\Windows\sysmon64.exe,,,NT AUTHORITY\SYSTEM,,,,,,,,,,,,CreateKey,HKU\.DEFAULT\Software\Microsoft\SystemCertificates\Disallowed\CTLs,,,,,,,,,,,,,,,,,,,,,,,,,,,,,,,,,,,,,-,C.4f04b5de911bf0cd,C.4f04b5de911bf0cd
1780488690102,,,,,,,,,,,2026-05-27 10:44:25.601," {f4ba3e13-c624-6a16-a200-000000002200}",4696,C:\Windows\sysmon64.exe,,,NT AUTHORITY\SYSTEM,,,,,,,,,,,,CreateKey,HKU\.DEFAULT\Software\Policies\Microsoft\SystemCertificates\Disallowed,,,,,,,,,,,,,,,,,,,,,,,,,,,,,,,,,,,,,-,C.4f04b5de911bf0cd,C.4f04b5de911bf0cd
1780488690102,,,,,,,,,,,2026-05-27 10:44:25.601," {f4ba3e13-c624-6a16-a200-000000002200}",4696,C:\Windows\sysmon64.exe,,,NT AUTHORITY\SYSTEM,,,,,,,,,,,,CreateKey,HKU\.DEFAULT\Software\Policies\Microsoft\SystemCertificates\Disallowed\Certificates,,,,,,,,,,,,,,,,,,,,,,,,,,,,,,,,,,,,,-,C.4f04b5de911bf0cd,C.4f04b5de911bf0cd
1780488690102,,,,,,,,,,,2026-05-27 10:44:25.601," {f4ba3e13-c624-6a16-a200-000000002200}",4696,C:\Windows\sysmon64.exe,,,NT AUTHORITY\SYSTEM,,,,,,,,,,,,CreateKey,HKU\.DEFAULT\Software\Policies\Microsoft\SystemCertificates\Disallowed\CRLs,,,,,,,,,,,,,,,,,,,,,,,,,,,,,,,,,,,,,-,C.4f04b5de911bf0cd,C.4f04b5de911bf0cd
1780488690102,,,,,,,,,,,2026-05-27 10:44:25.601," {f4ba3e13-c624-6a16-a200-000000002200}",4696,C:\Windows\sysmon64.exe,,,NT AUTHORITY\SYSTEM,,,,,,,,,,,,CreateKey,HKU\.DEFAULT\Software\Policies\Microsoft\SystemCertificates\Disallowed\CTLs,,,,,,,,,,,,,,,,,,,,,,,,,,,,,,,,,,,,,-,C.4f04b5de911bf0cd,C.4f04b5de911bf0cd
1780488690102,,,,,,,,,,,2026-05-27 10:44:25.601," {f4ba3e13-c624-6a16-a200-000000002200}",4696,C:\Windows\sysmon64.exe,,,NT AUTHORITY\SYSTEM,,,,,,,,,,,,CreateKey,HKLM\SOFTWARE\Microsoft\SystemCertificates\Disallowed,,,,,,,,,,,,,,,,,,,,,,,,,,,,,,,,,,,,,-,C.4f04b5de911bf0cd,C.4f04b5de911bf0cd
1780488690102,,,,,,,,,,,2026-05-27 10:44:25.601," {f4ba3e13-c624-6a16-a200-000000002200}",4696,C:\Windows\sysmon64.exe,,,NT AUTHORITY\SYSTEM,,,,,,,,,,,,CreateKey,HKLM\SOFTWARE\Microsoft\SystemCertificates\Disallowed,,,,,,,,,,,,,,,,,,,,,,,,,,,,,,,,,,,,,-,C.4f04b5de911bf0cd,C.4f04b5de911bf0cd
1780488690102,,,,,,,,,,,2026-05-27 10:44:25.601," {f4ba3e13-c624-6a16-a200-000000002200}",4696,C:\Windows\sysmon64.exe,,,NT AUTHORITY\SYSTEM,,,,,,,,,,,,CreateKey,HKLM\SOFTWARE\Microsoft\SystemCertificates\Disallowed\Certificates,,,,,,,,,,,,,,,,,,,,,,,,,,,,,,,,,,,,,-,C.4f04b5de911bf0cd,C.4f04b5de911bf0cd
1780488690102,,,,,,,,,,,2026-05-27 10:44:25.601," {f4ba3e13-c624-6a16-a200-000000002200}",4696,C:\Windows\sysmon64.exe,,,NT AUTHORITY\SYSTEM,,,,,,,,,,,,CreateKey,HKLM\SOFTWARE\Microsoft\SystemCertificates\Disallowed\CRLs,,,,,,,,,,,,,,,,,,,,,,,,,,,,,,,,,,,,,-,C.4f04b5de911bf0cd,C.4f04b5de911bf0cd
1780488690102,,,,,,,,,,,2026-05-27 10:44:25.601," {f4ba3e13-c624-6a16-a200-000000002200}",4696,C:\Windows\sysmon64.exe,,,NT AUTHORITY\SYSTEM,,,,,,,,,,,,CreateKey,HKLM\SOFTWARE\Microsoft\SystemCertificates\Disallowed\CTLs,,,,,,,,,,,,,,,,,,,,,,,,,,,,,,,,,,,,,-,C.4f04b5de911bf0cd,C.4f04b5de911bf0cd
1780488690102,,,,,,,,,,,2026-05-27 10:44:25.601," {f4ba3e13-c624-6a16-a200-000000002200}",4696,C:\Windows\sysmon64.exe,,,NT AUTHORITY\SYSTEM,,,,,,,,,,,,CreateKey,HKLM\SOFTWARE\Policies\Microsoft\SystemCertificates\Disallowed,,,,,,,,,,,,,,,,,,,,,,,,,,,,,,,,,,,,,-,C.4f04b5de911bf0cd,C.4f04b5de911bf0cd
1780488690102,,,,,,,,,,,2026-05-27 10:44:25.601," {f4ba3e13-c624-6a16-a200-000000002200}",4696,C:\Windows\sysmon64.exe,,,NT AUTHORITY\SYSTEM,,,,,,,,,,,,CreateKey,HKLM\SOFTWARE\Policies\Microsoft\SystemCertificates\Disallowed\Certificates,,,,,,,,,,,,,,,,,,,,,,,,,,,,,,,,,,,,,-,C.4f04b5de911bf0cd,C.4f04b5de911bf0cd
1780488690102,,,,,,,,,,,2026-05-27 10:44:25.601," {f4ba3e13-c624-6a16-a200-000000002200}",4696,C:\Windows\sysmon64.exe,,,NT AUTHORITY\SYSTEM,,,,,,,,,,,,CreateKey,HKLM\SOFTWARE\Policies\Microsoft\SystemCertificates\Disallowed\CRLs,,,,,,,,,,,,,,,,,,,,,,,,,,,,,,,,,,,,,-,C.4f04b5de911bf0cd,C.4f04b5de911bf0cd
1780488690102,,,,,,,,,,,2026-05-27 10:44:25.601," {f4ba3e13-c624-6a16-a200-000000002200}",4696,C:\Windows\sysmon64.exe,,,NT AUTHORITY\SYSTEM,,,,,,,,,,,,CreateKey,HKLM\SOFTWARE\Policies\Microsoft\SystemCertificates\Disallowed\CTLs,,,,,,,,,,,,,,,,,,,,,,,,,,,,,,,,,,,,,-,C.4f04b5de911bf0cd,C.4f04b5de911bf0cd
1780488690102,,,,,,,,,,,2026-05-27 10:44:25.601," {f4ba3e13-c624-6a16-a200-000000002200}",4696,C:\Windows\sysmon64.exe,,,NT AUTHORITY\SYSTEM,,,,,,,,,,,,CreateKey,HKLM\SOFTWARE\Microsoft\EnterpriseCertificates\Disallowed,,,,,,,,,,,,,,,,,,,,,,,,,,,,,,,,,,,,,-,C.4f04b5de911bf0cd,C.4f04b5de911bf0cd
1780488690102,,,,,,,,,,,2026-05-27 10:44:25.601," {f4ba3e13-c624-6a16-a200-000000002200}",4696,C:\Windows\sysmon64.exe,,,NT AUTHORITY\SYSTEM,,,,,,,,,,,,CreateKey,HKLM\SOFTWARE\Microsoft\EnterpriseCertificates\Disallowed,,,,,,,,,,,,,,,,,,,,,,,,,,,,,,,,,,,,,-,C.4f04b5de911bf0cd,C.4f04b5de911bf0cd
1780488690102,,,,,,,,,,,2026-05-27 10:44:25.601," {f4ba3e13-c624-6a16-a200-000000002200}",4696,C:\Windows\sysmon64.exe,,,NT AUTHORITY\SYSTEM,,,,,,,,,,,,CreateKey,HKLM\SOFTWARE\Microsoft\EnterpriseCertificates\Disallowed\Certificates,,,,,,,,,,,,,,,,,,,,,,,,,,,,,,,,,,,,,-,C.4f04b5de911bf0cd,C.4f04b5de911bf0cd
1780488690102,,,,,,,,,,,2026-05-27 10:44:25.601," {f4ba3e13-c624-6a16-a200-000000002200}",4696,C:\Windows\sysmon64.exe,,,NT AUTHORITY\SYSTEM,,,,,,,,,,,,CreateKey,HKLM\SOFTWARE\Microsoft\EnterpriseCertificates\Disallowed\CRLs,,,,,,,,,,,,,,,,,,,,,,,,,,,,,,,,,,,,,-,C.4f04b5de911bf0cd,C.4f04b5de911bf0cd
1780488690102,,,,,,,,,,,2026-05-27 10:44:25.601," {f4ba3e13-c624-6a16-a200-000000002200}",4696,C:\Windows\sysmon64.exe,,,NT AUTHORITY\SYSTEM,,,,,,,,,,,,CreateKey,HKLM\SOFTWARE\Microsoft\EnterpriseCertificates\Disallowed\CTLs,,,,,,,,,,,,,,,,,,,,,,,,,,,,,,,,,,,,,-,C.4f04b5de911bf0cd,C.4f04b5de911bf0cd
1780488690102,,,,,,,,,,,,,,,,,,,,,,,,,,,,,,,,,,,,,,,,,,,,,,,,,,,,,,,,,,,,,,,,,,,,C.4f04b5de911bf0cd,C.4f04b5de911bf0cd
1780488690102,,,,,,,,,,,,,,,,,,,,,,,,,,,,,,,,,,,,,,,,,,,,,,,,,,,,,,,,,,,,,,,,,,,,C.4f04b5de911bf0cd,C.4f04b5de911bf0cd
1780488690102,,,,,,,,,,,2026-05-27 10:44:25.601," {f4ba3e13-c624-6a16-a200-000000002200}",4696,C:\Windows\sysmon64.exe,,,NT AUTHORITY\SYSTEM,,,,,,,,,,,,CreateKey,HKU\.DEFAULT\Software\Microsoft\Windows\CurrentVersion\WinTrust\Trust Providers\Software Publishing,,,,,,,,,,,,,,,,,,,,,,,,,,,,,,,,,,,,,-,C.4f04b5de911bf0cd,C.4f04b5de911bf0cd
1780488690102,,,,,,,,,,,,,,,,,,,,,,,,,,,,,,,,,,,,,,,,,,,,,,,,,,,,,,,,,,,,,,,,,,,,C.4f04b5de911bf0cd,C.4f04b5de911bf0cd
1780488690102,,,,,,,,,,,2026-05-27 10:44:25.601," {f4ba3e13-c624-6a16-a200-000000002200}",4696,C:\Windows\sysmon64.exe,,,NT AUTHORITY\SYSTEM,,,,,,,,,,,,CreateKey,HKU\.DEFAULT\Software\Microsoft\Windows\CurrentVersion\WinTrust\Trust Providers\Software Publishing,,,,,,,,,,,,,,,,,,,,,,,,,,,,,,,,,,,,,-,C.4f04b5de911bf0cd,C.4f04b5de911bf0cd
1780488690102,,,,,,,,,,,,,,,,,,,,,,,,,,,,,,,,,,,,,,,,,,,,,,,,,,,,,,,,,,,,,,,,,,,,C.4f04b5de911bf0cd,C.4f04b5de911bf0cd
1780488690102,,,,,,,,,,,,,,,,,,,,,,,,,,,,,,,,,,,,,,,,,,,,,,,,,,,,,,,,,,,,,,,,,,,,C.4f04b5de911bf0cd,C.4f04b5de911bf0cd
1780488690102,,,,,,,,,,,,,,,,,,,,,,,,,,,,,,,,,,,,,,,,,,,,,,,,,,,,,,,,,,,,,,,,,,,,C.4f04b5de911bf0cd,C.4f04b5de911bf0cd
1780488690102,,,,,,,,,,,,,,,,,,,,,,,,,,,,,,,,,,,,,,,,,,,,,,,,,,,,,,,,,,,,,,,,,,,,C.4f04b5de911bf0cd,C.4f04b5de911bf0cd
1780488690102,,,,,,,,,,,,,,,,,,,,,,,,,,,,,,,,,,,,,,,,,,,,,,,,,,,,,,,,,,,,,,,,,,,,C.4f04b5de911bf0cd,C.4f04b5de911bf0cd
1780488690102,,,,,,,,,,,,,,,,,,,,,,,,,,,,,,,,,,,,,,,,,,,,,,,,,,,,,,,,,,,,,,,,,,,,C.4f04b5de911bf0cd,C.4f04b5de911bf0cd
1780488690102,,,,,,,,,,,,,,,,,,,,,,,,,,,,,,,,,,,,,,,,,,,,,,,,,,,,,,,,,,,,,,,,,,,,C.4f04b5de911bf0cd,C.4f04b5de911bf0cd
1780488690102,,,,,,,,,,,,,,,,,,,,,,,,,,,,,,,,,,,,,,,,,,,,,,,,,,,,,,,,,,,,,,,,,,,,C.4f04b5de911bf0cd,C.4f04b5de911bf0cd
1780488690102,,,,,,,,,,,,,,,,,,,,,,,,,,,,,,,,,,,,,,,,,,,,,,,,,,,,,,,,,,,,,,,,,,,,C.4f04b5de911bf0cd,C.4f04b5de911bf0cd
1780488690102,,,,,,,,,,,,,,,,,,,,,,,,,,,,,,,,,,,,,,,,,,,,,,,,,,,,,,,,,,,,,,,,,,,,C.4f04b5de911bf0cd,C.4f04b5de911bf0cd
1780488690102,,,,,,,,,,,2026-05-27 10:44:25.625," {f4ba3e13-c624-6a16-a200-000000002200}",4696,C:\Windows\sysmon64.exe,,,NT AUTHORITY\SYSTEM,,,,,,,,,,,,CreateKey,HKU\.DEFAULT\Software\Microsoft\Windows\CurrentVersion\WinTrust\Trust Providers\Software Publishing,,,,,,,,,,,,,,,,,,,,,,,,,,,,,,,,,,,,,-,C.4f04b5de911bf0cd,C.4f04b5de911bf0cd
1780488690102,,,,,,,,,,,2026-05-27 10:44:25.627," {f4ba3e13-c624-6a16-a200-000000002200}",4696,C:\Windows\sysmon64.exe,,,NT AUTHORITY\SYSTEM,,,,,,,,,,,,CreateKey,HKU\.DEFAULT\Software\Microsoft\SystemCertificates\Disallowed,,,,,,,,,,,,,,,,,,,,,,,,,,,,,,,,,,,,,-,C.4f04b5de911bf0cd,C.4f04b5de911bf0cd
1780488690102,,,,,,,,,,,2026-05-27 10:44:25.628," {f4ba3e13-c624-6a16-a200-000000002200}",4696,C:\Windows\sysmon64.exe,,,NT AUTHORITY\SYSTEM,,,,,,,,,,,,CreateKey,HKU\.DEFAULT\Software\Microsoft\SystemCertificates\Disallowed,,,,,,,,,,,,,,,,,,,,,,,,,,,,,,,,,,,,,-,C.4f04b5de911bf0cd,C.4f04b5de911bf0cd
1780488690102,,,,,,,,,,,2026-05-27 10:44:25.628," {f4ba3e13-c624-6a16-a200-000000002200}",4696,C:\Windows\sysmon64.exe,,,NT AUTHORITY\SYSTEM,,,,,,,,,,,,CreateKey,HKU\.DEFAULT\Software\Microsoft\SystemCertificates\Disallowed\Certificates,,,,,,,,,,,,,,,,,,,,,,,,,,,,,,,,,,,,,-,C.4f04b5de911bf0cd,C.4f04b5de911bf0cd
1780488690102,,,,,,,,,,,2026-05-27 10:44:25.628," {f4ba3e13-c624-6a16-a200-000000002200}",4696,C:\Windows\sysmon64.exe,,,NT AUTHORITY\SYSTEM,,,,,,,,,,,,CreateKey,HKU\.DEFAULT\Software\Microsoft\SystemCertificates\Disallowed\CRLs,,,,,,,,,,,,,,,,,,,,,,,,,,,,,,,,,,,,,-,C.4f04b5de911bf0cd,C.4f04b5de911bf0cd
1780488690102,,,,,,,,,,,2026-05-27 10:44:25.628," {f4ba3e13-c624-6a16-a200-000000002200}",4696,C:\Windows\sysmon64.exe,,,NT AUTHORITY\SYSTEM,,,,,,,,,,,,CreateKey,HKU\.DEFAULT\Software\Microsoft\SystemCertificates\Disallowed\CTLs,,,,,,,,,,,,,,,,,,,,,,,,,,,,,,,,,,,,,-,C.4f04b5de911bf0cd,C.4f04b5de911bf0cd
1780488690102,,,,,,,,,,,2026-05-27 10:44:25.628," {f4ba3e13-c624-6a16-a200-000000002200}",4696,C:\Windows\sysmon64.exe,,,NT AUTHORITY\SYSTEM,,,,,,,,,,,,CreateKey,HKU\.DEFAULT\Software\Policies\Microsoft\SystemCertificates\Disallowed,,,,,,,,,,,,,,,,,,,,,,,,,,,,,,,,,,,,,-,C.4f04b5de911bf0cd,C.4f04b5de911bf0cd
1780488690102,,,,,,,,,,,2026-05-27 10:44:25.628," {f4ba3e13-c624-6a16-a200-000000002200}",4696,C:\Windows\sysmon64.exe,,,NT AUTHORITY\SYSTEM,,,,,,,,,,,,CreateKey,HKU\.DEFAULT\Software\Policies\Microsoft\SystemCertificates\Disallowed\Certificates,,,,,,,,,,,,,,,,,,,,,,,,,,,,,,,,,,,,,-,C.4f04b5de911bf0cd,C.4f04b5de911bf0cd
1780488690102,,,,,,,,,,,2026-05-27 10:44:25.628," {f4ba3e13-c624-6a16-a200-000000002200}",4696,C:\Windows\sysmon64.exe,,,NT AUTHORITY\SYSTEM,,,,,,,,,,,,CreateKey,HKU\.DEFAULT\Software\Policies\Microsoft\SystemCertificates\Disallowed\CRLs,,,,,,,,,,,,,,,,,,,,,,,,,,,,,,,,,,,,,-,C.4f04b5de911bf0cd,C.4f04b5de911bf0cd
1780488690102,,,,,,,,,,,2026-05-27 10:44:25.628," {f4ba3e13-c624-6a16-a200-000000002200}",4696,C:\Windows\sysmon64.exe,,,NT AUTHORITY\SYSTEM,,,,,,,,,,,,CreateKey,HKU\.DEFAULT\Software\Policies\Microsoft\SystemCertificates\Disallowed\CTLs,,,,,,,,,,,,,,,,,,,,,,,,,,,,,,,,,,,,,-,C.4f04b5de911bf0cd,C.4f04b5de911bf0cd
1780488690102,,,,,,,,,,,2026-05-27 10:44:25.628," {f4ba3e13-c624-6a16-a200-000000002200}",4696,C:\Windows\sysmon64.exe,,,NT AUTHORITY\SYSTEM,,,,,,,,,,,,CreateKey,HKLM\SOFTWARE\Microsoft\SystemCertificates\Disallowed,,,,,,,,,,,,,,,,,,,,,,,,,,,,,,,,,,,,,-,C.4f04b5de911bf0cd,C.4f04b5de911bf0cd
1780488690102,,,,,,,,,,,,,,,,,,,,,,,,,,,,,,,,,,,,,,,,,,,,,,,,,,,,,,,,,,,,,,,,,,,,C.4f04b5de911bf0cd,C.4f04b5de911bf0cd
1780488690102,,,,,,,,,,,2026-05-27 10:44:25.628," {f4ba3e13-c624-6a16-a200-000000002200}",4696,C:\Windows\sysmon64.exe,,,NT AUTHORITY\SYSTEM,,,,,,,,,,,,CreateKey,HKLM\SOFTWARE\Microsoft\SystemCertificates\Disallowed,,,,,,,,,,,,,,,,,,,,,,,,,,,,,,,,,,,,,-,C.4f04b5de911bf0cd,C.4f04b5de911bf0cd
1780488690102,,,,,,,,,,,2026-05-27 10:44:25.628," {f4ba3e13-c624-6a16-a200-000000002200}",4696,C:\Windows\sysmon64.exe,,,NT AUTHORITY\SYSTEM,,,,,,,,,,,,CreateKey,HKLM\SOFTWARE\Microsoft\SystemCertificates\Disallowed\Certificates,,,,,,,,,,,,,,,,,,,,,,,,,,,,,,,,,,,,,-,C.4f04b5de911bf0cd,C.4f04b5de911bf0cd
1780488690102,,,,,,,,,,,2026-05-27 10:44:25.628," {f4ba3e13-c624-6a16-a200-000000002200}",4696,C:\Windows\sysmon64.exe,,,NT AUTHORITY\SYSTEM,,,,,,,,,,,,CreateKey,HKLM\SOFTWARE\Microsoft\SystemCertificates\Disallowed\CRLs,,,,,,,,,,,,,,,,,,,,,,,,,,,,,,,,,,,,,-,C.4f04b5de911bf0cd,C.4f04b5de911bf0cd
1780488690102,,,,,,,,,,,2026-05-27 10:44:25.628," {f4ba3e13-c624-6a16-a200-000000002200}",4696,C:\Windows\sysmon64.exe,,,NT AUTHORITY\SYSTEM,,,,,,,,,,,,CreateKey,HKLM\SOFTWARE\Microsoft\SystemCertificates\Disallowed\CTLs,,,,,,,,,,,,,,,,,,,,,,,,,,,,,,,,,,,,,-,C.4f04b5de911bf0cd,C.4f04b5de911bf0cd
1780488690102,,,,,,,,,,,2026-05-27 10:44:25.628," {f4ba3e13-c624-6a16-a200-000000002200}",4696,C:\Windows\sysmon64.exe,,,NT AUTHORITY\SYSTEM,,,,,,,,,,,,CreateKey,HKLM\SOFTWARE\Policies\Microsoft\SystemCertificates\Disallowed,,,,,,,,,,,,,,,,,,,,,,,,,,,,,,,,,,,,,-,C.4f04b5de911bf0cd,C.4f04b5de911bf0cd
1780488690102,,,,,,,,,,,2026-05-27 10:44:25.628," {f4ba3e13-c624-6a16-a200-000000002200}",4696,C:\Windows\sysmon64.exe,,,NT AUTHORITY\SYSTEM,,,,,,,,,,,,CreateKey,HKLM\SOFTWARE\Policies\Microsoft\SystemCertificates\Disallowed\Certificates,,,,,,,,,,,,,,,,,,,,,,,,,,,,,,,,,,,,,-,C.4f04b5de911bf0cd,C.4f04b5de911bf0cd
1780488690102,,,,,,,,,,,2026-05-27 10:44:25.628," {f4ba3e13-c624-6a16-a200-000000002200}",4696,C:\Windows\sysmon64.exe,,,NT AUTHORITY\SYSTEM,,,,,,,,,,,,CreateKey,HKLM\SOFTWARE\Policies\Microsoft\SystemCertificates\Disallowed\CRLs,,,,,,,,,,,,,,,,,,,,,,,,,,,,,,,,,,,,,-,C.4f04b5de911bf0cd,C.4f04b5de911bf0cd
1780488690102,,,,,,,,,,,2026-05-27 10:44:25.628," {f4ba3e13-c624-6a16-a200-000000002200}",4696,C:\Windows\sysmon64.exe,,,NT AUTHORITY\SYSTEM,,,,,,,,,,,,CreateKey,HKLM\SOFTWARE\Policies\Microsoft\SystemCertificates\Disallowed\CTLs,,,,,,,,,,,,,,,,,,,,,,,,,,,,,,,,,,,,,-,C.4f04b5de911bf0cd,C.4f04b5de911bf0cd
1780488690102,,,,,,,,,,,2026-05-27 10:44:25.628," {f4ba3e13-c624-6a16-a200-000000002200}",4696,C:\Windows\sysmon64.exe,,,NT AUTHORITY\SYSTEM,,,,,,,,,,,,CreateKey,HKLM\SOFTWARE\Microsoft\EnterpriseCertificates\Disallowed,,,,,,,,,,,,,,,,,,,,,,,,,,,,,,,,,,,,,-,C.4f04b5de911bf0cd,C.4f04b5de911bf0cd
1780488690102,,,,,,,,,,,2026-05-27 10:44:25.628," {f4ba3e13-c624-6a16-a200-000000002200}",4696,C:\Windows\sysmon64.exe,,,NT AUTHORITY\SYSTEM,,,,,,,,,,,,CreateKey,HKLM\SOFTWARE\Microsoft\EnterpriseCertificates\Disallowed,,,,,,,,,,,,,,,,,,,,,,,,,,,,,,,,,,,,,-,C.4f04b5de911bf0cd,C.4f04b5de911bf0cd
1780488690102,,,,,,,,,,,2026-05-27 10:44:25.629," {f4ba3e13-c624-6a16-a200-000000002200}",4696,C:\Windows\sysmon64.exe,,,NT AUTHORITY\SYSTEM,,,,,,,,,,,,CreateKey,HKLM\SOFTWARE\Microsoft\EnterpriseCertificates\Disallowed\Certificates,,,,,,,,,,,,,,,,,,,,,,,,,,,,,,,,,,,,,-,C.4f04b5de911bf0cd,C.4f04b5de911bf0cd
1780488690102,,,,,,,,,,,2026-05-27 10:44:25.629," {f4ba3e13-c624-6a16-a200-000000002200}",4696,C:\Windows\sysmon64.exe,,,NT AUTHORITY\SYSTEM,,,,,,,,,,,,CreateKey,HKLM\SOFTWARE\Microsoft\EnterpriseCertificates\Disallowed\CRLs,,,,,,,,,,,,,,,,,,,,,,,,,,,,,,,,,,,,,-,C.4f04b5de911bf0cd,C.4f04b5de911bf0cd
1780488690102,,,,,,,,,,,2026-05-27 10:44:25.629," {f4ba3e13-c624-6a16-a200-000000002200}",4696,C:\Windows\sysmon64.exe,,,NT AUTHORITY\SYSTEM,,,,,,,,,,,,CreateKey,HKLM\SOFTWARE\Microsoft\EnterpriseCertificates\Disallowed\CTLs,,,,,,,,,,,,,,,,,,,,,,,,,,,,,,,,,,,,,-,C.4f04b5de911bf0cd,C.4f04b5de911bf0cd
1780488690102,,,,,,,,,,,,,,,,,,,,,,,,,,,,,,,,,,,,,,,,,,,,,,,,,,,,,,,,,,,,,,,,,,,,C.4f04b5de911bf0cd,C.4f04b5de911bf0cd
1780488690102,,,,,,,,,,,,,,,,,,,,,,,,,,,,,,,,,,,,,,,,,,,,,,,,,,,,,,,,,,,,,,,,,,,,C.4f04b5de911bf0cd,C.4f04b5de911bf0cd
1780488690102,,,,,,,,,,,2026-05-27 10:44:25.629," {f4ba3e13-c624-6a16-a200-000000002200}",4696,C:\Windows\sysmon64.exe,,,NT AUTHORITY\SYSTEM,,,,,,,,,,,,CreateKey,HKU\.DEFAULT\Software\Microsoft\Windows\CurrentVersion\WinTrust\Trust Providers\Software Publishing,,,,,,,,,,,,,,,,,,,,,,,,,,,,,,,,,,,,,-,C.4f04b5de911bf0cd,C.4f04b5de911bf0cd
1780488690102,,,,,,,,,,,2026-05-27 10:44:25.630," {f4ba3e13-c532-6a16-6800-000000002200}",3992,C:\Program Files\Velociraptor\Velociraptor.exe,,,NT AUTHORITY\SYSTEM,,,,,,,,,,,,CreatePipe,,,,,,,,,,,,,,,,,,,,,,,,,,,,,,,,,,<Anonymous Pipe>,,,,-,C.4f04b5de911bf0cd,C.4f04b5de911bf0cd
1780488690102,,,,,,,,,,,2026-05-27 10:44:25.630," {f4ba3e13-c532-6a16-6800-000000002200}",3992,C:\Program Files\Velociraptor\Velociraptor.exe,,,NT AUTHORITY\SYSTEM,,,,,,,,,,,,ConnectPipe,,,,,,,,,,,,,,,,,,,,,,,,,,,,,,,,,,<Anonymous Pipe>,,,,-,C.4f04b5de911bf0cd,C.4f04b5de911bf0cd
1780488690102,,,,,,,,,,,2026-05-27 10:44:25.630," {f4ba3e13-c532-6a16-6800-000000002200}",3992,C:\Program Files\Velociraptor\Velociraptor.exe,,,NT AUTHORITY\SYSTEM,,,,,,,,,,,,CreatePipe,,,,,,,,,,,,,,,,,,,,,,,,,,,,,,,,,,<Anonymous Pipe>,,,,-,C.4f04b5de911bf0cd,C.4f04b5de911bf0cd
1780488690102,,,,,,,,,,,2026-05-27 10:44:25.630," {f4ba3e13-c532-6a16-6800-000000002200}",3992,C:\Program Files\Velociraptor\Velociraptor.exe,,,NT AUTHORITY\SYSTEM,,,,,,,,,,,,ConnectPipe,,,,,,,,,,,,,,,,,,,,,,,,,,,,,,,,,,<Anonymous Pipe>,,,,-,C.4f04b5de911bf0cd,C.4f04b5de911bf0cd
1780488690102,,,,,,,,,,,2026-05-27 10:44:25.631," {f4ba3e13-cb09-6a16-fc00-000000002200}",5124,C:\Windows\sysmon64.exe,C:\Windows\sysmon64.exe -c,C:\Windows\system32\,NT AUTHORITY\SYSTEM,"MD5=B1581E884727B450C4DBFA9360F3DB7C,SHA256=D8115212A7747010593DE813404B02D05B915E4B1D0231502B856B9ACE9274E8,IMPHASH=5C31CFDE3181A762CA91D21902DEF1B4"," {f4ba3e13-c532-6a16-6800-000000002200}"," 3992",C:\Program Files\Velociraptor\Velociraptor.exe,"""C:\Program Files\Velociraptor\Velociraptor.exe""  --config ""C:\Program Files\Velociraptor\/client.config.yaml"" service run ",System,0x3E7," {f4ba3e13-c48f-6a16-e703-000000000000}"," 0",,,,,,,,,,,,,,,,,,,,,,,Sysinternals - www.sysinternals.com,Sysinternals Sysmon,System activity monitor," 15.20",-,,,,,,,,,,,,,,-,C.4f04b5de911bf0cd,C.4f04b5de911bf0cd
1780488690102,,,,,,,,,,,,,,,,,,,,,,,,,,,,,,,,,,,,,,,,,,,,,,,,,,,,,,,,,,,,,,,,,,,,C.4f04b5de911bf0cd,C.4f04b5de911bf0cd
1780488690102,,,,,,,,,,,,,,,,,,,,,,,,,,,,,,,,,,,,,,,,,,,,,,,,,,,,,,,,,,,,,,,,,,,,C.4f04b5de911bf0cd,C.4f04b5de911bf0cd
1780488690102,,,,,,,,,,,,,,,,,,,,,,,,,,,,,,,,,,,,,,,,,,,,,,,,,,,,,,,,,,,,,,,,,,,,C.4f04b5de911bf0cd,C.4f04b5de911bf0cd
1780488690102,,,,,,,,,,,,,,,,,,,,,,,,,,,,,,,,,,,,,,,,,,,,,,,,,,,,,,,,,,,,,,,,,,,,C.4f04b5de911bf0cd,C.4f04b5de911bf0cd
1780488690102,,,,,,,,,,,,,,,,,,,,,,,,,,,,,,,,,,,,,,,,,,,,,,,,,,,,,,,,,,,,,,,,,,,,C.4f04b5de911bf0cd,C.4f04b5de911bf0cd
1780488690102,,,,,,,,,,,,,,,,,,,,,,,,,,,,,,,,,,,,,,,,,,,,,,,,,,,,,,,,,,,,,,,,,,,,C.4f04b5de911bf0cd,C.4f04b5de911bf0cd
1780488690102,,,,,,,,,,,2026-05-27 10:44:25.634," {f4ba3e13-c4ad-6a16-3200-000000002200}",2788,C:\Program Files\Windows Defender\MsMpEng.exe,,,NT AUTHORITY\SYSTEM,,,,,,,,,,,,,,,,,,,,,,,,,,,,,,,,,,,,,,,,,,,,,,,,,,-,C.4f04b5de911bf0cd,C.4f04b5de911bf0cd
1780488690102,,,,,,,,,,,2026-05-27 10:44:25.634," {f4ba3e13-cb09-6a16-fd00-000000002200}",5448,C:\Windows\System32\conhost.exe,\??\C:\Windows\system32\conhost.exe 0xffffffff -ForceV1,C:\Windows,NT AUTHORITY\SYSTEM,"MD5=D752C96401E2540A443C599154FC6FA9,SHA256=046F7A1B4DE67562547ED9A180A72F481FC41E803DE49A96D7D7C731964D53A0,IMPHASH=2C980A4DA7C717CC670CB9E1D2C4D733"," {f4ba3e13-cb09-6a16-fc00-000000002200}"," 5124",C:\Windows\sysmon64.exe,C:\Windows\sysmon64.exe -c,System,0x3E7," {f4ba3e13-c48f-6a16-e703-000000000000}"," 0",,,,,,,,,,,,,,,,,,,,,,,Microsoft Corporation,Microsoft® Windows® Operating System,Console Window Host,10.0.14393.0 (rs1_release.160715-1616),CONHOST.EXE,,,,,,,,,,,,,,-,C.4f04b5de911bf0cd,C.4f04b5de911bf0cd
1780488690102,,,,,,,,,,,,,,,,,,,,,,,,,,,,,,,,,,,,,,,,,,,,,,,,,,,,,,,,,,,,,,,,,,,,C.4f04b5de911bf0cd,C.4f04b5de911bf0cd
1780488690102,,,,,,,,,,,,,,,,,,,,,,,,,,,,,,,,,,,,,,,,,,,,,,,,,,,,,,,,,,,,,,,,,,,,C.4f04b5de911bf0cd,C.4f04b5de911bf0cd
1780488690102,,,,,,,,,,,,,,,,,,,,,,,,,,,,,,,,,,,,,,,,,,,,,,,,,,,,,,,,,,,,,,,,,,,,C.4f04b5de911bf0cd,C.4f04b5de911bf0cd
1780488690102,,,,,,,,,,,,,,,,,,,,,,,,,,,,,,,,,,,,,,,,,,,,,,,,,,,,,,,,,,,,,,,,,,,,C.4f04b5de911bf0cd,C.4f04b5de911bf0cd
1780488690102,,,,,,,,,,,,,,,,,,,,,,,,,,,,,,,,,,,,,,,,,,,,,,,,,,,,,,,,,,,,,,,,,,,,C.4f04b5de911bf0cd,C.4f04b5de911bf0cd
1780488690102,,,,,,,,,,,,,,,,,,,,,,,,,,,,,,,,,,,,,,,,,,,,,,,,,,,,,,,,,,,,,,,,,,,,C.4f04b5de911bf0cd,C.4f04b5de911bf0cd
1780488690102,,,,,,,,,,,,,,,,,,,,,,,,,,,,,,,,,,,,,,,,,,,,,,,,,,,,,,,,,,,,,,,,,,,,C.4f04b5de911bf0cd,C.4f04b5de911bf0cd
1780488690102,,,,,,,,,,,2026-05-27 10:44:25.637," {f4ba3e13-c624-6a16-a200-000000002200}",4696,C:\Windows\sysmon64.exe,,,NT AUTHORITY\SYSTEM,,,,,,,,,,,,CreateKey,HKU\.DEFAULT\Software\Microsoft\SystemCertificates\Disallowed,,,,,,,,,,,,,,,,,,,,,,,,,,,,,,,,,,,,,-,C.4f04b5de911bf0cd,C.4f04b5de911bf0cd
1780488690102,,,,,,,,,,,2026-05-27 10:44:25.638," {f4ba3e13-c624-6a16-a200-000000002200}",4696,C:\Windows\sysmon64.exe,,,NT AUTHORITY\SYSTEM,,,,,,,,,,,,CreateKey,HKU\.DEFAULT\Software\Microsoft\SystemCertificates\Disallowed,,,,,,,,,,,,,,,,,,,,,,,,,,,,,,,,,,,,,-,C.4f04b5de911bf0cd,C.4f04b5de911bf0cd
1780488690102,,,,,,,,,,,2026-05-27 10:44:25.638," {f4ba3e13-c624-6a16-a200-000000002200}",4696,C:\Windows\sysmon64.exe,,,NT AUTHORITY\SYSTEM,,,,,,,,,,,,CreateKey,HKU\.DEFAULT\Software\Microsoft\SystemCertificates\Disallowed\Certificates,,,,,,,,,,,,,,,,,,,,,,,,,,,,,,,,,,,,,-,C.4f04b5de911bf0cd,C.4f04b5de911bf0cd
1780488690102,,,,,,,,,,,2026-05-27 10:44:25.638," {f4ba3e13-c624-6a16-a200-000000002200}",4696,C:\Windows\sysmon64.exe,,,NT AUTHORITY\SYSTEM,,,,,,,,,,,,CreateKey,HKU\.DEFAULT\Software\Microsoft\SystemCertificates\Disallowed\CRLs,,,,,,,,,,,,,,,,,,,,,,,,,,,,,,,,,,,,,-,C.4f04b5de911bf0cd,C.4f04b5de911bf0cd
1780488690102,,,,,,,,,,,2026-05-27 10:44:25.638," {f4ba3e13-c624-6a16-a200-000000002200}",4696,C:\Windows\sysmon64.exe,,,NT AUTHORITY\SYSTEM,,,,,,,,,,,,CreateKey,HKU\.DEFAULT\Software\Microsoft\SystemCertificates\Disallowed\CTLs,,,,,,,,,,,,,,,,,,,,,,,,,,,,,,,,,,,,,-,C.4f04b5de911bf0cd,C.4f04b5de911bf0cd
1780488690102,,,,,,,,,,,,,,,,,,,,,,,,,,,,,,,,,,,,,,,,,,,,,,,,,,,,,,,,,,,,,,,,,,,,C.4f04b5de911bf0cd,C.4f04b5de911bf0cd
1780488690102,,,,,,,,,,,2026-05-27 10:44:25.638," {f4ba3e13-c624-6a16-a200-000000002200}",4696,C:\Windows\sysmon64.exe,,,NT AUTHORITY\SYSTEM,,,,,,,,,,,,CreateKey,HKU\.DEFAULT\Software\Policies\Microsoft\SystemCertificates\Disallowed,,,,,,,,,,,,,,,,,,,,,,,,,,,,,,,,,,,,,-,C.4f04b5de911bf0cd,C.4f04b5de911bf0cd
1780488690102,,,,,,,,,,,2026-05-27 10:44:25.638," {f4ba3e13-c624-6a16-a200-000000002200}",4696,C:\Windows\sysmon64.exe,,,NT AUTHORITY\SYSTEM,,,,,,,,,,,,CreateKey,HKU\.DEFAULT\Software\Policies\Microsoft\SystemCertificates\Disallowed\Certificates,,,,,,,,,,,,,,,,,,,,,,,,,,,,,,,,,,,,,-,C.4f04b5de911bf0cd,C.4f04b5de911bf0cd
1780488690102,,,,,,,,,,,2026-05-27 10:44:25.638," {f4ba3e13-c624-6a16-a200-000000002200}",4696,C:\Windows\sysmon64.exe,,,NT AUTHORITY\SYSTEM,,,,,,,,,,,,CreateKey,HKU\.DEFAULT\Software\Policies\Microsoft\SystemCertificates\Disallowed\CRLs,,,,,,,,,,,,,,,,,,,,,,,,,,,,,,,,,,,,,-,C.4f04b5de911bf0cd,C.4f04b5de911bf0cd
1780488690102,,,,,,,,,,,2026-05-27 10:44:25.638," {f4ba3e13-c624-6a16-a200-000000002200}",4696,C:\Windows\sysmon64.exe,,,NT AUTHORITY\SYSTEM,,,,,,,,,,,,CreateKey,HKU\.DEFAULT\Software\Policies\Microsoft\SystemCertificates\Disallowed\CTLs,,,,,,,,,,,,,,,,,,,,,,,,,,,,,,,,,,,,,-,C.4f04b5de911bf0cd,C.4f04b5de911bf0cd
1780488690102,,,,,,,,,,,2026-05-27 10:44:25.638," {f4ba3e13-c624-6a16-a200-000000002200}",4696,C:\Windows\sysmon64.exe,,,NT AUTHORITY\SYSTEM,,,,,,,,,,,,CreateKey,HKLM\SOFTWARE\Microsoft\SystemCertificates\Disallowed,,,,,,,,,,,,,,,,,,,,,,,,,,,,,,,,,,,,,-,C.4f04b5de911bf0cd,C.4f04b5de911bf0cd
1780488690102,,,,,,,,,,,,,,,,,,,,,,,,,,,,,,,,,,,,,,,,,,,,,,,,,,,,,,,,,,,,,,,,,,,,C.4f04b5de911bf0cd,C.4f04b5de911bf0cd
1780488690102,,,,,,,,,,,2026-05-27 10:44:25.638," {f4ba3e13-c624-6a16-a200-000000002200}",4696,C:\Windows\sysmon64.exe,,,NT AUTHORITY\SYSTEM,,,,,,,,,,,,CreateKey,HKLM\SOFTWARE\Microsoft\SystemCertificates\Disallowed,,,,,,,,,,,,,,,,,,,,,,,,,,,,,,,,,,,,,-,C.4f04b5de911bf0cd,C.4f04b5de911bf0cd
1780488690102,,,,,,,,,,,2026-05-27 10:44:25.638," {f4ba3e13-c624-6a16-a200-000000002200}",4696,C:\Windows\sysmon64.exe,,,NT AUTHORITY\SYSTEM,,,,,,,,,,,,CreateKey,HKLM\SOFTWARE\Microsoft\SystemCertificates\Disallowed\Certificates,,,,,,,,,,,,,,,,,,,,,,,,,,,,,,,,,,,,,-,C.4f04b5de911bf0cd,C.4f04b5de911bf0cd
1780488690102,,,,,,,,,,,2026-05-27 10:44:25.638," {f4ba3e13-c624-6a16-a200-000000002200}",4696,C:\Windows\sysmon64.exe,,,NT AUTHORITY\SYSTEM,,,,,,,,,,,,CreateKey,HKLM\SOFTWARE\Microsoft\SystemCertificates\Disallowed\CRLs,,,,,,,,,,,,,,,,,,,,,,,,,,,,,,,,,,,,,-,C.4f04b5de911bf0cd,C.4f04b5de911bf0cd
1780488690102,,,,,,,,,,,2026-05-27 10:44:25.638," {f4ba3e13-c624-6a16-a200-000000002200}",4696,C:\Windows\sysmon64.exe,,,NT AUTHORITY\SYSTEM,,,,,,,,,,,,CreateKey,HKLM\SOFTWARE\Microsoft\SystemCertificates\Disallowed\CTLs,,,,,,,,,,,,,,,,,,,,,,,,,,,,,,,,,,,,,-,C.4f04b5de911bf0cd,C.4f04b5de911bf0cd
1780488690102,,,,,,,,,,,2026-05-27 10:44:25.638," {f4ba3e13-c624-6a16-a200-000000002200}",4696,C:\Windows\sysmon64.exe,,,NT AUTHORITY\SYSTEM,,,,,,,,,,,,CreateKey,HKLM\SOFTWARE\Policies\Microsoft\SystemCertificates\Disallowed,,,,,,,,,,,,,,,,,,,,,,,,,,,,,,,,,,,,,-,C.4f04b5de911bf0cd,C.4f04b5de911bf0cd
1780488690102,,,,,,,,,,,2026-05-27 10:44:25.638," {f4ba3e13-c624-6a16-a200-000000002200}",4696,C:\Windows\sysmon64.exe,,,NT AUTHORITY\SYSTEM,,,,,,,,,,,,CreateKey,HKLM\SOFTWARE\Policies\Microsoft\SystemCertificates\Disallowed\Certificates,,,,,,,,,,,,,,,,,,,,,,,,,,,,,,,,,,,,,-,C.4f04b5de911bf0cd,C.4f04b5de911bf0cd
1780488690102,,,,,,,,,,,2026-05-27 10:44:25.638," {f4ba3e13-c624-6a16-a200-000000002200}",4696,C:\Windows\sysmon64.exe,,,NT AUTHORITY\SYSTEM,,,,,,,,,,,,CreateKey,HKLM\SOFTWARE\Policies\Microsoft\SystemCertificates\Disallowed\CRLs,,,,,,,,,,,,,,,,,,,,,,,,,,,,,,,,,,,,,-,C.4f04b5de911bf0cd,C.4f04b5de911bf0cd
1780488690102,,,,,,,,,,,,,,,,,,,,,,,,,,,,,,,,,,,,,,,,,,,,,,,,,,,,,,,,,,,,,,,,,,,,C.4f04b5de911bf0cd,C.4f04b5de911bf0cd
1780488690102,,,,,,,,,,,2026-05-27 10:44:25.638," {f4ba3e13-c624-6a16-a200-000000002200}",4696,C:\Windows\sysmon64.exe,,,NT AUTHORITY\SYSTEM,,,,,,,,,,,,CreateKey,HKLM\SOFTWARE\Policies\Microsoft\SystemCertificates\Disallowed\CTLs,,,,,,,,,,,,,,,,,,,,,,,,,,,,,,,,,,,,,-,C.4f04b5de911bf0cd,C.4f04b5de911bf0cd
1780488690102,,,,,,,,,,,2026-05-27 10:44:25.638," {f4ba3e13-c624-6a16-a200-000000002200}",4696,C:\Windows\sysmon64.exe,,,NT AUTHORITY\SYSTEM,,,,,,,,,,,,CreateKey,HKLM\SOFTWARE\Microsoft\EnterpriseCertificates\Disallowed,,,,,,,,,,,,,,,,,,,,,,,,,,,,,,,,,,,,,-,C.4f04b5de911bf0cd,C.4f04b5de911bf0cd
1780488690102,,,,,,,,,,,2026-05-27 10:44:25.638," {f4ba3e13-c624-6a16-a200-000000002200}",4696,C:\Windows\sysmon64.exe,,,NT AUTHORITY\SYSTEM,,,,,,,,,,,,CreateKey,HKLM\SOFTWARE\Microsoft\EnterpriseCertificates\Disallowed,,,,,,,,,,,,,,,,,,,,,,,,,,,,,,,,,,,,,-,C.4f04b5de911bf0cd,C.4f04b5de911bf0cd
1780488690102,,,,,,,,,,,2026-05-27 10:44:25.638," {f4ba3e13-c624-6a16-a200-000000002200}",4696,C:\Windows\sysmon64.exe,,,NT AUTHORITY\SYSTEM,,,,,,,,,,,,CreateKey,HKLM\SOFTWARE\Microsoft\EnterpriseCertificates\Disallowed\Certificates,,,,,,,,,,,,,,,,,,,,,,,,,,,,,,,,,,,,,-,C.4f04b5de911bf0cd,C.4f04b5de911bf0cd
1780488690102,,,,,,,,,,,2026-05-27 10:44:25.638," {f4ba3e13-c624-6a16-a200-000000002200}",4696,C:\Windows\sysmon64.exe,,,NT AUTHORITY\SYSTEM,,,,,,,,,,,,CreateKey,HKLM\SOFTWARE\Microsoft\EnterpriseCertificates\Disallowed\CRLs,,,,,,,,,,,,,,,,,,,,,,,,,,,,,,,,,,,,,-,C.4f04b5de911bf0cd,C.4f04b5de911bf0cd
1780488690102,,,,,,,,,,,2026-05-27 10:44:25.638," {f4ba3e13-c624-6a16-a200-000000002200}",4696,C:\Windows\sysmon64.exe,,,NT AUTHORITY\SYSTEM,,,,,,,,,,,,CreateKey,HKLM\SOFTWARE\Microsoft\EnterpriseCertificates\Disallowed\CTLs,,,,,,,,,,,,,,,,,,,,,,,,,,,,,,,,,,,,,-,C.4f04b5de911bf0cd,C.4f04b5de911bf0cd
1780488690102,,,,,,,,,,,,,,,,,,,,,,,,,,,,,,,,,,,,,,,,,,,,,,,,,,,,,,,,,,,,,,,,,,,,C.4f04b5de911bf0cd,C.4f04b5de911bf0cd
1780488690102,,,,,,,,,,,,,,,,,,,,,,,,,,,,,,,,,,,,,,,,,,,,,,,,,,,,,,,,,,,,,,,,,,,,C.4f04b5de911bf0cd,C.4f04b5de911bf0cd
1780488690102,,,,,,,,,,,,,,,,,,,,,,,,,,,,,,,,,,,,,,,,,,,,,,,,,,,,,,,,,,,,,,,,,,,,C.4f04b5de911bf0cd,C.4f04b5de911bf0cd
1780488690102,,,,,,,,,,,,,,,,,,,,,,,,,,,,,,,,,,,,,,,,,,,,,,,,,,,,,,,,,,,,,,,,,,,,C.4f04b5de911bf0cd,C.4f04b5de911bf0cd
1780488690102,,,,,,,,,,,,,,,,,,,,,,,,,,,,,,,,,,,,,,,,,,,,,,,,,,,,,,,,,,,,,,,,,,,,C.4f04b5de911bf0cd,C.4f04b5de911bf0cd
1780488690102,,,,,,,,,,,,,,,,,,,,,,,,,,,,,,,,,,,,,,,,,,,,,,,,,,,,,,,,,,,,,,,,,,,,C.4f04b5de911bf0cd,C.4f04b5de911bf0cd
1780488690102,,,,,,,,,,,,,,,,,,,,,,,,,,,,,,,,,,,,,,,,,,,,,,,,,,,,,,,,,,,,,,,,,,,,C.4f04b5de911bf0cd,C.4f04b5de911bf0cd
1780488690102,,,,,,,,,,,,,,,,,,,,,,,,,,,,,,,,,,,,,,,,,,,,,,,,,,,,,,,,,,,,,,,,,,,,C.4f04b5de911bf0cd,C.4f04b5de911bf0cd
1780488690102,,,,,,,,,,,,,,,,,,,,,,,,,,,,,,,,,,,,,,,,,,,,,,,,,,,,,,,,,,,,,,,,,,,,C.4f04b5de911bf0cd,C.4f04b5de911bf0cd
1780488690102,,,,,,,,,,,,,,,,,,,,,,,,,,,,,,,,,,,,,,,,,,,,,,,,,,,,,,,,,,,,,,,,,,,,C.4f04b5de911bf0cd,C.4f04b5de911bf0cd
1780488690102,,,,,,,,,,,,,,,,,,,,,,,,,,,,,,,,,,,,,,,,,,,,,,,,,,,,,,,,,,,,,,,,,,,,C.4f04b5de911bf0cd,C.4f04b5de911bf0cd
1780488690102,,,,,,,,,,,,,,,,,,,,,,,,,,,,,,,,,,,,,,,,,,,,,,,,,,,,,,,,,,,,,,,,,,,,C.4f04b5de911bf0cd,C.4f04b5de911bf0cd
1780488690102,,,,,,,,,,,,,,,,,,,,,,,,,,,,,,,,,,,,,,,,,,,,,,,,,,,,,,,,,,,,,,,,,,,,C.4f04b5de911bf0cd,C.4f04b5de911bf0cd
1780488690102,,,,,,,,,,,,,,,,,,,,,,,,,,,,,,,,,,,,,,,,,,,,,,,,,,,,,,,,,,,,,,,,,,,,C.4f04b5de911bf0cd,C.4f04b5de911bf0cd
1780488690102,,,,,,,,,,,,,,,,,,,,,,,,,,,,,,,,,,,,,,,,,,,,,,,,,,,,,,,,,,,,,,,,,,,,C.4f04b5de911bf0cd,C.4f04b5de911bf0cd
1780488690102,,,,,,,,,,,,,,,,,,,,,,,,,,,,,,,,,,,,,,,,,,,,,,,,,,,,,,,,,,,,,,,,,,,,C.4f04b5de911bf0cd,C.4f04b5de911bf0cd
1780488690102,,,,,,,,,,,,,,,,,,,,,,,,,,,,,,,,,,,,,,,,,,,,,,,,,,,,,,,,,,,,,,,,,,,,C.4f04b5de911bf0cd,C.4f04b5de911bf0cd
1780488690102,,,,,,,,,,,,,,,,,,,,,,,,,,,,,,,,,,,,,,,,,,,,,,,,,,,,,,,,,,,,,,,,,,,,C.4f04b5de911bf0cd,C.4f04b5de911bf0cd
1780488690102,,,,,,,,,,,,,,,,,,,,,,,,,,,,,,,,,,,,,,,,,,,,,,,,,,,,,,,,,,,,,,,,,,,,C.4f04b5de911bf0cd,C.4f04b5de911bf0cd
1780488690102,,,,,,,,,,,,,,,,,,,,,,,,,,,,,,,,,,,,,,,,,,,,,,,,,,,,,,,,,,,,,,,,,,,,C.4f04b5de911bf0cd,C.4f04b5de911bf0cd
1780488690102,,,,,,,,,,,,,,,,,,,,,,,,,,,,,,,,,,,,,,,,,,,,,,,,,,,,,,,,,,,,,,,,,,,,C.4f04b5de911bf0cd,C.4f04b5de911bf0cd
1780488690102,,,,,,,,,,,,,,,,,,,,,,,,,,,,,,,,,,,,,,,,,,,,,,,,,,,,,,,,,,,,,,,,,,,,C.4f04b5de911bf0cd,C.4f04b5de911bf0cd
1780488690102,,,,,,,,,,,,,,,,,,,,,,,,,,,,,,,,,,,,,,,,,,,,,,,,,,,,,,,,,,,,,,,,,,,,C.4f04b5de911bf0cd,C.4f04b5de911bf0cd
1780488690102,,,,,,,,,,,,,,,,,,,,,,,,,,,,,,,,,,,,,,,,,,,,,,,,,,,,,,,,,,,,,,,,,,,,C.4f04b5de911bf0cd,C.4f04b5de911bf0cd
1780488690102,,,,,,,,,,,,,,,,,,,,,,,,,,,,,,,,,,,,,,,,,,,,,,,,,,,,,,,,,,,,,,,,,,,,C.4f04b5de911bf0cd,C.4f04b5de911bf0cd
1780488690102,,,,,,,,,,,,,,,,,,,,,,,,,,,,,,,,,,,,,,,,,,,,,,,,,,,,,,,,,,,,,,,,,,,,C.4f04b5de911bf0cd,C.4f04b5de911bf0cd
1780488690102,,,,,,,,,,,,,,,,,,,,,,,,,,,,,,,,,,,,,,,,,,,,,,,,,,,,,,,,,,,,,,,,,,,,C.4f04b5de911bf0cd,C.4f04b5de911bf0cd
1780488690102,,,,,,,,,,,,,,,,,,,,,,,,,,,,,,,,,,,,,,,,,,,,,,,,,,,,,,,,,,,,,,,,,,,,C.4f04b5de911bf0cd,C.4f04b5de911bf0cd
1780488690102,,,,,,,,,,,,,,,,,,,,,,,,,,,,,,,,,,,,,,,,,,,,,,,,,,,,,,,,,,,,,,,,,,,,C.4f04b5de911bf0cd,C.4f04b5de911bf0cd
1780488690102,,,,,,,,,,,,,,,,,,,,,,,,,,,,,,,,,,,,,,,,,,,,,,,,,,,,,,,,,,,,,,,,,,,,C.4f04b5de911bf0cd,C.4f04b5de911bf0cd
1780488690102,,,,,,,,,,,,,,,,,,,,,,,,,,,,,,,,,,,,,,,,,,,,,,,,,,,,,,,,,,,,,,,,,,,,C.4f04b5de911bf0cd,C.4f04b5de911bf0cd
1780488690102,,,,,,,,,,,,,,,,,,,,,,,,,,,,,,,,,,,,,,,,,,,,,,,,,,,,,,,,,,,,,,,,,,,,C.4f04b5de911bf0cd,C.4f04b5de911bf0cd
1780488690102,,,,,,,,,,,,,,,,,,,,,,,,,,,,,,,,,,,,,,,,,,,,,,,,,,,,,,,,,,,,,,,,,,,,C.4f04b5de911bf0cd,C.4f04b5de911bf0cd
1780488690102,,,,,,,,,,,,,,,,,,,,,,,,,,,,,,,,,,,,,,,,,,,,,,,,,,,,,,,,,,,,,,,,,,,,C.4f04b5de911bf0cd,C.4f04b5de911bf0cd
1780488690102,,,,,,,,,,,,,,,,,,,,,,,,,,,,,,,,,,,,,,,,,,,,,,,,,,,,,,,,,,,,,,,,,,,,C.4f04b5de911bf0cd,C.4f04b5de911bf0cd
1780488690102,,,,,,,,,,,,,,,,,,,,,,,,,,,,,,,,,,,,,,,,,,,,,,,,,,,,,,,,,,,,,,,,,,,,C.4f04b5de911bf0cd,C.4f04b5de911bf0cd
1780488690102,,,,,,,,,,,,,,,,,,,,,,,,,,,,,,,,,,,,,,,,,,,,,,,,,,,,,,,,,,,,,,,,,,,,C.4f04b5de911bf0cd,C.4f04b5de911bf0cd
1780488690102,,,,,,,,,,,,,,,,,,,,,,,,,,,,,,,,,,,,,,,,,,,,,,,,,,,,,,,,,,,,,,,,,,,,C.4f04b5de911bf0cd,C.4f04b5de911bf0cd
1780488690102,,,,,,,,,,,,,,,,,,,,,,,,,,,,,,,,,,,,,,,,,,,,,,,,,,,,,,,,,,,,,,,,,,,,C.4f04b5de911bf0cd,C.4f04b5de911bf0cd
1780488690102,,,,,,,,,,,,,,,,,,,,,,,,,,,,,,,,,,,,,,,,,,,,,,,,,,,,,,,,,,,,,,,,,,,,C.4f04b5de911bf0cd,C.4f04b5de911bf0cd
1780488690102,,,,,,,,,,,,,,,,,,,,,,,,,,,,,,,,,,,,,,,,,,,,,,,,,,,,,,,,,,,,,,,,,,,,C.4f04b5de911bf0cd,C.4f04b5de911bf0cd
1780488690102,,,,,,,,,,,,,,,,,,,,,,,,,,,,,,,,,,,,,,,,,,,,,,,,,,,,,,,,,,,,,,,,,,,,C.4f04b5de911bf0cd,C.4f04b5de911bf0cd
1780488690102,,,,,,,,,,,,,,,,,,,,,,,,,,,,,,,,,,,,,,,,,,,,,,,,,,,,,,,,,,,,,,,,,,,,C.4f04b5de911bf0cd,C.4f04b5de911bf0cd
1780488690102,,,,,,,,,,,,,,,,,,,,,,,,,,,,,,,,,,,,,,,,,,,,,,,,,,,,,,,,,,,,,,,,,,,,C.4f04b5de911bf0cd,C.4f04b5de911bf0cd
1780488690102,,,,,,,,,,,,,,,,,,,,,,,,,,,,,,,,,,,,,,,,,,,,,,,,,,,,,,,,,,,,,,,,,,,,C.4f04b5de911bf0cd,C.4f04b5de911bf0cd
1780488690102,,,,,,,,,,,,,,,,,,,,,,,,,,,,,,,,,,,,,,,,,,,,,,,,,,,,,,,,,,,,,,,,,,,,C.4f04b5de911bf0cd,C.4f04b5de911bf0cd
1780488690102,,,,,,,,,,,,,,,,,,,,,,,,,,,,,,,,,,,,,,,,,,,,,,,,,,,,,,,,,,,,,,,,,,,,C.4f04b5de911bf0cd,C.4f04b5de911bf0cd
1780488690102,,,,,,,,,,,,,,,,,,,,,,,,,,,,,,,,,,,,,,,,,,,,,,,,,,,,,,,,,,,,,,,,,,,,C.4f04b5de911bf0cd,C.4f04b5de911bf0cd
1780488690102,,,,,,,,,,,,,,,,,,,,,,,,,,,,,,,,,,,,,,,,,,,,,,,,,,,,,,,,,,,,,,,,,,,,C.4f04b5de911bf0cd,C.4f04b5de911bf0cd
1780488690102,,,,,,,,,,,,,,,,,,,,,,,,,,,,,,,,,,,,,,,,,,,,,,,,,,,,,,,,,,,,,,,,,,,,C.4f04b5de911bf0cd,C.4f04b5de911bf0cd
1780488690102,,,,,,,,,,,,,,,,,,,,,,,,,,,,,,,,,,,,,,,,,,,,,,,,,,,,,,,,,,,,,,,,,,,,C.4f04b5de911bf0cd,C.4f04b5de911bf0cd
1780488690102,,,,,,,,,,,,,,,,,,,,,,,,,,,,,,,,,,,,,,,,,,,,,,,,,,,,,,,,,,,,,,,,,,,,C.4f04b5de911bf0cd,C.4f04b5de911bf0cd
1780488690102,,,,,,,,,,,,,,,,,,,,,,,,,,,,,,,,,,,,,,,,,,,,,,,,,,,,,,,,,,,,,,,,,,,,C.4f04b5de911bf0cd,C.4f04b5de911bf0cd
1780488690102,,,,,,,,,,,,,,,,,,,,,,,,,,,,,,,,,,,,,,,,,,,,,,,,,,,,,,,,,,,,,,,,,,,,C.4f04b5de911bf0cd,C.4f04b5de911bf0cd
1780488690102,,,,,,,,,,,,,,,,,,,,,,,,,,,,,,,,,,,,,,,,,,,,,,,,,,,,,,,,,,,,,,,,,,,,C.4f04b5de911bf0cd,C.4f04b5de911bf0cd
1780488690102,,,,,,,,,,,,,,,,,,,,,,,,,,,,,,,,,,,,,,,,,,,,,,,,,,,,,,,,,,,,,,,,,,,,C.4f04b5de911bf0cd,C.4f04b5de911bf0cd
1780488690102,,,,,,,,,,,,,,,,,,,,,,,,,,,,,,,,,,,,,,,,,,,,,,,,,,,,,,,,,,,,,,,,,,,,C.4f04b5de911bf0cd,C.4f04b5de911bf0cd
1780488690102,,,,,,,,,,,2026-05-27 10:44:25.667," {f4ba3e13-c532-6a16-6800-000000002200}",3992,C:\Program Files\Velociraptor\Velociraptor.exe,,,NT AUTHORITY\SYSTEM,,,,,,,,,,,,CreatePipe,,,,,,,,,,,,,,,,,,,,,,,,,,,,,,,,,,<Anonymous Pipe>,,,,-,C.4f04b5de911bf0cd,C.4f04b5de911bf0cd
1780488690102,,,,,,,,,,,2026-05-27 10:44:25.667," {f4ba3e13-c532-6a16-6800-000000002200}",3992,C:\Program Files\Velociraptor\Velociraptor.exe,,,NT AUTHORITY\SYSTEM,,,,,,,,,,,,ConnectPipe,,,,,,,,,,,,,,,,,,,,,,,,,,,,,,,,,,<Anonymous Pipe>,,,,-,C.4f04b5de911bf0cd,C.4f04b5de911bf0cd
1780488690102,,,,,,,,,,,2026-05-27 10:44:25.667," {f4ba3e13-c532-6a16-6800-000000002200}",3992,C:\Program Files\Velociraptor\Velociraptor.exe,,,NT AUTHORITY\SYSTEM,,,,,,,,,,,,CreatePipe,,,,,,,,,,,,,,,,,,,,,,,,,,,,,,,,,,<Anonymous Pipe>,,,,-,C.4f04b5de911bf0cd,C.4f04b5de911bf0cd
1780488690102,,,,,,,,,,,2026-05-27 10:44:25.667," {f4ba3e13-c532-6a16-6800-000000002200}",3992,C:\Program Files\Velociraptor\Velociraptor.exe,,,NT AUTHORITY\SYSTEM,,,,,,,,,,,,ConnectPipe,,,,,,,,,,,,,,,,,,,,,,,,,,,,,,,,,,<Anonymous Pipe>,,,,-,C.4f04b5de911bf0cd,C.4f04b5de911bf0cd
1780488690102,,,,,,,,,,,2026-05-27 10:44:25.667," {f4ba3e13-cb09-6a16-fe00-000000002200}",5364,C:\Windows\sysmon64.exe,C:\Windows\sysmon64.exe -accepteula -u,C:\Windows\system32\,NT AUTHORITY\SYSTEM,"MD5=B1581E884727B450C4DBFA9360F3DB7C,SHA256=D8115212A7747010593DE813404B02D05B915E4B1D0231502B856B9ACE9274E8,IMPHASH=5C31CFDE3181A762CA91D21902DEF1B4"," {f4ba3e13-c532-6a16-6800-000000002200}"," 3992",C:\Program Files\Velociraptor\Velociraptor.exe,"""C:\Program Files\Velociraptor\Velociraptor.exe""  --config ""C:\Program Files\Velociraptor\/client.config.yaml"" service run ",System,0x3E7," {f4ba3e13-c48f-6a16-e703-000000000000}"," 0",,,,,,,,,,,,,,,,,,,,,,,Sysinternals - www.sysinternals.com,Sysinternals Sysmon,System activity monitor," 15.20",-,,,,,,,,,,,,,,-,C.4f04b5de911bf0cd,C.4f04b5de911bf0cd
1780488690102,,,,,,,,,,,,,,,,,,,,,,,,,,,,,,,,,,,,,,,,,,,,,,,,,,,,,,,,,,,,,,,,,,,,C.4f04b5de911bf0cd,C.4f04b5de911bf0cd
1780488690102,,,,,,,,,,,,,,,,,,,,,,,,,,,,,,,,,,,,,,,,,,,,,,,,,,,,,,,,,,,,,,,,,,,,C.4f04b5de911bf0cd,C.4f04b5de911bf0cd
1780488690102,,,,,,,,,,,,,,,,,,,,,,,,,,,,,,,,,,,,,,,,,,,,,,,,,,,,,,,,,,,,,,,,,,,,C.4f04b5de911bf0cd,C.4f04b5de911bf0cd
1780488690102,,,,,,,,,,,,,,,,,,,,,,,,,,,,,,,,,,,,,,,,,,,,,,,,,,,,,,,,,,,,,,,,,,,,C.4f04b5de911bf0cd,C.4f04b5de911bf0cd
1780488690102,,,,,,,,,,,,,,,,,,,,,,,,,,,,,,,,,,,,,,,,,,,,,,,,,,,,,,,,,,,,,,,,,,,,C.4f04b5de911bf0cd,C.4f04b5de911bf0cd
1780488690102,,,,,,,,,,,,,,,,,,,,,,,,,,,,,,,,,,,,,,,,,,,,,,,,,,,,,,,,,,,,,,,,,,,,C.4f04b5de911bf0cd,C.4f04b5de911bf0cd
1780488690102,,,,,,,,,,,2026-05-27 10:44:25.671," {f4ba3e13-c4ad-6a16-3200-000000002200}",2788,C:\Program Files\Windows Defender\MsMpEng.exe,,,NT AUTHORITY\SYSTEM,,,,,,,,,,,,,,,,,,,,,,,,,,,,,,,,,,,,,,,,,,,,,,,,,,-,C.4f04b5de911bf0cd,C.4f04b5de911bf0cd
1780488690102,,,,,,,,,,,2026-05-27 10:44:25.671," {f4ba3e13-cb09-6a16-ff00-000000002200}",3444,C:\Windows\System32\conhost.exe,\??\C:\Windows\system32\conhost.exe 0xffffffff -ForceV1,C:\Windows,NT AUTHORITY\SYSTEM,"MD5=D752C96401E2540A443C599154FC6FA9,SHA256=046F7A1B4DE67562547ED9A180A72F481FC41E803DE49A96D7D7C731964D53A0,IMPHASH=2C980A4DA7C717CC670CB9E1D2C4D733"," {f4ba3e13-cb09-6a16-fe00-000000002200}"," 5364",C:\Windows\sysmon64.exe,C:\Windows\sysmon64.exe -accepteula -u,System,0x3E7," {f4ba3e13-c48f-6a16-e703-000000000000}"," 0",,,,,,,,,,,,,,,,,,,,,,,Microsoft Corporation,Microsoft® Windows® Operating System,Console Window Host,10.0.14393.0 (rs1_release.160715-1616),CONHOST.EXE,,,,,,,,,,,,,,-,C.4f04b5de911bf0cd,C.4f04b5de911bf0cd
1780488690102,,,,,,,,,,,,,,,,,,,,,,,,,,,,,,,,,,,,,,,,,,,,,,,,,,,,,,,,,,,,,,,,,,,,C.4f04b5de911bf0cd,C.4f04b5de911bf0cd
1780488690102,,,,,,,,,,,,,,,,,,,,,,,,,,,,,,,,,,,,,,,,,,,,,,,,,,,,,,,,,,,,,,,,,,,,C.4f04b5de911bf0cd,C.4f04b5de911bf0cd
1780488690102,,,,,,,,,,,,,,,,,,,,,,,,,,,,,,,,,,,,,,,,,,,,,,,,,,,,,,,,,,,,,,,,,,,,C.4f04b5de911bf0cd,C.4f04b5de911bf0cd
1780488690102,,,,,,,,,,,,,,,,,,,,,,,,,,,,,,,,,,,,,,,,,,,,,,,,,,,,,,,,,,,,,,,,,,,,C.4f04b5de911bf0cd,C.4f04b5de911bf0cd
1780488690102,,,,,,,,,,,,,,,,,,,,,,,,,,,,,,,,,,,,,,,,,,,,,,,,,,,,,,,,,,,,,,,,,,,,C.4f04b5de911bf0cd,C.4f04b5de911bf0cd
1780488690102,,,,,,,,,,,,,,,,,,,,,,,,,,,,,,,,,,,,,,,,,,,,,,,,,,,,,,,,,,,,,,,,,,,,C.4f04b5de911bf0cd,C.4f04b5de911bf0cd
1780488690102,,,,,,,,,,,,,,,,,,,,,,,,,,,,,,,,,,,,,,,,,,,,,,,,,,,,,,,,,,,,,,,,,,,,C.4f04b5de911bf0cd,C.4f04b5de911bf0cd
1780488690102,,,,,,,,,,,,,,,,,,,,,,,,,,,,,,,,,,,,,,,,,,,,,,,,,,,,,,,,,,,,,,,,,,,,C.4f04b5de911bf0cd,C.4f04b5de911bf0cd
1780488690102,,,,,,,,,,,,,,,,,,,,,,,,,,,,,,,,,,,,,,,,,,,,,,,,,,,,,,,,,,,,,,,,,,,,C.4f04b5de911bf0cd,C.4f04b5de911bf0cd
1780488690102,,,,,,,,,,,,,,,,,,,,,,,,,,,,,,,,,,,,,,,,,,,,,,,,,,,,,,,,,,,,,,,,,,,,C.4f04b5de911bf0cd,C.4f04b5de911bf0cd
1780488690102,,,,,,,,,,,,,,,,,,,,,,,,,,,,,,,,,,,,,,,,,,,,,,,,,,,,,,,,,,,,,,,,,,,,C.4f04b5de911bf0cd,C.4f04b5de911bf0cd
1780488690102,,,,,,,,,,,,,,,,,,,,,,,,,,,,,,,,,,,,,,,,,,,,,,,,,,,,,,,,,,,,,,,,,,,,C.4f04b5de911bf0cd,C.4f04b5de911bf0cd
1780488690102,,,,,,,,,,,,,,,,,,,,,,,,,,,,,,,,,,,,,,,,,,,,,,,,,,,,,,,,,,,,,,,,,,,,C.4f04b5de911bf0cd,C.4f04b5de911bf0cd
1780488690102,,,,,,,,,,,,,,,,,,,,,,,,,,,,,,,,,,,,,,,,,,,,,,,,,,,,,,,,,,,,,,,,,,,,C.4f04b5de911bf0cd,C.4f04b5de911bf0cd
1780488690102,,,,,,,,,,,,,,,,,,,,,,,,,,,,,,,,,,,,,,,,,,,,,,,,,,,,,,,,,,,,,,,,,,,,C.4f04b5de911bf0cd,C.4f04b5de911bf0cd
1780488690102,,,,,,,,,,,,,,,,,,,,,,,,,,,,,,,,,,,,,,,,,,,,,,,,,,,,,,,,,,,,,,,,,,,,C.4f04b5de911bf0cd,C.4f04b5de911bf0cd
1780488690102,,,,,,,,,,,,,,,,,,,,,,,,,,,,,,,,,,,,,,,,,,,,,,,,,,,,,,,,,,,,,,,,,,,,C.4f04b5de911bf0cd,C.4f04b5de911bf0cd
1780488690102,,,,,,,,,,,,,,,,,,,,,,,,,,,,,,,,,,,,,,,,,,,,,,,,,,,,,,,,,,,,,,,,,,,,C.4f04b5de911bf0cd,C.4f04b5de911bf0cd
1780488690102,,,,,,,,,,,,,,,,,,,,,,,,,,,,,,,,,,,,,,,,,,,,,,,,,,,,,,,,,,,,,,,,,,,,C.4f04b5de911bf0cd,C.4f04b5de911bf0cd
1780488690102,,,,,,,,,,,,,,,,,,,,,,,,,,,,,,,,,,,,,,,,,,,,,,,,,,,,,,,,,,,,,,,,,,,,C.4f04b5de911bf0cd,C.4f04b5de911bf0cd
1780488690102,,,,,,,,,,,,,,,,,,,,,,,,,,,,,,,,,,,,,,,,,,,,,,,,,,,,,,,,,,,,,,,,,,,,C.4f04b5de911bf0cd,C.4f04b5de911bf0cd
1780488690102,,,,,,,,,,,,,,,,,,,,,,,,,,,,,,,,,,,,,,,,,,,,,,,,,,,,,,,,,,,,,,,,,,,,C.4f04b5de911bf0cd,C.4f04b5de911bf0cd
1780488690102,,,,,,,,,,,,,,,,,,,,,,,,,,,,,,,,,,,,,,,,,,,,,,,,,,,,,,,,,,,,,,,,,,,,C.4f04b5de911bf0cd,C.4f04b5de911bf0cd
1780488690102,,,,,,,,,,,,,,,,,,,,,,,,,,,,,,,,,,,,,,,,,,,,,,,,,,,,,,,,,,,,,,,,,,,,C.4f04b5de911bf0cd,C.4f04b5de911bf0cd
1780488690102,,,,,,,,,,,,,,,,,,,,,,,,,,,,,,,,,,,,,,,,,,,,,,,,,,,,,,,,,,,,,,,,,,,,C.4f04b5de911bf0cd,C.4f04b5de911bf0cd
1780488690102,,,,,,,,,,,,,,,,,,,,,,,,,,,,,,,,,,,,,,,,,,,,,,,,,,,,,,,,,,,,,,,,,,,,C.4f04b5de911bf0cd,C.4f04b5de911bf0cd
1780488690102,,,,,,,,,,,,,,,,,,,,,,,,,,,,,,,,,,,,,,,,,,,,,,,,,,,,,,,,,,,,,,,,,,,,C.4f04b5de911bf0cd,C.4f04b5de911bf0cd
1780488690102,,,,,,,,,,,,,,,,,,,,,,,,,,,,,,,,,,,,,,,,,,,,,,,,,,,,,,,,,,,,,,,,,,,,C.4f04b5de911bf0cd,C.4f04b5de911bf0cd
1780488690102,,,,,,,,,,,,,,,,,,,,,,,,,,,,,,,,,,,,,,,,,,,,,,,,,,,,,,,,,,,,,,,,,,,,C.4f04b5de911bf0cd,C.4f04b5de911bf0cd
1780488690102,,,,,,,,,,,,,,,,,,,,,,,,,,,,,,,,,,,,,,,,,,,,,,,,,,,,,,,,,,,,,,,,,,,,C.4f04b5de911bf0cd,C.4f04b5de911bf0cd
1780488690102,,,,,,,,,,,,,,,,,,,,,,,,,,,,,,,,,,,,,,,,,,,,,,,,,,,,,,,,,,,,,,,,,,,,C.4f04b5de911bf0cd,C.4f04b5de911bf0cd
1780488690102,,,,,,,,,,,,,,,,,,,,,,,,,,,,,,,,,,,,,,,,,,,,,,,,,,,,,,,,,,,,,,,,,,,,C.4f04b5de911bf0cd,C.4f04b5de911bf0cd
1780488690102,,,,,,,,,,,,,,,,,,,,,,,,,,,,,,,,,,,,,,,,,,,,,,,,,,,,,,,,,,,,,,,,,,,,C.4f04b5de911bf0cd,C.4f04b5de911bf0cd
1780488690102,,,,,,,,,,,,,,,,,,,,,,,,,,,,,,,,,,,,,,,,,,,,,,,,,,,,,,,,,,,,,,,,,,,,C.4f04b5de911bf0cd,C.4f04b5de911bf0cd
1780488690102,,,,,,,,,,,,,,,,,,,,,,,,,,,,,,,,,,,,,,,,,,,,,,,,,,,,,,,,,,,,,,,,,,,,C.4f04b5de911bf0cd,C.4f04b5de911bf0cd
1780488690102,,,,,,,,,,,,,,,,,,,,,,,,,,,,,,,,,,,,,,,,,,,,,,,,,,,,,,,,,,,,,,,,,,,,C.4f04b5de911bf0cd,C.4f04b5de911bf0cd
1780488690102,,,,,,,,,,,,,,,,,,,,,,,,,,,,,,,,,,,,,,,,,,,,,,,,,,,,,,,,,,,,,,,,,,,,C.4f04b5de911bf0cd,C.4f04b5de911bf0cd
1780488690102,,,,,,,,,,,,,,,,,,,,,,,,,,,,,,,,,,,,,,,,,,,,,,,,,,,,,,,,,,,,,,,,,,,,C.4f04b5de911bf0cd,C.4f04b5de911bf0cd
1780488690102,,,,,,,,,,,,,,,,,,,,,,,,,,,,,,,,,,,,,,,,,,,,,,,,,,,,,,,,,,,,,,,,,,,,C.4f04b5de911bf0cd,C.4f04b5de911bf0cd
1780488690102,,,,,,,,,,,,,,,,,,,,,,,,,,,,,,,,,,,,,,,,,,,,,,,,,,,,,,,,,,,,,,,,,,,,C.4f04b5de911bf0cd,C.4f04b5de911bf0cd
1780488690102,,,,,,,,,,,,,,,,,,,,,,,,,,,,,,,,,,,,,,,,,,,,,,,,,,,,,,,,,,,,,,,,,,,,C.4f04b5de911bf0cd,C.4f04b5de911bf0cd
1780488690102,,,,,,,,,,,,,,,,,,,,,,,,,,,,,,,,,,,,,,,,,,,,,,,,,,,,,,,,,,,,,,,,,,,,C.4f04b5de911bf0cd,C.4f04b5de911bf0cd
1780488690102,,,,,,,,,,,,,,,,,,,,,,,,,,,,,,,,,,,,,,,,,,,,,,,,,,,,,,,,,,,,,,,,,,,,C.4f04b5de911bf0cd,C.4f04b5de911bf0cd
1780488690102,,,,,,,,,,,,,,,,,,,,,,,,,,,,,,,,,,,,,,,,,,,,,,,,,,,,,,,,,,,,,,,,,,,,C.4f04b5de911bf0cd,C.4f04b5de911bf0cd
1780488690102,,,,,,,,,,,,,,,,,,,,,,,,,,,,,,,,,,,,,,,,,,,,,,,,,,,,,,,,,,,,,,,,,,,,C.4f04b5de911bf0cd,C.4f04b5de911bf0cd
1780488690102,,,,,,,,,,,,,,,,,,,,,,,,,,,,,,,,,,,,,,,,,,,,,,,,,,,,,,,,,,,,,,,,,,,,C.4f04b5de911bf0cd,C.4f04b5de911bf0cd
1780488690102,,,,,,,,,,,,,,,,,,,,,,,,,,,,,,,,,,,,,,,,,,,,,,,,,,,,,,,,,,,,,,,,,,,,C.4f04b5de911bf0cd,C.4f04b5de911bf0cd
1780488690102,,,,,,,,,,,,,,,,,,,,,,,,,,,,,,,,,,,,,,,,,,,,,,,,,,,,,,,,,,,,,,,,,,,,C.4f04b5de911bf0cd,C.4f04b5de911bf0cd
1780488690102,,,,,,,,,,,,,,,,,,,,,,,,,,,,,,,,,,,,,,,,,,,,,,,,,,,,,,,,,,,,,,,,,,,,C.4f04b5de911bf0cd,C.4f04b5de911bf0cd
1780488690102,,,,,,,,,,,,,,,,,,,,,,,,,,,,,,,,,,,,,,,,,,,,,,,,,,,,,,,,,,,,,,,,,,,,C.4f04b5de911bf0cd,C.4f04b5de911bf0cd
1780488690102,,,,,,,,,,,,,,,,,,,,,,,,,,,,,,,,,,,,,,,,,,,,,,,,,,,,,,,,,,,,,,,,,,,,C.4f04b5de911bf0cd,C.4f04b5de911bf0cd
1780488690102,,,,,,,,,,,,,,,,,,,,,,,,,,,,,,,,,,,,,,,,,,,,,,,,,,,,,,,,,,,,,,,,,,,,C.4f04b5de911bf0cd,C.4f04b5de911bf0cd
1780488690102,,,,,,,,,,,,,,,,,,,,,,,,,,,,,,,,,,,,,,,,,,,,,,,,,,,,,,,,,,,,,,,,,,,,C.4f04b5de911bf0cd,C.4f04b5de911bf0cd
1780488690102,,,,,,,,,,,,,,,,,,,,,,,,,,,,,,,,,,,,,,,,,,,,,,,,,,,,,,,,,,,,,,,,,,,,C.4f04b5de911bf0cd,C.4f04b5de911bf0cd
1780488690102,,,,,,,,,,,,,,,,,,,,,,,,,,,,,,,,,,,,,,,,,,,,,,,,,,,,,,,,,,,,,,,,,,,,C.4f04b5de911bf0cd,C.4f04b5de911bf0cd
1780488690102,,,,,,,,,,,,,,,,,,,,,,,,,,,,,,,,,,,,,,,,,,,,,,,,,,,,,,,,,,,,,,,,,,,,C.4f04b5de911bf0cd,C.4f04b5de911bf0cd
1780488690102,,,,,,,,,,,,,,,,,,,,,,,,,,,,,,,,,,,,,,,,,,,,,,,,,,,,,,,,,,,,,,,,,,,,C.4f04b5de911bf0cd,C.4f04b5de911bf0cd
1780488690102,,,,,,,,,,,,,,,,,,,,,,,,,,,,,,,,,,,,,,,,,,,,,,,,,,,,,,,,,,,,,,,,,,,,C.4f04b5de911bf0cd,C.4f04b5de911bf0cd
1780488690102,,,,,,,,,,,,,,,,,,,,,,,,,,,,,,,,,,,,,,,,,,,,,,,,,,,,,,,,,,,,,,,,,,,,C.4f04b5de911bf0cd,C.4f04b5de911bf0cd
1780488690102,,,,,,,,,,,,,,,,,,,,,,,,,,,,,,,,,,,,,,,,,,,,,,,,,,,,,,,,,,,,,,,,,,,,C.4f04b5de911bf0cd,C.4f04b5de911bf0cd
1780488690102,,,,,,,,,,,,,,,,,,,,,,,,,,,,,,,,,,,,,,,,,,,,,,,,,,,,,,,,,,,,,,,,,,,,C.4f04b5de911bf0cd,C.4f04b5de911bf0cd
1780488690102,,,,,,,,,,,,,,,,,,,,,,,,,,,,,,,,,,,,,,,,,,,,,,,,,,,,,,,,,,,,,,,,,,,,C.4f04b5de911bf0cd,C.4f04b5de911bf0cd
1780488690102,,,,,,,,,,,,,,,,,,,,,,,,,,,,,,,,,,,,,,,,,,,,,,,,,,,,,,,,,,,,,,,,,,,,C.4f04b5de911bf0cd,C.4f04b5de911bf0cd
1780488690102,,,,,,,,,,,,,,,,,,,,,,,,,,,,,,,,,,,,,,,,,,,,,,,,,,,,,,,,,,,,,,,,,,,,C.4f04b5de911bf0cd,C.4f04b5de911bf0cd
1780488690102,,,,,,,,,,,,,,,,,,,,,,,,,,,,,,,,,,,,,,,,,,,,,,,,,,,,,,,,,,,,,,,,,,,,C.4f04b5de911bf0cd,C.4f04b5de911bf0cd
1780488690102,,,,,,,,,,,2026-05-27 10:44:25.702," {f4ba3e13-cb09-6a16-fe00-000000002200}",5364,C:\Windows\sysmon64.exe,,,NT AUTHORITY\SYSTEM,,,,,,,,,,,,SetValue,HKLM\System\CurrentControlSet\Services\SysmonDrv\Parameters\Stop,DWORD (0x00000000),,,,,,,,,,,,,,,,,,,,,,,,,,,,,,,,,,,,-,C.4f04b5de911bf0cd,C.4f04b5de911bf0cd
1780488690102,,,,,,,,,,,,,,,,,,,,,,,,,,,,,,,,,,,,,,,,,,,,,,,,,,,,,,,,,,,,,,,,,,,,C.4f04b5de911bf0cd,C.4f04b5de911bf0cd
1780488690102,,,,,,,,,,,,,,,,,,,,,,,,,,,,,,,,,,,,,,,,,,,,,,,,,,,,,,,,,,,,,,,,,,,,C.4f04b5de911bf0cd,C.4f04b5de911bf0cd
1780488690102,,,,,,,,,,,2026-05-27 10:44:25.702," {f4ba3e13-c624-6a16-a200-000000002200}",4696,C:\Windows\sysmon64.exe,,,NT AUTHORITY\SYSTEM,,,,,,,,,,,,DeleteValue,HKLM\System\CurrentControlSet\Services\SysmonDrv\Parameters\Stop,,,,,,,,,,,,,,,,,,,,,,,,,,,,,,,,,,,,,-,C.4f04b5de911bf0cd,C.4f04b5de911bf0cd
1780488690102,,,,,,,,,,,,,,,,,,,,,,,,,,,,,,,,,,,,,,,,,,,,,,,,,,,,,,,,,,,,,,,,,,,,C.4f04b5de911bf0cd,C.4f04b5de911bf0cd
1780488690102,,,,,,,,,,,2026-05-27 10:44:25.718," {f4ba3e13-c493-6a16-1400-000000002200}",1060,C:\Windows\system32\svchost.exe,,,NT AUTHORITY\NETWORK SERVICE,,,,,,,,,,,,CreateKey,HKLM\System\CurrentControlSet\Services\Tcpip\Parameters,,,,,,,,,,,,,,,,,,,,,,,,,,,,,,,,,,,,,-,C.4f04b5de911bf0cd,C.4f04b5de911bf0cd
1780488690102,,,,,,,,,,,2026-05-27 10:44:25.056," {f4ba3e13-c532-6a16-6800-000000002200}",3992,C:\Program Files\Velociraptor\Velociraptor.exe,,,NT AUTHORITY\SYSTEM,,,,,,,,,,,,,,,,,,,,,,,,,,,,,,,,,,,,,,,,,,,,,,,WIN-AREA23PG7FQ," 0",fe80::2052:1f37:3f56:dd44;2001:0:c0a9:22c7:2052:1f37:3f56:dd44;fe80::200:5efe:192.169.34.187;::ffff:192.169.34.187;,-,C.4f04b5de911bf0cd,C.4f04b5de911bf0cd
1780488690102,,,,,,,,,,,2026-05-27 10:44:25.057," {f4ba3e13-c532-6a16-6800-000000002200}",3992,C:\Program Files\Velociraptor\Velociraptor.exe,,,NT AUTHORITY\SYSTEM,,,,,,,,,,,,,,,,,,,,,,,,,,,,,,,,,,,,,,,,,,,,,,,187.34.169.192.in-addr.arpa.," 0",type:  12 WIN-AREA23PG7FQ.CHILD.APT.LOCAL;,-,C.4f04b5de911bf0cd,C.4f04b5de911bf0cd
1780488690102,,,,,,,,,,,,,,,,,,,,,,,,,,,,,,,,,,,,,,,,,,,,,,,,,,,,,,,,,,,,,,,,,,,,C.4f04b5de911bf0cd,C.4f04b5de911bf0cd
1780488690102,,,,,,,,,,,,,,,,,,,,,,,,,,,,,,,,,,,,,,,,,,,,,,,,,,,,,,,,,,,,,,,,,,,,C.4f04b5de911bf0cd,C.4f04b5de911bf0cd
1780488690102,,,,,,,,,,,2026-05-27 10:44:31.353," {f4ba3e13-cb0f-6a16-0b01-000000002200}",2216,C:\Windows\sysmon64.exe,C:\Windows\sysmon64.exe,C:\Windows\system32\,NT AUTHORITY\SYSTEM,"MD5=B1581E884727B450C4DBFA9360F3DB7C,SHA256=D8115212A7747010593DE813404B02D05B915E4B1D0231502B856B9ACE9274E8,IMPHASH=5C31CFDE3181A762CA91D21902DEF1B4"," {f4ba3e13-c48f-6a16-0a00-000000002200}"," 640",C:\Windows\System32\services.exe,C:\Windows\system32\services.exe,System,0x3E7," {f4ba3e13-c48f-6a16-e703-000000000000}"," 0",,,,,,,,,,,,,,,,,,,,,,,Sysinternals - www.sysinternals.com,Sysinternals Sysmon,System activity monitor," 15.20",-,,,,,,,,,,,,,,-,C.4f04b5de911bf0cd,C.4f04b5de911bf0cd
1780488690102,,,,,,,,,,,2026-05-27 10:44:31.409," {f4ba3e13-cb0f-6a16-0c01-000000002200}",5008,C:\Windows\System32\wbem\unsecapp.exe,C:\Windows\system32\wbem\unsecapp.exe -Embedding,C:\Windows\system32\,NT AUTHORITY\SYSTEM,"MD5=FC72EAF3DDC0100CE349858A84DE324F,SHA256=1D61DD5E920F13D3280B8FFC40BB0C6164D29CAF2220BF526933177D050FC379,IMPHASH=A3CC49DF67C2278F822C9EBB9908BF09"," {f4ba3e13-c492-6a16-0c00-000000002200}"," 860",C:\Windows\System32\svchost.exe,C:\Windows\system32\svchost.exe -k DcomLaunch,System,0x3E7," {f4ba3e13-c48f-6a16-e703-000000000000}"," 0",,,,,,,,,,,,,,,,,,,,,,,Microsoft Corporation,Microsoft® Windows® Operating System,Sink to receive asynchronous callbacks for WMI client application,10.0.14393.0 (rs1_release.160715-1616),unsecapp.dll,,,,,,,,,,,,,,-,C.4f04b5de911bf0cd,C.4f04b5de911bf0cd
1780488690102,,,,,,,,,,,2026-05-27 10:44:32.405," {f4ba3e13-cb10-6a16-0e01-000000002200}",2548,C:\Windows\System32\sc.exe,sc.exe start sysmon64,C:\Windows\system32\,NT AUTHORITY\SYSTEM,"MD5=BD31EB150F6547D18329E5F00801D1CD,SHA256=8A775B86CE1A057E290CCD26C59C96070684468A3119790743A346CD54F4DFDF,IMPHASH=A68324ADB4F5664AF8A79E04062F4A92"," {f4ba3e13-c532-6a16-6800-000000002200}"," 3992",C:\Program Files\Velociraptor\Velociraptor.exe,"""C:\Program Files\Velociraptor\Velociraptor.exe""  --config ""C:\Program Files\Velociraptor\/client.config.yaml"" service run ",System,0x3E7," {f4ba3e13-c48f-6a16-e703-000000000000}"," 0",,,,,,,,,,,,,,,,,,,,,,,Microsoft Corporation,Microsoft® Windows® Operating System,Service Control Manager Configuration Tool,10.0.14393.0 (rs1_release.160715-1616),sc.exe,,,,,,,,,,,,,,-,C.4f04b5de911bf0cd,C.4f04b5de911bf0cd
1780488690102,,,,,,,,,,,2026-05-27 10:44:32.425," {f4ba3e13-c532-6a16-6800-000000002200}",3992,C:\Program Files\Velociraptor\Velociraptor.exe,,,NT AUTHORITY\SYSTEM,,,,,,,,,,,,,,,,,,,,,,,,,,,,,,,,,,,,,,,,,,,,,,,WIN-AREA23PG7FQ," 0",fe80::2052:1f37:3f56:dd44;2001:0:c0a9:22c7:2052:1f37:3f56:dd44;fe80::200:5efe:192.169.34.187;::ffff:192.169.34.187;,-,C.4f04b5de911bf0cd,C.4f04b5de911bf0cd
1780488690102,,,,,,,,,,,2026-05-27 10:45:31.164," {f4ba3e13-c4ad-6a16-2f00-000000002200}",2712,C:\Windows\ADWS\Microsoft.ActiveDirectory.WebServices.exe,,,NT AUTHORITY\SYSTEM,,,,,,,,,,,,,,,,,,,,,,,,,,,,,,,,,,,,,,,,,,,,,,,WIN-AREA23PG7FQ.CHILD.APT.LOCAL," 0",fe80::2052:1f37:3f56:dd44;2001:0:c0a9:22c7:2052:1f37:3f56:dd44;fe80::200:5efe:192.169.34.187;::ffff:192.169.34.187;,-,C.4f04b5de911bf0cd,C.4f04b5de911bf0cd
1780488690102,,,,,,,,,,,2026-05-27 10:45:31.389," {f4ba3e13-c4ad-6a16-2e00-000000002200}",2688,C:\Windows\system32\dns.exe,,,NT AUTHORITY\SYSTEM,,,,,,,,,,,,,,,,,,,,,,,,,,,,,,,,,,,,,,,,,,,,,,,DC01.APT.LOCAL," 0",::ffff:192.169.34.199;,-,C.4f04b5de911bf0cd,C.4f04b5de911bf0cd
1780488690102,,,,,,,,,,,2026-05-27 10:45:36.313," {f4ba3e13-cb50-6a16-1201-000000002200}",5076,C:\Windows\System32\cmd.exe,"""C:\Windows\system32\cmd.exe"" ",C:\Users\Administrator\,CHILD\Administrator,"MD5=F4F684066175B77E0C3A000549D2922C,SHA256=935C1861DF1F4018D698E8B65ABFA02D7E9037D8F68CA3C2065B6CA165D44AD2,IMPHASH=3062ED732D4B25D1C64F084DAC97D37A"," {f4ba3e13-c50d-6a16-5100-000000002200}"," 3836",C:\Windows\explorer.exe,C:\Windows\Explorer.EXE /NOUACCHECK,High,0x3387E," {f4ba3e13-c50c-6a16-7e38-030000000000}"," 1",,,,,,,,,,,,,,,,,,,,,,,Microsoft Corporation,Microsoft® Windows® Operating System,Windows Command Processor,10.0.14393.0 (rs1_release.160715-1616),Cmd.Exe,,,,,,,,,,,,,,-,C.4f04b5de911bf0cd,C.4f04b5de911bf0cd
1780488690102,,,,,,,,,,,2026-05-27 10:45:42.617," {f4ba3e13-cb56-6a16-1401-000000002200}",236,C:\Windows\System32\nslookup.exe,nslookup  google.com.,C:\Users\Administrator\,CHILD\Administrator,"MD5=488698C899FE524430270C1D14FE99CF,SHA256=24553BFAB13871FAF3EE6F1F8EFECC5D25368A706A42CA35319228D3547418FA,IMPHASH=446F3F94B921C80C9E9497075AA3EF61"," {f4ba3e13-cb50-6a16-1201-000000002200}"," 5076",C:\Windows\System32\cmd.exe,"""C:\Windows\system32\cmd.exe"" ",High,0x3387E," {f4ba3e13-c50c-6a16-7e38-030000000000}"," 1",,,,,,,,,,,,,,,,,,,,,,,Microsoft Corporation,Microsoft® Windows® Operating System,nslookup,10.0.14393.0 (rs1_release.160715-1616),nslookup.exe,,,,,,,,,,,,,,-,C.4f04b5de911bf0cd,C.4f04b5de911bf0cd
1780488690102,,,,,,,,,,,2026-05-27 10:45:42.629," {f4ba3e13-cb56-6a16-1401-000000002200}",236,C:\Windows\System32\nslookup.exe,,,CHILD\Administrator,,,,,,,,,,,,,,,,udp," true"," false",192.169.34.187,WIN-AREA23PG7FQ.CHILD.APT.LOCAL," 65062",-," false",192.169.34.199,-," 53",domain,,,,,,,,,,,,,,,,,,,,,,,-,C.4f04b5de911bf0cd,C.4f04b5de911bf0cd
1780488690102,,,,,,,,,,,2026-05-27 10:45:44.638," {f4ba3e13-cb56-6a16-1401-000000002200}",236,C:\Windows\System32\nslookup.exe,,,CHILD\Administrator,,,,,,,,,,,,,,,,udp," true"," false",192.169.34.187,WIN-AREA23PG7FQ.CHILD.APT.LOCAL," 59730",-," false",192.169.34.199,-," 53",domain,,,,,,,,,,,,,,,,,,,,,,,-,C.4f04b5de911bf0cd,C.4f04b5de911bf0cd
1780488690102,,,,,,,,,,,2026-05-27 10:45:44.639," {f4ba3e13-cb56-6a16-1401-000000002200}",236,C:\Windows\System32\nslookup.exe,,,CHILD\Administrator,,,,,,,,,,,,,,,,udp," true"," false",192.169.34.187,WIN-AREA23PG7FQ.CHILD.APT.LOCAL," 59731",-," false",192.169.34.199,-," 53",domain,,,,,,,,,,,,,,,,,,,,,,,-,C.4f04b5de911bf0cd,C.4f04b5de911bf0cd
1780488690102,,,,,,,,,,,2026-05-27 10:46:01.226,,,,,,,,,,,,,,,,,,,,,,,,,,,,,,,,,,,,,,,,,,," {f4ba3e13-c48e-6a16-0700-000000002200}"," 504",,<unknown process>," {f4ba3e13-cb50-6a16-1201-000000002200}"," 5076",C:\Windows\System32\cmd.exe,,,,,,,-,C.4f04b5de911bf0cd,C.4f04b5de911bf0cd
1780488817843,,,,,,,,,,,2026-05-27 10:46:31.174," {f4ba3e13-c4ad-6a16-2f00-000000002200}",2712,C:\Windows\ADWS\Microsoft.ActiveDirectory.WebServices.exe,,,NT AUTHORITY\SYSTEM,,,,,,,,,,,,,,,,,,,,,,,,,,,,,,,,,,,,,,,,,,,,,,,WIN-AREA23PG7FQ.CHILD.APT.LOCAL," 0",fe80::2052:1f37:3f56:dd44;2001:0:c0a9:22c7:2052:1f37:3f56:dd44;fe80::200:5efe:192.169.34.187;::ffff:192.169.34.187;,-,C.4f04b5de911bf0cd,C.4f04b5de911bf0cd
1780488817843,,,,,,,,,,,2026-05-27 10:46:33.422," {f4ba3e13-c4ad-6a16-2e00-000000002200}",2688,C:\Windows\System32\dns.exe,,,NT AUTHORITY\SYSTEM,,,,,,,,,,,,,,,,,,,,,,,,,,,,,,,,,,,,,,,,,,,,,,,DC01.APT.LOCAL," 0",::ffff:192.169.34.199;,-,C.4f04b5de911bf0cd,C.4f04b5de911bf0cd
1780488817843,,,,,,,,,,,2026-05-27 10:46:36.215," {f4ba3e13-c48f-6a16-0b00-000000002200}",648,C:\Windows\system32\lsass.exe,,,NT AUTHORITY\SYSTEM,,,,,,,,,,,,,,,,,,,,,,,,,,,,,,,,,,,,,,,,,,,,,,,WIN-AREA23PG7FQ," 0",192.169.34.187;,-,C.4f04b5de911bf0cd,C.4f04b5de911bf0cd
1780488817843,,,,,,,,,,,2026-05-27 10:46:36.215," {f4ba3e13-ca5c-6a16-f400-000000002200}",5828,C:\Windows\system32\DFSRs.exe,,,NT AUTHORITY\SYSTEM,,,,,,,,,,,,,,,,,,,,,,,,,,,,,,,,,,,,,,,,,,,,,,,WIN-AREA23PG7FQ.CHILD.APT.LOCAL," 0",fe80::2052:1f37:3f56:dd44;2001:0:c0a9:22c7:2052:1f37:3f56:dd44;fe80::200:5efe:192.169.34.187;::ffff:192.169.34.187;,-,C.4f04b5de911bf0cd,C.4f04b5de911bf0cd
1780488817843,,,,,,,,,,,2026-05-27 10:46:36.242," {f4ba3e13-ca5c-6a16-f400-000000002200}",5828,C:\Windows\System32\dfsrs.exe,,,NT AUTHORITY\SYSTEM,,,,,,,,,,,,,,,,,,,,,,,,,,,,,,,,,,,,,,,,,,,,,,,WIN-AREA23PG7FQ," 0",fe80::2052:1f37:3f56:dd44;2001:0:c0a9:22c7:2052:1f37:3f56:dd44;fe80::200:5efe:192.169.34.187;::ffff:192.169.34.187;,-,C.4f04b5de911bf0cd,C.4f04b5de911bf0cd
1780488817843,,,,,,,,,,,2026-05-27 10:46:36.244," {f4ba3e13-c48f-6a16-0b00-000000002200}",648,C:\Windows\System32\lsass.exe,,,NT AUTHORITY\SYSTEM,,,,,,,,,,,,,,,,,,,,,,,,,,,,,,,,,,,,,,,,,,,,,,,WIN-AREA23PG7FQ," 0",192.169.34.187;,-,C.4f04b5de911bf0cd,C.4f04b5de911bf0cd
1780488817843,,,,,,,,,,,2026-05-27 10:46:48.924," {f4ba3e13-c493-6a16-1200-000000002200}",416,C:\Windows\System32\svchost.exe,,,NT AUTHORITY\LOCAL SERVICE,,,,,,,,,,,,,,,,,,,,,,,,,,,,,,,,,,,,,,,,,,,,,,,WIN-AREA23PG7FQ," 0",fe80::2052:1f37:3f56:dd44;2001:0:c0a9:22c7:2052:1f37:3f56:dd44;fe80::200:5efe:192.169.34.187;::ffff:192.169.34.187;,-,C.4f04b5de911bf0cd,C.4f04b5de911bf0cd
1780488817843,,,,,,,,,,,2026-05-27 10:47:00.129," {f4ba3e13-c48f-6a16-0b00-000000002200}",648,C:\Windows\System32\lsass.exe,,,NT AUTHORITY\SYSTEM,,,,,,,,,,,,,,,,,,,,,,,,,,,,,,,,,,,,,,,,,,,,,,,296ac24b-adae-4020-81e7-9fdd05535504._msdcs.APT.LOCAL," 1460",-,-,C.4f04b5de911bf0cd,C.4f04b5de911bf0cd
1780488817843,,,,,,,,,,,2026-05-27 10:47:00.129," {f4ba3e13-c48f-6a16-0b00-000000002200}",648,C:\Windows\System32\lsass.exe,,,NT AUTHORITY\SYSTEM,,,,,,,,,,,,,,,,,,,,,,,,,,,,,,,,,,,,,,,,,,,,,,,296ac24b-adae-4020-81e7-9fdd05535504._msdcs.APT.LOCAL," 0",192.169.34.199;,-,C.4f04b5de911bf0cd,C.4f04b5de911bf0cd
1780488817843,,,,,,,,,,,2026-05-27 10:47:20.799," {f4ba3e13-cbb8-6a16-1501-000000002200}",5248,C:\Program Files\Windows Defender\MpCmdRun.exe,"""C:\Program Files\Windows Defender\\MpCmdRun.exe"" SignatureUpdate -ScheduleJob -RestrictPrivileges",C:\Windows\system32\,NT AUTHORITY\SYSTEM,"MD5=C37ADF3801F599EDF3180354BBAB2560,SHA256=1C90A322F55D574EF703B9CB0ADFB379CEFA33A2B5D72F04A6E9AAA2F209F6B5,IMPHASH=5F980D25420E31451E189C1082EF5045"," {f4ba3e13-c4ad-6a16-3200-000000002200}"," 2788",C:\Program Files\Windows Defender\MsMpEng.exe,"""C:\Program Files\Windows Defender\MsMpEng.exe""",System,0x3E7," {f4ba3e13-c48f-6a16-e703-000000000000}"," 0",,,,,,,,,,,,,,,,,,,,,,,Microsoft Corporation,Microsoft® Windows® Operating System,Microsoft Malware Protection Command Line Utility,4.10.14393.0 (rs1_release.160715-1616),MpCmdRun.exe,,,,,,,,,,,,,,-,C.4f04b5de911bf0cd,C.4f04b5de911bf0cd
1780488817843,,,,,,,,,,,2026-05-27 10:47:20.826," {f4ba3e13-cbb8-6a16-1701-000000002200}",5748,C:\Program Files\Windows Defender\MpCmdRun.exe,"""C:\Program Files\Windows Defender\\MpCmdRun.exe"" SignatureUpdate -ScheduleJob -RestrictPrivileges -Reinvoke",C:\Windows\system32\,NT AUTHORITY\NETWORK SERVICE,"MD5=C37ADF3801F599EDF3180354BBAB2560,SHA256=1C90A322F55D574EF703B9CB0ADFB379CEFA33A2B5D72F04A6E9AAA2F209F6B5,IMPHASH=5F980D25420E31451E189C1082EF5045"," {f4ba3e13-cbb8-6a16-1501-000000002200}"," 5248",C:\Program Files\Windows Defender\MpCmdRun.exe,"""C:\Program Files\Windows Defender\\MpCmdRun.exe"" SignatureUpdate -ScheduleJob -RestrictPrivileges",System,0x3E4," {f4ba3e13-c492-6a16-e403-000000000000}"," 0",,,,,,,,,,,,,,,,,,,,,,,Microsoft Corporation,Microsoft® Windows® Operating System,Microsoft Malware Protection Command Line Utility,4.10.14393.0 (rs1_release.160715-1616),MpCmdRun.exe,,,,,,,,,,,,,,-,C.4f04b5de911bf0cd,C.4f04b5de911bf0cd
1780488817843,,,,,,,,,,,2026-05-27 10:47:20.838," {f4ba3e13-cbb8-6a16-1801-000000002200}",1820,C:\Program Files\Windows Defender\MpCmdRun.exe,"""C:\Program Files\Windows Defender\\MpCmdRun.exe"" SignaturesUpdateService -ScheduleJob -UnmanagedUpdate",C:\Windows\system32\,NT AUTHORITY\SYSTEM,"MD5=C37ADF3801F599EDF3180354BBAB2560,SHA256=1C90A322F55D574EF703B9CB0ADFB379CEFA33A2B5D72F04A6E9AAA2F209F6B5,IMPHASH=5F980D25420E31451E189C1082EF5045"," {f4ba3e13-c4ad-6a16-3200-000000002200}"," 2788",C:\Program Files\Windows Defender\MsMpEng.exe,"""C:\Program Files\Windows Defender\MsMpEng.exe""",System,0x3E7," {f4ba3e13-c48f-6a16-e703-000000000000}"," 0",,,,,,,,,,,,,,,,,,,,,,,Microsoft Corporation,Microsoft® Windows® Operating System,Microsoft Malware Protection Command Line Utility,4.10.14393.0 (rs1_release.160715-1616),MpCmdRun.exe,,,,,,,,,,,,,,-,C.4f04b5de911bf0cd,C.4f04b5de911bf0cd
1780488817843,,,,,,,,,,,2026-05-27 10:47:29.179," {f4ba3e13-cbb8-6a16-1701-000000002200}",5748,C:\Program Files\Windows Defender\MpCmdRun.exe,,,NT AUTHORITY\NETWORK SERVICE,,,,,,,,,,C:\Windows\SERVIC~2\NETWOR~1\AppData\Local\Temp\mpam-6376c1ee.exe,2026-05-27 10:47:29.179,,,,,,,,,,,,,,,,,,,,,,,,,,,,,,,,,,,,,,,EXE,C.4f04b5de911bf0cd,C.4f04b5de911bf0cd
1780488817843,,,,,,,,,,,2026-05-27 10:47:29.193," {f4ba3e13-cbb8-6a16-1701-000000002200}",5748,C:\Program Files\Windows Defender\MpCmdRun.exe,,,NT AUTHORITY\NETWORK SERVICE,,,,,,,,,,C:\Windows\SERVIC~2\NETWOR~1\AppData\Local\Temp\mpam-61d153f1.exe,2026-05-27 10:47:29.193,,,,,,,,,,,,,,,,,,,,,,,,,,,,,,,,,,,,,,,EXE,C.4f04b5de911bf0cd,C.4f04b5de911bf0cd
1780488817843,,,,,,,,,,,2026-05-27 10:47:33.311," {f4ba3e13-c48f-6a16-0b00-000000002200}",648,C:\Windows\System32\lsass.exe,,,NT AUTHORITY\SYSTEM,,,,,,,,,,,,,,,,,,,,,,,,,,,,,,,,,,,,,,,,,,,,,,,_ldap._tcp.Default-First-Site-Name._sites.dc._msdcs.APT.LOCAL.," 1460",-,-,C.4f04b5de911bf0cd,C.4f04b5de911bf0cd
1780488817843,,,,,,,,,,,2026-05-27 10:47:44.393," {f4ba3e13-c493-6a16-1400-000000002200}",1060,C:\Windows\system32\svchost.exe,,,NT AUTHORITY\NETWORK SERVICE,,,,,,,,,,,,,,,,,,,,,,,,,,,,,,,,,,,,,,,,,,,,,,,_ldap._tcp.Default-First-Site-Name._sites.dc._msdcs.APT.LOCAL.," 1460",-,-,C.4f04b5de911bf0cd,C.4f04b5de911bf0cd
1780488817843,,,,,,,,,,,2026-05-27 10:48:30.023," {f4ba3e13-c493-6a16-1200-000000002200}",416,C:\Windows\System32\svchost.exe,,,NT AUTHORITY\LOCAL SERVICE,,,,,,,,,,,,,,,,,,,,,,,,,,,,,,,,,,,,,,,,,,,,,,,WIN-AREA23PG7FQ.CHILD.APT.LOCAL," 0",fe80::2052:1f37:3f56:dd44;2001:0:c0a9:22c7:2052:1f37:3f56:dd44;fe80::200:5efe:192.169.34.187;::ffff:192.169.34.187;,-,C.4f04b5de911bf0cd,C.4f04b5de911bf0cd
1780488817843,,,,,,,,,,,2026-05-27 10:48:32.382," {f4ba3e13-c48f-6a16-0b00-000000002200}",648,C:\Windows\System32\lsass.exe,,,NT AUTHORITY\SYSTEM,,,,,,,,,,,,,,,,,,,,,,,,,,,,,,,,,,,,,,,,,,,,,,,WIN-AREA23PG7FQ.CHILD.APT.LOCAL," 0",fe80::2052:1f37:3f56:dd44;2001:0:c0a9:22c7:2052:1f37:3f56:dd44;fe80::200:5efe:192.169.34.187;::ffff:192.169.34.187;,-,C.4f04b5de911bf0cd,C.4f04b5de911bf0cd
1780488817843,,,,,,,,,,,2026-05-27 10:48:32.382," {f4ba3e13-c492-6a16-1000-000000002200}",380,C:\Windows\System32\svchost.exe,,,NT AUTHORITY\SYSTEM,,,,,,,,,,,,,,,,,,,,,,,,,,,,,,,,,,,,,,,,,,,,,,,WIN-AREA23PG7FQ.CHILD.APT.LOCAL," 0",fe80::2052:1f37:3f56:dd44;2001:0:c0a9:22c7:2052:1f37:3f56:dd44;fe80::200:5efe:192.169.34.187;::ffff:192.169.34.187;,-,C.4f04b5de911bf0cd,C.4f04b5de911bf0cd
1780488945553,,,,,,,,,,,2026-05-27 10:48:36.944," {f4ba3e13-c493-6a16-1300-000000002200}",784,C:\Windows\system32\svchost.exe,,,NT AUTHORITY\LOCAL SERVICE,,,,,,,,,,,,,,,,,,,,,,,,,,,,,,,,,,,,,,,,,,,,,,,wpad," 0",::ffff:192.169.34.199;,-,C.4f04b5de911bf0cd,C.4f04b5de911bf0cd
1780488945553,,,,,,,,,,,2026-05-27 10:48:36.946," {f4ba3e13-c493-6a16-1300-000000002200}",784,C:\Windows\System32\svchost.exe,,,NT AUTHORITY\LOCAL SERVICE,,,,,,,,,,,,,,,,,,,,,,,,,,,,,,,,,,,,,,,,,,,,,,,wpad.child.apt.local," 0",::ffff:192.169.34.199;,-,C.4f04b5de911bf0cd,C.4f04b5de911bf0cd
1780488945553,,,,,,,,,,,2026-05-27 10:48:59.948," {f4ba3e13-c493-6a16-1400-000000002200}",1060,C:\Windows\System32\svchost.exe,,,NT AUTHORITY\NETWORK SERVICE,,,,,,,,,,,,,,,,,,,,,,,,,,,,,,,,,,,,,,,,,,,,,,,WIN-AREA23PG7FQ.CHILD.APT.LOCAL," 1460",-,-,C.4f04b5de911bf0cd,C.4f04b5de911bf0cd
1780489074288,,,,,,,,,,,2026-05-27 10:51:36.376," {f4ba3e13-ca5c-6a16-f400-000000002200}",5828,C:\Windows\System32\dfsrs.exe,,,NT AUTHORITY\SYSTEM,,,,,,,,,,,,,,,,,,,,,,,,,,,,,,,,,,,,,,,,,,,,,,,WIN-AREA23PG7FQ.CHILD.APT.LOCAL," 0",fe80::2052:1f37:3f56:dd44;2001:0:c0a9:22c7:2052:1f37:3f56:dd44;fe80::200:5efe:192.169.34.187;::ffff:192.169.34.187;,-,C.4f04b5de911bf0cd,C.4f04b5de911bf0cd
1780489074288,,,,,,,,,,,2026-05-27 10:52:04.976," {f4ba3e13-c48f-6a16-0b00-000000002200}",648,C:\Windows\System32\lsass.exe,,,NT AUTHORITY\SYSTEM,,,,,,,,,,,,,,,,,,,,,,,,,,,,,,,,,,,,,,,,,,,,,,,WIN-AREA23PG7FQ," 0",fe80::2052:1f37:3f56:dd44;2001:0:c0a9:22c7:2052:1f37:3f56:dd44;fe80::200:5efe:192.169.34.187;::ffff:192.169.34.187;,-,C.4f04b5de911bf0cd,C.4f04b5de911bf0cd
1780489074288,,,,,,,,,,,2026-05-27 10:52:17.028," {f4ba3e13-c48f-6a16-0b00-000000002200}",648,C:\Windows\System32\lsass.exe,,,NT AUTHORITY\SYSTEM,,,,,,,,,,,,,,,,,,,,,,,,,,,,,,,,,,,,,,,,,,,,,,,ForestDnsZones.APT.LOCAL.," 1460",-,-,C.4f04b5de911bf0cd,C.4f04b5de911bf0cd
1780489202011,,,,,,,,,,,2026-05-27 10:53:17.185," {f4ba3e13-c48f-6a16-0b00-000000002200}",648,C:\Windows\System32\lsass.exe,,,NT AUTHORITY\SYSTEM,,,,,,,,,,,,,,,,,,,,,,,,,,,,,,,,,,,,,,,,,,,,,,,CHILD.APT.LOCAL.," 1460",-,-,C.4f04b5de911bf0cd,C.4f04b5de911bf0cd
1780489202011,,,,,,,,,,,2026-05-27 10:53:29.306," {f4ba3e13-c48f-6a16-0b00-000000002200}",648,C:\Windows\System32\lsass.exe,,,NT AUTHORITY\SYSTEM,,,,,,,,,,,,,,,,,,,,,,,,,,,,,,,,,,,,,,,,,,,,,,,gc._msdcs.APT.LOCAL.," 1460",-,-,C.4f04b5de911bf0cd,C.4f04b5de911bf0cd
1780489202011,,,,,,,,,,,2026-05-27 10:53:41.363," {f4ba3e13-c48f-6a16-0b00-000000002200}",648,C:\Windows\System32\lsass.exe,,,NT AUTHORITY\SYSTEM,,,,,,,,,,,,,,,,,,,,,,,,,,,,,,,,,,,,,,,,,,,,,,,DomainDnsZones.CHILD.APT.LOCAL.," 1460",-,-,C.4f04b5de911bf0cd,C.4f04b5de911bf0cd
1780489202011,,,,,,,,,,,2026-05-27 10:53:55.416," {f4ba3e13-c48f-6a16-0b00-000000002200}",648,C:\Windows\System32\lsass.exe,,,NT AUTHORITY\SYSTEM,,,,,,,,,,,,,,,,,,,,,,,,,,,,,,,,,,,,,,,,,,,,,,,_ldap._tcp.CHILD.APT.LOCAL.," 1460",-,-,C.4f04b5de911bf0cd,C.4f04b5de911bf0cd
1780489202011,,,,,,,,,,,2026-05-27 10:54:07.464," {f4ba3e13-c48f-6a16-0b00-000000002200}",648,C:\Windows\System32\lsass.exe,,,NT AUTHORITY\SYSTEM,,,,,,,,,,,,,,,,,,,,,,,,,,,,,,,,,,,,,,,,,,,,,,,_ldap._tcp.Default-First-Site-Name._sites.CHILD.APT.LOCAL.," 1460",-,-,C.4f04b5de911bf0cd,C.4f04b5de911bf0cd
1780489202011,,,,,,,,,,,2026-05-27 10:54:19.543," {f4ba3e13-c48f-6a16-0b00-000000002200}",648,C:\Windows\System32\lsass.exe,,,NT AUTHORITY\SYSTEM,,,,,,,,,,,,,,,,,,,,,,,,,,,,,,,,,,,,,,,,,,,,,,,_ldap._tcp.pdc._msdcs.CHILD.APT.LOCAL.," 1460",-,-,C.4f04b5de911bf0cd,C.4f04b5de911bf0cd
1780489202011,,,,,,,,,,,2026-05-27 10:54:31.572," {f4ba3e13-c48f-6a16-0b00-000000002200}",648,C:\Windows\System32\lsass.exe,,,NT AUTHORITY\SYSTEM,,,,,,,,,,,,,,,,,,,,,,,,,,,,,,,,,,,,,,,,,,,,,,,_ldap._tcp.46c69c9f-fecc-4e23-8cc9-7492dea051c8.domains._msdcs.APT.LOCAL.," 1460",-,-,C.4f04b5de911bf0cd,C.4f04b5de911bf0cd
1780489202011,,,,,,,,,,,2026-05-27 10:54:43.597," {f4ba3e13-c48f-6a16-0b00-000000002200}",648,C:\Windows\System32\lsass.exe,,,NT AUTHORITY\SYSTEM,,,,,,,,,,,,,,,,,,,,,,,,,,,,,,,,,,,,,,,,,,,,,,,06e68e1d-0bac-4187-8352-b42b1b2151b2._msdcs.APT.LOCAL.," 1460",-,-,C.4f04b5de911bf0cd,C.4f04b5de911bf0cd
1780489202011,,,,,,,,,,,2026-05-27 10:54:55.635," {f4ba3e13-c48f-6a16-0b00-000000002200}",648,C:\Windows\System32\lsass.exe,,,NT AUTHORITY\SYSTEM,,,,,,,,,,,,,,,,,,,,,,,,,,,,,,,,,,,,,,,,,,,,,,,_ldap._tcp.dc._msdcs.CHILD.APT.LOCAL.," 1460",-,-,C.4f04b5de911bf0cd,C.4f04b5de911bf0cd
1780489329869,,,,,,,,,,,2026-05-27 10:55:07.678," {f4ba3e13-c48f-6a16-0b00-000000002200}",648,C:\Windows\System32\lsass.exe,,,NT AUTHORITY\SYSTEM,,,,,,,,,,,,,,,,,,,,,,,,,,,,,,,,,,,,,,,,,,,,,,,_ldap._tcp.Default-First-Site-Name._sites.dc._msdcs.CHILD.APT.LOCAL.," 1460",-,-,C.4f04b5de911bf0cd,C.4f04b5de911bf0cd
1780489329869,,,,,,,,,,,2026-05-27 10:55:19.695," {f4ba3e13-c48f-6a16-0b00-000000002200}",648,C:\Windows\System32\lsass.exe,,,NT AUTHORITY\SYSTEM,,,,,,,,,,,,,,,,,,,,,,,,,,,,,,,,,,,,,,,,,,,,,,,_kerberos._tcp.dc._msdcs.CHILD.APT.LOCAL.," 1460",-,-,C.4f04b5de911bf0cd,C.4f04b5de911bf0cd
1780489329869,,,,,,,,,,,2026-05-27 10:55:31.780," {f4ba3e13-c48f-6a16-0b00-000000002200}",648,C:\Windows\System32\lsass.exe,,,NT AUTHORITY\SYSTEM,,,,,,,,,,,,,,,,,,,,,,,,,,,,,,,,,,,,,,,,,,,,,,,_kerberos._tcp.Default-First-Site-Name._sites.dc._msdcs.CHILD.APT.LOCAL.," 1460",-,-,C.4f04b5de911bf0cd,C.4f04b5de911bf0cd
1780489329869,,,,,,,,,,,2026-05-27 10:55:43.823," {f4ba3e13-c48f-6a16-0b00-000000002200}",648,C:\Windows\System32\lsass.exe,,,NT AUTHORITY\SYSTEM,,,,,,,,,,,,,,,,,,,,,,,,,,,,,,,,,,,,,,,,,,,,,,,_kerberos._tcp.CHILD.APT.LOCAL.," 1460",-,-,C.4f04b5de911bf0cd,C.4f04b5de911bf0cd
1780489329869,,,,,,,,,,,2026-05-27 10:55:55.921," {f4ba3e13-c48f-6a16-0b00-000000002200}",648,C:\Windows\System32\lsass.exe,,,NT AUTHORITY\SYSTEM,,,,,,,,,,,,,,,,,,,,,,,,,,,,,,,,,,,,,,,,,,,,,,,_kerberos._tcp.Default-First-Site-Name._sites.CHILD.APT.LOCAL.," 1460",-,-,C.4f04b5de911bf0cd,C.4f04b5de911bf0cd
1780489329869,,,,,,,,,,,2026-05-27 10:56:07.943," {f4ba3e13-c48f-6a16-0b00-000000002200}",648,C:\Windows\System32\lsass.exe,,,NT AUTHORITY\SYSTEM,,,,,,,,,,,,,,,,,,,,,,,,,,,,,,,,,,,,,,,,,,,,,,,_kerberos._udp.CHILD.APT.LOCAL.," 1460",-,-,C.4f04b5de911bf0cd,C.4f04b5de911bf0cd
1780489329869,,,,,,,,,,,2026-05-27 10:56:20.004," {f4ba3e13-c48f-6a16-0b00-000000002200}",648,C:\Windows\System32\lsass.exe,,,NT AUTHORITY\SYSTEM,,,,,,,,,,,,,,,,,,,,,,,,,,,,,,,,,,,,,,,,,,,,,,,_kpasswd._tcp.CHILD.APT.LOCAL.," 1460",-,-,C.4f04b5de911bf0cd,C.4f04b5de911bf0cd
1780489329869,,,,,,,,,,,2026-05-27 10:56:32.068," {f4ba3e13-c48f-6a16-0b00-000000002200}",648,C:\Windows\System32\lsass.exe,,,NT AUTHORITY\SYSTEM,,,,,,,,,,,,,,,,,,,,,,,,,,,,,,,,,,,,,,,,,,,,,,,_kpasswd._udp.CHILD.APT.LOCAL.," 1460",-,-,C.4f04b5de911bf0cd,C.4f04b5de911bf0cd
1780489329869,,,,,,,,,,,2026-05-27 10:56:44.105," {f4ba3e13-c48f-6a16-0b00-000000002200}",648,C:\Windows\System32\lsass.exe,,,NT AUTHORITY\SYSTEM,,,,,,,,,,,,,,,,,,,,,,,,,,,,,,,,,,,,,,,,,,,,,,,_ldap._tcp.gc._msdcs.APT.LOCAL.," 1460",-,-,C.4f04b5de911bf0cd,C.4f04b5de911bf0cd
1780489329869,,,,,,,,,,,2026-05-27 10:56:48.934," {f4ba3e13-c493-6a16-1200-000000002200}",416,C:\Windows\System32\svchost.exe,,,NT AUTHORITY\LOCAL SERVICE,,,,,,,,,,,,,,,,,,,,,,,,,,,,,,,,,,,,,,,,,,,,,,,WIN-AREA23PG7FQ," 0",fe80::2052:1f37:3f56:dd44;2001:0:c0a9:22c7:2052:1f37:3f56:dd44;fe80::200:5efe:192.169.34.187;::ffff:192.169.34.187;,-,C.4f04b5de911bf0cd,C.4f04b5de911bf0cd
1780489329869,,,,,,,,,,,2026-05-27 10:56:56.147," {f4ba3e13-c48f-6a16-0b00-000000002200}",648,C:\Windows\System32\lsass.exe,,,NT AUTHORITY\SYSTEM,,,,,,,,,,,,,,,,,,,,,,,,,,,,,,,,,,,,,,,,,,,,,,,_ldap._tcp.Default-First-Site-Name._sites.gc._msdcs.APT.LOCAL.," 1460",-,-,C.4f04b5de911bf0cd,C.4f04b5de911bf0cd
1780489329869,,,,,,,,,,,2026-05-27 10:57:08.254," {f4ba3e13-c48f-6a16-0b00-000000002200}",648,C:\Windows\System32\lsass.exe,,,NT AUTHORITY\SYSTEM,,,,,,,,,,,,,,,,,,,,,,,,,,,,,,,,,,,,,,,,,,,,,,,_gc._tcp.APT.LOCAL.," 1460",-,-,C.4f04b5de911bf0cd,C.4f04b5de911bf0cd
1780489457542,,,,,,,,,,,2026-05-27 10:57:20.302," {f4ba3e13-c48f-6a16-0b00-000000002200}",648,C:\Windows\System32\lsass.exe,,,NT AUTHORITY\SYSTEM,,,,,,,,,,,,,,,,,,,,,,,,,,,,,,,,,,,,,,,,,,,,,,,_gc._tcp.Default-First-Site-Name._sites.APT.LOCAL.," 1460",-,-,C.4f04b5de911bf0cd,C.4f04b5de911bf0cd
1780489457542,,,,,,,,,,,2026-05-27 10:57:32.430," {f4ba3e13-c48f-6a16-0b00-000000002200}",648,C:\Windows\System32\lsass.exe,,,NT AUTHORITY\SYSTEM,,,,,,,,,,,,,,,,,,,,,,,,,,,,,,,,,,,,,,,,,,,,,,,_ldap._tcp.ForestDnsZones.APT.LOCAL.," 1460",-,-,C.4f04b5de911bf0cd,C.4f04b5de911bf0cd
1780489457542,,,,,,,,,,,2026-05-27 10:57:44.517," {f4ba3e13-c48f-6a16-0b00-000000002200}",648,C:\Windows\System32\lsass.exe,,,NT AUTHORITY\SYSTEM,,,,,,,,,,,,,,,,,,,,,,,,,,,,,,,,,,,,,,,,,,,,,,,_ldap._tcp.Default-First-Site-Name._sites.ForestDnsZones.APT.LOCAL.," 1460",-,-,C.4f04b5de911bf0cd,C.4f04b5de911bf0cd
1780489457542,,,,,,,,,,,2026-05-27 10:57:56.576," {f4ba3e13-c48f-6a16-0b00-000000002200}",648,C:\Windows\System32\lsass.exe,,,NT AUTHORITY\SYSTEM,,,,,,,,,,,,,,,,,,,,,,,,,,,,,,,,,,,,,,,,,,,,,,,_ldap._tcp.DomainDnsZones.CHILD.APT.LOCAL.," 1460",-,-,C.4f04b5de911bf0cd,C.4f04b5de911bf0cd
1780489457542,,,,,,,,,,,2026-05-27 10:58:08.644," {f4ba3e13-c48f-6a16-0b00-000000002200}",648,C:\Windows\System32\lsass.exe,,,NT AUTHORITY\SYSTEM,,,,,,,,,,,,,,,,,,,,,,,,,,,,,,,,,,,,,,,,,,,,,,,_ldap._tcp.Default-First-Site-Name._sites.DomainDnsZones.CHILD.APT.LOCAL.," 1460",-,-,C.4f04b5de911bf0cd,C.4f04b5de911bf0cd
1780489457542,,,,,,,,,,,2026-05-27 10:58:36.946," {f4ba3e13-c493-6a16-1300-000000002200}",784,C:\Windows\System32\svchost.exe,,,NT AUTHORITY\LOCAL SERVICE,,,,,,,,,,,,,,,,,,,,,,,,,,,,,,,,,,,,,,,,,,,,,,,wpad," 0",::ffff:192.169.34.199;,-,C.4f04b5de911bf0cd,C.4f04b5de911bf0cd
1780489714135,,,,,,,,,,,2026-05-27 11:02:44.385," {f4ba3e13-c493-6a16-1400-000000002200}",1060,C:\Windows\System32\svchost.exe,,,NT AUTHORITY\NETWORK SERVICE,,,,,,,,,,,,,,,,,,,,,,,,,,,,,,,,,,,,,,,,,,,,,,,_ldap._tcp.Default-First-Site-Name._sites.dc._msdcs.APT.LOCAL.," 1460",-,-,C.4f04b5de911bf0cd,C.4f04b5de911bf0cd
1780489969654,,,,,,,,,,,2026-05-27 11:06:53.143," {f4ba3e13-d04d-6a16-1f01-000000002200}",400,C:\Windows\System32\LogonUI.exe,"""LogonUI.exe"" /flags:0x0 /state0:0xa3a09055 /state1:0x41c64e6d",C:\Windows\system32\,NT AUTHORITY\SYSTEM,"MD5=B38DFCF985D8AE5B1A17C264981E61C7,SHA256=AA62D29803D52EC06CD27ED3124E034048F09606EB7342181913C9817C7B44C5,IMPHASH=A6F3A84D171E55B51A7343E05C8DFAC3"," {f4ba3e13-c48e-6a16-0900-000000002200}"," 564",C:\Windows\System32\winlogon.exe,winlogon.exe,System,0x3E7," {f4ba3e13-c48f-6a16-e703-000000000000}"," 1",,,,,,,,,,,,,,,,,,,,,,,Microsoft Corporation,Microsoft® Windows® Operating System,Windows Logon User Interface Host,10.0.14393.0 (rs1_release.160715-1616),logonui.exe,,,,,,,,,,,,,,-,C.4f04b5de911bf0cd,C.4f04b5de911bf0cd
1780489969654,,,,,,,,,,,2026-05-27 11:06:53.157," {f4ba3e13-d04d-6a16-1f01-000000002200}",400,C:\Windows\system32\LogonUI.exe,,,NT AUTHORITY\SYSTEM,,,,,,,,,,,,DeleteValue,HKU\.DEFAULT\Keyboard Layout\Preload\1,,,,,,,,,,,,,,,,,,,,,,,,,,,,,,,,,,,,,-,C.4f04b5de911bf0cd,C.4f04b5de911bf0cd
1780489969654,,,,,,,,,,,2026-05-27 11:06:53.157," {f4ba3e13-d04d-6a16-1f01-000000002200}",400,C:\Windows\system32\LogonUI.exe,,,NT AUTHORITY\SYSTEM,,,,,,,,,,,,SetValue,HKU\.DEFAULT\Keyboard Layout\Preload\1," 00000409",,,,,,,,,,,,,,,,,,,,,,,,,,,,,,,,,,,,-,C.4f04b5de911bf0cd,C.4f04b5de911bf0cd
1780489969654,,,,,,,,,,,2026-05-27 11:06:53.186," {f4ba3e13-d04d-6a16-2101-000000002200}",3180,C:\Windows\System32\LockAppHost.exe,C:\Windows\System32\LockAppHost.exe -Embedding,C:\Windows\system32\,CHILD\Administrator,"MD5=63036AE43B673B6C57B999251CD5E8A4,SHA256=D44B0F6419A0B2B0202C038A299473E290C9F69F092189D1384FD380CCB42AB3,IMPHASH=399E02913C9CB997D10B8D9FB2AD7588"," {f4ba3e13-c492-6a16-0c00-000000002200}"," 860",C:\Windows\System32\svchost.exe,C:\Windows\system32\svchost.exe -k DcomLaunch,High,0x3387E," {f4ba3e13-c50c-6a16-7e38-030000000000}"," 1",,,,,,,,,,,,,,,,,,,,,,,Microsoft Corporation,Microsoft® Windows® Operating System,LockAppHost,10.0.14393.187 (rs1_release_inmarket.160906-1818),LockAppHost.exe,,,,,,,,,,,,,,-,C.4f04b5de911bf0cd,C.4f04b5de911bf0cd
1780491051077,,,,,,,,,,,2026-06-03 07:22:43.267," {f4ba3e13-d643-6a1f-6b00-000000002300}",3540,C:\Windows\System32\VSSVC.exe,C:\Windows\system32\vssvc.exe,C:\Windows\system32\,NT AUTHORITY\SYSTEM,"MD5=01FFD5AF533F2CFDF26DDDC9313731C1,SHA256=BFF0F2E57CD2358AC8F519F6F5692A46D97EC4E9B763D47101CEF31712FD4738,IMPHASH=23F8C470949D103A704869EF2FEB7087"," {f4ba3e13-d593-6a1f-0a00-000000002300}"," 644",C:\Windows\System32\services.exe,C:\Windows\system32\services.exe,System,0x3E7," {f4ba3e13-d594-6a1f-e703-000000000000}"," 0",,,,,,,,,,,,,,,,,,,,,,,Microsoft Corporation,Microsoft® Windows® Operating System,Microsoft® Volume Shadow Copy Service,10.0.14393.0 (rs1_release.160715-1616),VSSVC.EXE,,,,,,,,,,,,,,-,C.4f04b5de911bf0cd,C.4f04b5de911bf0cd
1780491051077,,,,,,,,,,,2026-06-03 07:22:43.508," {f4ba3e13-d612-6a1f-5400-000000002300}",2748,C:\Windows\Explorer.EXE,,,CHILD\Administrator,,,,,,,,,,,,SetValue,HKU\S-1-5-21-1708988400-3611681687-2257486301-500\SOFTWARE\Microsoft\Windows\CurrentVersion\Shell Extensions\Cached\{ED9D80B9-D157-457B-9192-0E7280313BF0} {00000122-0000-0000-C000-000000000046} 0xFFFF,Binary Data,,,,,,,,,,,,,,,,,,,,,,,,,,,,,,,,,,,,-,C.4f04b5de911bf0cd,C.4f04b5de911bf0cd
1780491051077,,,,,,,,,,,2026-06-03 07:22:43.533," {f4ba3e13-d643-6a1f-6d00-000000002300}",2356,C:\Windows\sysmon64.exe,C:\Windows\sysmon64.exe -c,C:\Windows\system32\,NT AUTHORITY\SYSTEM,"MD5=B1581E884727B450C4DBFA9360F3DB7C,SHA256=D8115212A7747010593DE813404B02D05B915E4B1D0231502B856B9ACE9274E8,IMPHASH=5C31CFDE3181A762CA91D21902DEF1B4"," {f4ba3e13-d642-6a1f-6700-000000002300}"," 4224",C:\Program Files\Velociraptor\Velociraptor.exe,"""C:\Program Files\Velociraptor\Velociraptor.exe""  --config ""C:\Program Files\Velociraptor\/client.config.yaml"" service run ",System,0x3E7," {f4ba3e13-d594-6a1f-e703-000000000000}"," 0",,,,,,,,,,,,,,,,,,,,,,,Sysinternals - www.sysinternals.com,Sysinternals Sysmon,System activity monitor," 15.20",-,,,,,,,,,,,,,,-,C.4f04b5de911bf0cd,C.4f04b5de911bf0cd
1780491051077,,,,,,,,,,,2026-06-03 07:22:43.625," {f4ba3e13-d643-6a1f-6f00-000000002300}",4896,C:\Windows\System32\sc.exe,sc.exe start sysmon64,C:\Windows\system32\,NT AUTHORITY\SYSTEM,"MD5=BD31EB150F6547D18329E5F00801D1CD,SHA256=8A775B86CE1A057E290CCD26C59C96070684468A3119790743A346CD54F4DFDF,IMPHASH=A68324ADB4F5664AF8A79E04062F4A92"," {f4ba3e13-d642-6a1f-6700-000000002300}"," 4224",C:\Program Files\Velociraptor\Velociraptor.exe,"""C:\Program Files\Velociraptor\Velociraptor.exe""  --config ""C:\Program Files\Velociraptor\/client.config.yaml"" service run ",System,0x3E7," {f4ba3e13-d594-6a1f-e703-000000000000}"," 0",,,,,,,,,,,,,,,,,,,,,,,Microsoft Corporation,Microsoft® Windows® Operating System,Service Control Manager Configuration Tool,10.0.14393.0 (rs1_release.160715-1616),sc.exe,,,,,,,,,,,,,,-,C.4f04b5de911bf0cd,C.4f04b5de911bf0cd
1780491051077,,,,,,,,,,,2026-06-03 07:22:44.404," {f4ba3e13-d598-6a1f-1100-000000002300}",460,C:\Windows\System32\svchost.exe,,,NT AUTHORITY\SYSTEM,,,,,,,,,,,,SetValue,HKU\S-1-5-21-1708988400-3611681687-2257486301-500\SOFTWARE\Microsoft\Windows NT\CurrentVersion\AppCompatFlags\Compatibility Assistant\Store\C:\Users\Administrator\Desktop\7z2600-x64.exe,Binary Data,,,,,,,,,,,,,,,,,,,,,,,,,,,,,,,,,,,,InvDB,C.4f04b5de911bf0cd,C.4f04b5de911bf0cd
1780491051077,,,,,,,,,,,2026-06-03 07:22:44.533," {f4ba3e13-d612-6a1f-5400-000000002300}",2748,C:\Windows\Explorer.EXE,,,CHILD\Administrator,,,,,,,,,,,,SetValue,HKU\S-1-5-21-1708988400-3611681687-2257486301-500\SOFTWARE\Microsoft\Windows\CurrentVersion\Shell Extensions\Cached\{B8CDCB65-B1BF-4B42-9428-1DFDB7EE92AF} {000214E4-0000-0000-C000-000000000046} 0xFFFF,Binary Data,,,,,,,,,,,,,,,,,,,,,,,,,,,,,,,,,,,,-,C.4f04b5de911bf0cd,C.4f04b5de911bf0cd
1780491051077,,,,,,,,,,,2026-06-03 07:22:43.041," {f4ba3e13-d642-6a1f-6700-000000002300}",4224,C:\Program Files\Velociraptor\Velociraptor.exe,,,NT AUTHORITY\SYSTEM,,,,,,,,,,,,,,,,,,,,,,,,,,,,,,,,,,,,,,,,,,,,,,,WIN-AREA23PG7FQ," 0",fe80::8fd:1fd8:3f56:dd44;2001:0:c0a9:22c7:8fd:1fd8:3f56:dd44;fe80::200:5efe:192.169.34.187;::ffff:192.169.34.187;,-,C.4f04b5de911bf0cd,C.4f04b5de911bf0cd
1780491051077,,,,,,,,,,,2026-06-03 07:22:44.168," {f4ba3e13-d594-6a1f-0b00-000000002300}",652,C:\Windows\System32\lsass.exe,,,NT AUTHORITY\SYSTEM,,,,,,,,,,,,,,,,,,,,,,,,,,,,,,,,,,,,,,,,,,,,,,,_kerberos._tcp.Default-First-Site-Name._sites.CHILD.APT.LOCAL.," 1460",-,-,C.4f04b5de911bf0cd,C.4f04b5de911bf0cd
1780491051077,,,,,,,,,,,2026-06-03 07:22:48.066," {f4ba3e13-d648-6a1f-7100-000000002300}",872,C:\Program Files\7-Zip\7zG.exe,"""C:\Program Files\7-Zip\7zG.exe"" x -o""C:\Users\Administrator\Desktop\"" -an -ai#7zMap29907:88:7zEvent2129",C:\Windows\system32\,CHILD\Administrator,"MD5=B6B6C202C49C8BB6B94F0FD2FC9FA449,SHA256=90F1E6DAF118831F3A1A7C77E3B05E13F9F344337AB349719D116BC722F4A6C8,IMPHASH=688580EAC1DC158B5824AC306CD1402C"," {f4ba3e13-d612-6a1f-5400-000000002300}"," 2748",C:\Windows\explorer.exe,C:\Windows\Explorer.EXE /NOUACCHECK,High,0x45940," {f4ba3e13-d610-6a1f-4059-040000000000}"," 1",,,,,,,,,,,,,,,,,,,,,,,Igor Pavlov,7-Zip,7-Zip GUI," 26.00",7zg.exe,,,,,,,,,,,,,,-,C.4f04b5de911bf0cd,C.4f04b5de911bf0cd
1780491051077,,,,,,,,,,,2026-06-03 07:22:48.128," {f4ba3e13-d648-6a1f-7100-000000002300}",872,C:\Program Files\7-Zip\7zG.exe,,,CHILD\Administrator,,,,,,,,,,C:\Users\Administrator\Desktop\1e498dbf06ee69e4880346eaa0121e115617c7c3f6661ed4b02c54ebc9b6cbfb.exe,2026-06-03 07:22:48.128,,,,,,,,,,,,,,,,,,,,,,,,,,,,,,,,,,,,,,,EXE,C.4f04b5de911bf0cd,C.4f04b5de911bf0cd
1780491051077,,,,,,,,,,,2026-06-03 07:22:55.210," {f4ba3e13-d64f-6a1f-7200-000000002300}",4320,C:\Windows\SysWOW64\dllhost.exe,C:\Windows\SysWoW64\DllHost.exe /Processid:{06622D85-6856-4460-8DE1-A81921B41C4B},C:\Windows\system32\,CHILD\Administrator,"MD5=6046950FC9CA5B7A7E084C189658DACB,SHA256=5137C324038AB2E8EAB4F98A20BEE9F121346D62E4D907CA1E4A860F4C54EAE8,IMPHASH=EC90A0D780E0DD23BA7910ABD6BF7E32"," {f4ba3e13-d597-6a1f-0c00-000000002300}"," 864",C:\Windows\System32\svchost.exe,C:\Windows\system32\svchost.exe -k DcomLaunch,High,0x45940," {f4ba3e13-d610-6a1f-4059-040000000000}"," 1",,,,,,,,,,,,,,,,,,,,,,,Microsoft Corporation,Microsoft® Windows® Operating System,COM Surrogate,10.0.14393.0 (rs1_release.160715-1616),dllhost.exe,,,,,,,,,,,,,,-,C.4f04b5de911bf0cd,C.4f04b5de911bf0cd
1780491051077,,,,,,,,,,,2026-06-03 07:22:58.249," {f4ba3e13-d652-6a1f-7400-000000002300}",4772,C:\Users\Administrator\Desktop\ProcessMonitorPortable\ProcessMonitorPortable.exe,"""C:\Users\Administrator\Desktop\ProcessMonitorPortable\ProcessMonitorPortable.exe"" ",C:\Users\Administrator\Desktop\ProcessMonitorPortable\,CHILD\Administrator,"MD5=C318D15F81AD95F50A0DF8189D6BD699,SHA256=DBD1534FF105BFE58E162D46AD78A39DB2A8661AB238420FF740E82B1D80BEB1,IMPHASH=32F3282581436269B3A75B6675FE3E08"," {f4ba3e13-d612-6a1f-5400-000000002300}"," 2748",C:\Windows\explorer.exe,C:\Windows\Explorer.EXE /NOUACCHECK,High,0x45940," {f4ba3e13-d610-6a1f-4059-040000000000}"," 1",,,,,,,,,,,,,,,,,,,,,,,PortableApps.com,Process Monitor Portable,Process Monitor Portable (PortableApps.com Launcher),2.2.9.0,ProcessMonitorPortable.exe,,,,,,,,,,,,,,-,C.4f04b5de911bf0cd,C.4f04b5de911bf0cd
1780491051077,,,,,,,,,,,2026-06-03 07:22:58.362," {f4ba3e13-d652-6a1f-7400-000000002300}",4772,C:\Users\Administrator\Desktop\ProcessMonitorPortable\ProcessMonitorPortable.exe,,,CHILD\Administrator,,,,,,,,,,C:\Users\ADMINI~1\AppData\Local\Temp\nssD80.tmp\System.dll,2026-06-03 07:22:58.362,,,,,,,,,,,,,,,,,,,,,,,,,,,,,,,,,,,,,,,DLL,C.4f04b5de911bf0cd,C.4f04b5de911bf0cd
1780491051077,,,,,,,,,,,2026-06-03 07:22:56.203," {f4ba3e13-d594-6a1f-0b00-000000002300}",652,C:\Windows\System32\lsass.exe,,,NT AUTHORITY\SYSTEM,,,,,,,,,,,,,,,,,,,,,,,,,,,,,,,,,,,,,,,,,,,,,,,_kerberos._udp.CHILD.APT.LOCAL.," 1460",-,-,C.4f04b5de911bf0cd,C.4f04b5de911bf0cd
1780491051077,,,,,,,,,,,2026-06-03 07:22:58.607," {f4ba3e13-d652-6a1f-7400-000000002300}",4772,C:\Users\Administrator\Desktop\ProcessMonitorPortable\ProcessMonitorPortable.exe,,,CHILD\Administrator,,,,,,,,,,C:\Users\ADMINI~1\AppData\Local\Temp\nssD80.tmp\registry.dll,2026-06-03 07:22:58.607,,,,,,,,,,,,,,,,,,,,,,,,,,,,,,,,,,,,,,,DLL,C.4f04b5de911bf0cd,C.4f04b5de911bf0cd
1780491051077,,,,,,,,,,,2026-06-03 07:22:58.639," {f4ba3e13-d652-6a1f-7400-000000002300}",4772,C:\Users\Administrator\Desktop\ProcessMonitorPortable\ProcessMonitorPortable.exe,,,CHILD\Administrator,,,,,,,,,,,,SetValue,HKU\S-1-5-21-1708988400-3611681687-2257486301-500\SOFTWARE\Sysinternals\Process Monitor\EulaAccepted,DWORD (0x00000001),,,,,,,,,,,,,,,,,,,,,,,,,,,,,,,,,,,,"Alert,Sysinternals Tool Used",C.4f04b5de911bf0cd,C.4f04b5de911bf0cd
1780491051077,,,,,,,,,,,2026-06-03 07:22:58.693," {f4ba3e13-d652-6a1f-7500-000000002300}",3968,C:\Users\Administrator\Desktop\ProcessMonitorPortable\App\ProcessMonitor\Procmon64.exe,"""C:\Users\Administrator\Desktop\ProcessMonitorPortable\App\ProcessMonitor\Procmon64.exe""",C:\Users\Administrator\Desktop\ProcessMonitorPortable\App\ProcessMonitor\,CHILD\Administrator,"MD5=FB3AB4DD4CB6390D94A0057A052C7A60,SHA256=5F7E5098C1128A066921CC67467ABE4DBFA55726DF492E28ACF1F67B46804433,IMPHASH=A9AD4DB323600C6F33B9446AC8F2013A"," {f4ba3e13-d652-6a1f-7400-000000002300}"," 4772",C:\Users\Administrator\Desktop\ProcessMonitorPortable\ProcessMonitorPortable.exe,"""C:\Users\Administrator\Desktop\ProcessMonitorPortable\ProcessMonitorPortable.exe"" ",High,0x45940," {f4ba3e13-d610-6a1f-4059-040000000000}"," 1",,,,,,,,,,,,,,,,,,,,,,,Sysinternals - www.sysinternals.com,Sysinternals Procmon,Process Monitor," 4.02",Process Monitor,,,,,,,,,,,,,,-,C.4f04b5de911bf0cd,C.4f04b5de911bf0cd
1780491051077,,,,,,,,,,,2026-06-03 07:22:58.748," {f4ba3e13-d652-6a1f-7500-000000002300}",3968,C:\Users\Administrator\Desktop\ProcessMonitorPortable\App\ProcessMonitor\Procmon64.exe,,,CHILD\Administrator,,,,,,,,,,,,SetValue,HKU\S-1-5-21-1708988400-3611681687-2257486301-500\SOFTWARE\Sysinternals\Process Monitor\EulaAccepted,DWORD (0x00000001),,,,,,,,,,,,,,,,,,,,,,,,,,,,,,,,,,,,"Alert,Sysinternals Tool Used",C.4f04b5de911bf0cd,C.4f04b5de911bf0cd
1780491051077,,,,,,,,,,,2026-06-03 07:22:58.764," {f4ba3e13-d652-6a1f-7500-000000002300}",3968,C:\Users\Administrator\Desktop\ProcessMonitorPortable\App\ProcessMonitor\Procmon64.exe,,,CHILD\Administrator,,,,,,,,,,,,SetValue,HKU\S-1-5-21-1708988400-3611681687-2257486301-500_Classes\ProcMon.Logfile.1\shell\open\command\(Default),"""C:\Users\Administrator\Desktop\ProcessMonitorPortable\App\ProcessMonitor\Procmon64.exe"" /OpenLog ""%%1""",,,,,,,,,,,,,,,,,,,,,,,,,,,,,,,,,,,,T1042,C.4f04b5de911bf0cd,C.4f04b5de911bf0cd
1780491051077,,,,,,,,,,,2026-06-03 07:22:58.884," {f4ba3e13-d652-6a1f-7500-000000002300}",3968,C:\Users\Administrator\Desktop\ProcessMonitorPortable\App\ProcessMonitor\Procmon64.exe,,,CHILD\Administrator,,,,,,,,,,C:\Windows\System32\drivers\PROCMON24.SYS,2026-05-26 09:16:34.182,,,,,,,,,,,,,,,,,,,,,,,,,,,,,,,,,,,,,,,-,C.4f04b5de911bf0cd,C.4f04b5de911bf0cd
1780491051077,,,,,,,,,,,2026-06-03 07:22:58.884," {f4ba3e13-d652-6a1f-7500-000000002300}",3968,C:\Users\Administrator\Desktop\ProcessMonitorPortable\App\ProcessMonitor\Procmon64.exe,,,CHILD\Administrator,,,,,,,,,,,,SetValue,HKLM\System\CurrentControlSet\Services\PROCMON24\Start,DWORD (0x00000003),,,,,,,,,,,,,,,,,,,,,,,,,,,,,,,,,,,,"T1031,T1050",C.4f04b5de911bf0cd,C.4f04b5de911bf0cd
1780491051077,,,,,,,,,,,2026-06-03 07:22:58.884," {f4ba3e13-d652-6a1f-7500-000000002300}",3968,C:\Users\Administrator\Desktop\ProcessMonitorPortable\App\ProcessMonitor\Procmon64.exe,,,CHILD\Administrator,,,,,,,,,,,,SetValue,HKLM\System\CurrentControlSet\Services\PROCMON24\ImagePath,\??\C:\Windows\system32\Drivers\PROCMON24.SYS,,,,,,,,,,,,,,,,,,,,,,,,,,,,,,,,,,,,"T1031,T1050",C.4f04b5de911bf0cd,C.4f04b5de911bf0cd
1780491051077,,,,,,,,,,,2026-06-03 07:22:58.900," {f4ba3e13-d652-6a1f-7500-000000002300}",3968,C:\Users\Administrator\Desktop\ProcessMonitorPortable\App\ProcessMonitor\Procmon64.exe,,,CHILD\Administrator,,,,,,,,,,,,DeleteValue,HKLM\System\CurrentControlSet\Services\PROCMON24\Start,,,,,,,,,,,,,,,,,,,,,,,,,,,,,,,,,,,,,"T1031,T1050",C.4f04b5de911bf0cd,C.4f04b5de911bf0cd
1780491051077,,,,,,,,,,,2026-06-03 07:22:58.900," {f4ba3e13-d652-6a1f-7500-000000002300}",3968,C:\Users\Administrator\Desktop\ProcessMonitorPortable\App\ProcessMonitor\Procmon64.exe,,,CHILD\Administrator,,,,,,,,,,,,DeleteValue,HKLM\System\CurrentControlSet\Services\PROCMON24\ImagePath,,,,,,,,,,,,,,,,,,,,,,,,,,,,,,,,,,,,,"T1031,T1050",C.4f04b5de911bf0cd,C.4f04b5de911bf0cd
1780491051077,,,,,,,,,,,2026-06-03 07:23:08.254," {f4ba3e13-d594-6a1f-0b00-000000002300}",652,C:\Windows\System32\lsass.exe,,,NT AUTHORITY\SYSTEM,,,,,,,,,,,,,,,,,,,,,,,,,,,,,,,,,,,,,,,,,,,,,,,_kpasswd._tcp.CHILD.APT.LOCAL.," 1460",-,-,C.4f04b5de911bf0cd,C.4f04b5de911bf0cd
1780491051077,,,,,,,,,,,2026-06-03 07:23:20.080," {f4ba3e13-d662-6a1f-7600-000000002300}",4776,C:\Windows\system32\compattelrunner.exe,,,NT AUTHORITY\SYSTEM,,,,,,,,,,,,SetValue,\REGISTRY\A\{b70d68cd-5c1d-6b1c-a076-378be9c519d6}\Root\InventoryApplication\0000b9c2b15ece775e16c1ab92a19319e8570000ffff\Publisher,Igor Pavlov,,,,,,,,,,,,,,,,,,,,,,,,,,,,,,,,,,,,InvDB-Pub,C.4f04b5de911bf0cd,C.4f04b5de911bf0cd
1780491051077,,,,,,,,,,,2026-06-03 07:23:20.080," {f4ba3e13-d662-6a1f-7600-000000002300}",4776,C:\Windows\system32\compattelrunner.exe,,,NT AUTHORITY\SYSTEM,,,,,,,,,,,,SetValue,\REGISTRY\A\{b70d68cd-5c1d-6b1c-a076-378be9c519d6}\Root\InventoryApplicationFile\000040c5133c22925bf611129f46bcef893f9bcf4aca\LowerCaseLongPath,c:\program files\7-zip\7zfm.exe,,,,,,,,,,,,,,,,,,,,,,,,,,,,,,,,,,,,InvDB-Path,C.4f04b5de911bf0cd,C.4f04b5de911bf0cd
1780491051077,,,,,,,,,,,2026-06-03 07:23:20.080," {f4ba3e13-d662-6a1f-7600-000000002300}",4776,C:\Windows\system32\compattelrunner.exe,,,NT AUTHORITY\SYSTEM,,,,,,,,,,,,SetValue,\REGISTRY\A\{b70d68cd-5c1d-6b1c-a076-378be9c519d6}\Root\InventoryApplicationFile\00002f61fbf5af75fa62c1a356e11769a0df1ef10a99\LowerCaseLongPath,c:\program files\7-zip\7zg.exe,,,,,,,,,,,,,,,,,,,,,,,,,,,,,,,,,,,,InvDB-Path,C.4f04b5de911bf0cd,C.4f04b5de911bf0cd
1780491051077,,,,,,,,,,,2026-06-03 07:23:20.080," {f4ba3e13-d662-6a1f-7600-000000002300}",4776,C:\Windows\system32\compattelrunner.exe,,,NT AUTHORITY\SYSTEM,,,,,,,,,,,,SetValue,\REGISTRY\A\{b70d68cd-5c1d-6b1c-a076-378be9c519d6}\Root\InventoryApplicationFile\000045cabbdf328f98a10cf21e436497694856d0b54f\LowerCaseLongPath,c:\program files\7-zip\7z.exe,,,,,,,,,,,,,,,,,,,,,,,,,,,,,,,,,,,,InvDB-Path,C.4f04b5de911bf0cd,C.4f04b5de911bf0cd
1780491051077,,,,,,,,,,,2026-06-03 07:23:20.080," {f4ba3e13-d662-6a1f-7600-000000002300}",4776,C:\Windows\system32\compattelrunner.exe,,,NT AUTHORITY\SYSTEM,,,,,,,,,,,,SetValue,\REGISTRY\A\{b70d68cd-5c1d-6b1c-a076-378be9c519d6}\Root\InventoryApplicationFile\0000c91fcd93ea14c02aa33780596f0a5c2a86b928e1\LowerCaseLongPath,c:\program files\7-zip\uninstall.exe,,,,,,,,,,,,,,,,,,,,,,,,,,,,,,,,,,,,InvDB-Path,C.4f04b5de911bf0cd,C.4f04b5de911bf0cd
1780491051077,,,,,,,,,,,2026-06-03 07:23:20.295," {f4ba3e13-d594-6a1f-0b00-000000002300}",652,C:\Windows\System32\lsass.exe,,,NT AUTHORITY\SYSTEM,,,,,,,,,,,,,,,,,,,,,,,,,,,,,,,,,,,,,,,,,,,,,,,_kpasswd._udp.CHILD.APT.LOCAL.," 1460",-,-,C.4f04b5de911bf0cd,C.4f04b5de911bf0cd
1780491051077,,,,,,,,,,,2026-06-03 07:23:32.315," {f4ba3e13-d594-6a1f-0b00-000000002300}",652,C:\Windows\System32\lsass.exe,,,NT AUTHORITY\SYSTEM,,,,,,,,,,,,,,,,,,,,,,,,,,,,,,,,,,,,,,,,,,,,,,,_ldap._tcp.gc._msdcs.APT.LOCAL.," 1460",-,-,C.4f04b5de911bf0cd,C.4f04b5de911bf0cd
1780491051077,,,,,,,,,,,2026-06-03 07:23:56.377," {f4ba3e13-d594-6a1f-0b00-000000002300}",652,C:\Windows\System32\lsass.exe,,,NT AUTHORITY\SYSTEM,,,,,,,,,,,,,,,,,,,,,,,,,,,,,,,,,,,,,,,,,,,,,,,_gc._tcp.APT.LOCAL.," 1460",-,-,C.4f04b5de911bf0cd,C.4f04b5de911bf0cd
1780491051077,,,,,,,,,,,2026-06-03 07:24:08.398," {f4ba3e13-d594-6a1f-0b00-000000002300}",652,C:\Windows\System32\lsass.exe,,,NT AUTHORITY\SYSTEM,,,,,,,,,,,,,,,,,,,,,,,,,,,,,,,,,,,,,,,,,,,,,,,_gc._tcp.Default-First-Site-Name._sites.APT.LOCAL.," 1460",-,-,C.4f04b5de911bf0cd,C.4f04b5de911bf0cd
1780491051077,,,,,,,,,,,2026-06-03 07:24:20.431," {f4ba3e13-d594-6a1f-0b00-000000002300}",652,C:\Windows\System32\lsass.exe,,,NT AUTHORITY\SYSTEM,,,,,,,,,,,,,,,,,,,,,,,,,,,,,,,,,,,,,,,,,,,,,,,_ldap._tcp.ForestDnsZones.APT.LOCAL.," 1460",-,-,C.4f04b5de911bf0cd,C.4f04b5de911bf0cd
1780491051077,,,,,,,,,,,2026-06-03 07:24:32.470," {f4ba3e13-d594-6a1f-0b00-000000002300}",652,C:\Windows\System32\lsass.exe,,,NT AUTHORITY\SYSTEM,,,,,,,,,,,,,,,,,,,,,,,,,,,,,,,,,,,,,,,,,,,,,,,_ldap._tcp.Default-First-Site-Name._sites.ForestDnsZones.APT.LOCAL.," 1460",-,-,C.4f04b5de911bf0cd,C.4f04b5de911bf0cd
1780491051077,,,,,,,,,,,2026-06-03 07:24:44.518," {f4ba3e13-d594-6a1f-0b00-000000002300}",652,C:\Windows\System32\lsass.exe,,,NT AUTHORITY\SYSTEM,,,,,,,,,,,,,,,,,,,,,,,,,,,,,,,,,,,,,,,,,,,,,,,_ldap._tcp.DomainDnsZones.CHILD.APT.LOCAL.," 1460",-,-,C.4f04b5de911bf0cd,C.4f04b5de911bf0cd
1780491178764,,,,,,,,,,,2026-06-03 07:24:56.553," {f4ba3e13-d594-6a1f-0b00-000000002300}",652,C:\Windows\System32\lsass.exe,,,NT AUTHORITY\SYSTEM,,,,,,,,,,,,,,,,,,,,,,,,,,,,,,,,,,,,,,,,,,,,,,,_ldap._tcp.Default-First-Site-Name._sites.DomainDnsZones.CHILD.APT.LOCAL.," 1460",-,-,C.4f04b5de911bf0cd,C.4f04b5de911bf0cd
1780491178764,,,,,,,,,,,2026-06-03 07:25:08.598," {f4ba3e13-d594-6a1f-0b00-000000002300}",652,C:\Windows\System32\lsass.exe,,,NT AUTHORITY\SYSTEM,,,,,,,,,,,,,,,,,,,,,,,,,,,,,,,,,,,,,,,,,,,,,,,CHILD.APT.LOCAL.," 1460",-,-,C.4f04b5de911bf0cd,C.4f04b5de911bf0cd
1780491178764,,,,,,,,,,,2026-06-03 07:25:20.119," {f4ba3e13-d6e0-6a1f-7900-000000002300}",4296,C:\Windows\System32\slui.exe,"""C:\Windows\System32\SLUI.exe"" RuleId=31e71c49-8da7-4a2f-ad92-45d98a1c79ba;Action=AutoActivate;AppId=55c92734-d682-4d71-983e-d6ec3f16059f;SkuId=9dfa8ec0-7665-4b9d-b2cb-bfc2dc37c9f4;NotificationInterval=1440;Trigger=NetworkQuarantineRetry",C:\Windows\system32\,NT AUTHORITY\NETWORK SERVICE,"MD5=1B4A72096C182B32DDCBCA105ADD787D,SHA256=E28263F4DA43E8598412BA0D13E4D2E6940DE6A02E40109BEFAA4E69FCE693C1,IMPHASH=BE6A8F73F7A470237F542B6CFB4ECD5B"," {f4ba3e13-d5b4-6a1f-3800-000000002300}"," 2092",C:\Windows\System32\SppExtComObj.Exe,C:\Windows\system32\SppExtComObj.exe -Embedding,System,0x3E4," {f4ba3e13-d597-6a1f-e403-000000000000}"," 0",,,,,,,,,,,,,,,,,,,,,,,Microsoft Corporation,Microsoft® Windows® Operating System,Windows Activation Client,10.0.14393.0 (rs1_release.160715-1616),slui.exe,,,,,,,,,,,,,,-,C.4f04b5de911bf0cd,C.4f04b5de911bf0cd
1780491178764,,,,,,,,,,,2026-06-03 07:25:20.657," {f4ba3e13-d594-6a1f-0b00-000000002300}",652,C:\Windows\System32\lsass.exe,,,NT AUTHORITY\SYSTEM,,,,,,,,,,,,,,,,,,,,,,,,,,,,,,,,,,,,,,,,,,,,,,,gc._msdcs.APT.LOCAL.," 1460",-,-,C.4f04b5de911bf0cd,C.4f04b5de911bf0cd
1780491178764,,,,,,,,,,,2026-06-03 07:25:30.060," {f4ba3e13-d6ea-6a1f-7a00-000000002300}",4180,C:\Windows\System32\slui.exe,C:\Windows\System32\slui.exe -Embedding,C:\Windows\system32\,CHILD\Administrator,"MD5=1B4A72096C182B32DDCBCA105ADD787D,SHA256=E28263F4DA43E8598412BA0D13E4D2E6940DE6A02E40109BEFAA4E69FCE693C1,IMPHASH=BE6A8F73F7A470237F542B6CFB4ECD5B"," {f4ba3e13-d597-6a1f-0c00-000000002300}"," 864",C:\Windows\System32\svchost.exe,C:\Windows\system32\svchost.exe -k DcomLaunch,High,0x45940," {f4ba3e13-d610-6a1f-4059-040000000000}"," 1",,,,,,,,,,,,,,,,,,,,,,,Microsoft Corporation,Microsoft® Windows® Operating System,Windows Activation Client,10.0.14393.0 (rs1_release.160715-1616),slui.exe,,,,,,,,,,,,,,-,C.4f04b5de911bf0cd,C.4f04b5de911bf0cd
1780491178764,,,,,,,,,,,2026-06-03 07:25:32.686," {f4ba3e13-d5b2-6a1f-2c00-000000002300}",2836,C:\Windows\System32\dfsrs.exe,,,NT AUTHORITY\SYSTEM,,,,,,,,,,,,,,,,,,,,,,,,,,,,,,,,,,,,,,,,,,,,,,,WIN-AREA23PG7FQ.CHILD.APT.LOCAL," 0",fe80::8fd:1fd8:3f56:dd44;2001:0:c0a9:22c7:8fd:1fd8:3f56:dd44;fe80::200:5efe:192.169.34.187;::ffff:192.169.34.187;,-,C.4f04b5de911bf0cd,C.4f04b5de911bf0cd
1780491178764,,,,,,,,,,,2026-06-03 07:25:32.695," {f4ba3e13-d594-6a1f-0b00-000000002300}",652,C:\Windows\System32\lsass.exe,,,NT AUTHORITY\SYSTEM,,,,,,,,,,,,,,,,,,,,,,,,,,,,,,,,,,,,,,,,,,,,,,,ForestDnsZones.APT.LOCAL.," 1460",-,-,C.4f04b5de911bf0cd,C.4f04b5de911bf0cd
1780491178764,,,,,,,,,,,2026-06-03 07:25:44.734," {f4ba3e13-d594-6a1f-0b00-000000002300}",652,C:\Windows\System32\lsass.exe,,,NT AUTHORITY\SYSTEM,,,,,,,,,,,,,,,,,,,,,,,,,,,,,,,,,,,,,,,,,,,,,,,DomainDnsZones.CHILD.APT.LOCAL.," 1460",-,-,C.4f04b5de911bf0cd,C.4f04b5de911bf0cd
1780491178764,,,,,,,,,,,2026-06-03 07:26:00.570," {f4ba3e13-d708-6a1f-7b00-000000002300}",1748,C:\Program Files\7-Zip\7zG.exe,"""C:\Program Files\7-Zip\7zG.exe"" x -o""C:\Users\Administrator\Desktop\"" -an -ai#7zMap3171:92:7zEvent535",C:\Windows\system32\,CHILD\Administrator,"MD5=B6B6C202C49C8BB6B94F0FD2FC9FA449,SHA256=90F1E6DAF118831F3A1A7C77E3B05E13F9F344337AB349719D116BC722F4A6C8,IMPHASH=688580EAC1DC158B5824AC306CD1402C"," {f4ba3e13-d612-6a1f-5400-000000002300}"," 2748",C:\Windows\explorer.exe,C:\Windows\Explorer.EXE /NOUACCHECK,High,0x45940," {f4ba3e13-d610-6a1f-4059-040000000000}"," 1",,,,,,,,,,,,,,,,,,,,,,,Igor Pavlov,7-Zip,7-Zip GUI," 26.00",7zg.exe,,,,,,,,,,,,,,-,C.4f04b5de911bf0cd,C.4f04b5de911bf0cd
1780491178764,,,,,,,,,,,2026-06-03 07:26:00.623," {f4ba3e13-d708-6a1f-7b00-000000002300}",1748,C:\Program Files\7-Zip\7zG.exe,,,CHILD\Administrator,,,,,,,,,,C:\Users\Administrator\Desktop\8b557df773156a87f2fe6bf7bb1b10a690e650c08abb924181165ce82d3fc4af.exe,2026-06-03 07:26:00.623,,,,,,,,,,,,,,,,,,,,,,,,,,,,,,,,,,,,,,,EXE,C.4f04b5de911bf0cd,C.4f04b5de911bf0cd
1780491178764,,,,,,,,,,,2026-06-03 07:26:54.296," {f4ba3e13-d73e-6a1f-7f00-000000002300}",2304,C:\Windows\System32\InstallAgent.exe,C:\Windows\System32\InstallAgent.exe -Embedding,C:\Windows\system32\,CHILD\Administrator,"MD5=FB04124C2D2F68BBF3B9D31950B78222,SHA256=83B07286B58D665A83130E75F32DE08147235F014FEECFFAFEC1808BBAF5847E,IMPHASH=6303FC47B48DC01C8FC862BCA8D40657"," {f4ba3e13-d597-6a1f-0c00-000000002300}"," 864",C:\Windows\System32\svchost.exe,C:\Windows\system32\svchost.exe -k DcomLaunch,High,0x45940," {f4ba3e13-d610-6a1f-4059-040000000000}"," 1",,,,,,,,,,,,,,,,,,,,,,,Microsoft Corporation,Microsoft® Windows® Operating System,InstallAgent,10.0.14393.693 (rs1_release.161220-1747),InstallAgent.exe,,,,,,,,,,,,,,-,C.4f04b5de911bf0cd,C.4f04b5de911bf0cd
1780491306691,,,,,,,,,,,2026-06-03 07:27:00.792," {f4ba3e13-d612-6a1f-5400-000000002300}",2748,C:\Windows\Explorer.EXE,,,CHILD\Administrator,,,,,,,,,,,,SetValue,HKU\S-1-5-21-1708988400-3611681687-2257486301-500\SOFTWARE\Microsoft\Windows\CurrentVersion\Explorer\FileExts\.exe\OpenWithProgids\exefile,Binary Data,,,,,,,,,,,,,,,,,,,,,,,,,,,,,,,,,,,,T1042,C.4f04b5de911bf0cd,C.4f04b5de911bf0cd
1780491306691,,,,,,,,,,,2026-06-03 07:27:25.309," {f4ba3e13-d75d-6a1f-8400-000000002300}",1984,C:\Windows\System32\WerFault.exe,C:\Windows\system32\WerFault.exe -u -p 4864 -s 688,C:\Windows\system32\,NT AUTHORITY\LOCAL SERVICE,"MD5=3D0220CBCD0C9736692345466723630E,SHA256=7A87FD88A6F5CED71FCFC399DFFDC34BC9398700E6BF85BD97271AE69E4A59F5,IMPHASH=65C6CC1D2A9261CC221EC5F4B4027962"," {f4ba3e13-d75d-6a1f-8200-000000002300}"," 4864",C:\Windows\System32\svchost.exe,C:\Windows\system32\svchost.exe -k LocalServiceNetworkRestricted,System,0x3E5," {f4ba3e13-d598-6a1f-e503-000000000000}"," 0",,,,,,,,,,,,,,,,,,,,,,,Microsoft Corporation,Microsoft® Windows® Operating System,Windows Problem Reporting,10.0.14393.0 (rs1_release.160715-1616),WerFault.exe,,,,,,,,,,,,,,-,C.4f04b5de911bf0cd,C.4f04b5de911bf0cd
1780491306691,,,,,,,,,,,2026-06-03 07:27:30.531," {f4ba3e13-d762-6a1f-8700-000000002300}",2300,C:\Program Files\7-Zip\7zG.exe,"""C:\Program Files\7-Zip\7zG.exe"" x -o""C:\Users\Administrator\Desktop\"" -an -ai#7zMap2060:90:7zEvent7461",C:\Windows\system32\,CHILD\Administrator,"MD5=B6B6C202C49C8BB6B94F0FD2FC9FA449,SHA256=90F1E6DAF118831F3A1A7C77E3B05E13F9F344337AB349719D116BC722F4A6C8,IMPHASH=688580EAC1DC158B5824AC306CD1402C"," {f4ba3e13-d612-6a1f-5400-000000002300}"," 2748",C:\Windows\explorer.exe,C:\Windows\Explorer.EXE /NOUACCHECK,High,0x45940," {f4ba3e13-d610-6a1f-4059-040000000000}"," 1",,,,,,,,,,,,,,,,,,,,,,,Igor Pavlov,7-Zip,7-Zip GUI," 26.00",7zg.exe,,,,,,,,,,,,,,-,C.4f04b5de911bf0cd,C.4f04b5de911bf0cd
1780491306691,,,,,,,,,,,2026-06-03 07:27:30.556," {f4ba3e13-d762-6a1f-8700-000000002300}",2300,C:\Program Files\7-Zip\7zG.exe,,,CHILD\Administrator,,,,,,,,,,C:\Users\Administrator\Desktop\f6827dc5af661fbb4bf64bc625c78283ef836c6985bb2bfb836bd0c8d5397332.exe,2026-06-03 07:27:30.556,,,,,,,,,,,,,,,,,,,,,,,,,,,,,,,,,,,,,,,EXE,C.4f04b5de911bf0cd,C.4f04b5de911bf0cd
1780491434416,,,,,,,,,,,2026-06-03 07:29:49.643," {f4ba3e13-d598-6a1f-1200-000000002300}",392,C:\Windows\System32\svchost.exe,,,NT AUTHORITY\LOCAL SERVICE,,,,,,,,,,,,,,,,,,,,,,,,,,,,,,,,,,,,,,,,,,,,,,,WIN-AREA23PG7FQ," 0",fe80::8fd:1fd8:3f56:dd44;2001:0:c0a9:22c7:8fd:1fd8:3f56:dd44;fe80::200:5efe:192.169.34.187;::ffff:192.169.34.187;,-,C.4f04b5de911bf0cd,C.4f04b5de911bf0cd
1780491434416,,,,,,,,,,,2026-06-03 07:29:54.592," {f4ba3e13-d7f2-6a1f-8d00-000000002300}",4492,C:\Windows\servicing\TrustedInstaller.exe,C:\Windows\servicing\TrustedInstaller.exe,C:\Windows\system32\,NT AUTHORITY\SYSTEM,"MD5=09440FA30C020B4443391FAFCF4876E3,SHA256=208C7725F70C75D8C96CCAF5B22F83B8B1C66D8C9FFF48465B1C9F4A77425569,IMPHASH=ADD58937BFC44F19A4BE092C99370CF5"," {f4ba3e13-d593-6a1f-0a00-000000002300}"," 644",C:\Windows\System32\services.exe,C:\Windows\system32\services.exe,System,0x3E7," {f4ba3e13-d594-6a1f-e703-000000000000}"," 0",,,,,,,,,,,,,,,,,,,,,,,Microsoft Corporation,Microsoft® Windows® Operating System,Windows Modules Installer,10.0.14393.479 (rs1_release.161110-2025),TrustedInstaller.exe,,,,,,,,,,,,,,-,C.4f04b5de911bf0cd,C.4f04b5de911bf0cd
1780491434416,,,,,,,,,,,2026-06-03 07:29:54.775," {f4ba3e13-d7f2-6a1f-8e00-000000002300}",4436,C:\Windows\WinSxS\amd64_microsoft-windows-servicingstack_31bf3856ad364e35_10.0.14393.693_none_42ff55c9655f38bf\TiWorker.exe,C:\Windows\winsxs\amd64_microsoft-windows-servicingstack_31bf3856ad364e35_10.0.14393.693_none_42ff55c9655f38bf\TiWorker.exe -Embedding,C:\Windows\system32\,NT AUTHORITY\SYSTEM,"MD5=4E1F1311824BD84323DA62DECE642B62,SHA256=B6E333F2C1AA300E86F4E81A7A0E05734152F858F56AC0E008E3B104BE60DE74,IMPHASH=38FF53C1CCC1EE4C508C0F83A88C4E19"," {f4ba3e13-d597-6a1f-0c00-000000002300}"," 864",C:\Windows\System32\svchost.exe,C:\Windows\system32\svchost.exe -k DcomLaunch,System,0x3E7," {f4ba3e13-d594-6a1f-e703-000000000000}"," 0",,,,,,,,,,,,,,,,,,,,,,,Microsoft Corporation,Microsoft® Windows® Operating System,Windows Modules Installer Worker,10.0.14393.693 (rs1_release.161220-1747),TiWorker.exe,,,,,,,,,,,,,,-,C.4f04b5de911bf0cd,C.4f04b5de911bf0cd
1780491434416,,,,,,,,,,,2026-06-03 07:29:55.795," {f4ba3e13-d7f3-6a1f-9400-000000002300}",4208,C:\Windows\system32\taskhostw.exe,,,CHILD\Administrator,,,,,,,,,,C:\Windows\Temp\SDIAG_a1b2fcfe-c36a-4f0a-8aa3-706f9d5acb58\CL_Utility.ps1,2026-06-03 07:29:55.795,,,,,,,,,,,,,,,,,,,,,,,,,,,,,,,,,,,,,,,-,C.4f04b5de911bf0cd,C.4f04b5de911bf0cd
1780491434416,,,,,,,,,,,2026-06-03 07:29:55.880," {f4ba3e13-d7f3-6a1f-9400-000000002300}",4208,C:\Windows\system32\taskhostw.exe,,,CHILD\Administrator,,,,,,,,,,C:\Windows\Temp\SDIAG_a1b2fcfe-c36a-4f0a-8aa3-706f9d5acb58\DiagPackage.dll,2026-06-03 07:29:55.880,,,,,,,,,,,,,,,,,,,,,,,,,,,,,,,,,,,,,,,DLL,C.4f04b5de911bf0cd,C.4f04b5de911bf0cd
1780491434416,,,,,,,,,,,2026-06-03 07:29:55.895," {f4ba3e13-d7f3-6a1f-9400-000000002300}",4208,C:\Windows\system32\taskhostw.exe,,,CHILD\Administrator,,,,,,,,,,C:\Windows\Temp\SDIAG_a1b2fcfe-c36a-4f0a-8aa3-706f9d5acb58\RS_AdminDiagnosticHistory.ps1,2026-06-03 07:29:55.895,,,,,,,,,,,,,,,,,,,,,,,,,,,,,,,,,,,,,,,-,C.4f04b5de911bf0cd,C.4f04b5de911bf0cd
1780491434416,,,,,,,,,,,2026-06-03 07:29:55.911," {f4ba3e13-d7f3-6a1f-9400-000000002300}",4208,C:\Windows\system32\taskhostw.exe,,,CHILD\Administrator,,,,,,,,,,C:\Windows\Temp\SDIAG_a1b2fcfe-c36a-4f0a-8aa3-706f9d5acb58\RS_MachineWERQueue.ps1,2026-06-03 07:29:55.911,,,,,,,,,,,,,,,,,,,,,,,,,,,,,,,,,,,,,,,-,C.4f04b5de911bf0cd,C.4f04b5de911bf0cd
1780491434416,,,,,,,,,,,2026-06-03 07:29:55.911," {f4ba3e13-d7f3-6a1f-9400-000000002300}",4208,C:\Windows\system32\taskhostw.exe,,,CHILD\Administrator,,,,,,,,,,C:\Windows\Temp\SDIAG_a1b2fcfe-c36a-4f0a-8aa3-706f9d5acb58\RS_SyncSystemTime.ps1,2026-06-03 07:29:55.911,,,,,,,,,,,,,,,,,,,,,,,,,,,,,,,,,,,,,,,-,C.4f04b5de911bf0cd,C.4f04b5de911bf0cd
1780491434416,,,,,,,,,,,2026-06-03 07:29:55.926," {f4ba3e13-d7f3-6a1f-9400-000000002300}",4208,C:\Windows\system32\taskhostw.exe,,,CHILD\Administrator,,,,,,,,,,C:\Windows\Temp\SDIAG_a1b2fcfe-c36a-4f0a-8aa3-706f9d5acb58\RS_UserDiagnosticHistory.ps1,2026-06-03 07:29:55.926,,,,,,,,,,,,,,,,,,,,,,,,,,,,,,,,,,,,,,,-,C.4f04b5de911bf0cd,C.4f04b5de911bf0cd
1780491434416,,,,,,,,,,,2026-06-03 07:29:55.926," {f4ba3e13-d7f3-6a1f-9400-000000002300}",4208,C:\Windows\system32\taskhostw.exe,,,CHILD\Administrator,,,,,,,,,,C:\Windows\Temp\SDIAG_a1b2fcfe-c36a-4f0a-8aa3-706f9d5acb58\RS_UserWERQueue.ps1,2026-06-03 07:29:55.926,,,,,,,,,,,,,,,,,,,,,,,,,,,,,,,,,,,,,,,-,C.4f04b5de911bf0cd,C.4f04b5de911bf0cd
1780491434416,,,,,,,,,,,2026-06-03 07:29:55.933," {f4ba3e13-d7f3-6a1f-a900-000000002300}",3416,C:\Program Files\Windows Defender\MpCmdRun.exe,"""C:\Program Files\Windows Defender\\MpCmdRun.exe"" GetDeviceTicket -AccessKey AAC3E2EA-68FA-0BCE-A4F5-FC2B78040955 ",C:\Windows\system32\,NT AUTHORITY\NETWORK SERVICE,"MD5=C37ADF3801F599EDF3180354BBAB2560,SHA256=1C90A322F55D574EF703B9CB0ADFB379CEFA33A2B5D72F04A6E9AAA2F209F6B5,IMPHASH=5F980D25420E31451E189C1082EF5045"," {f4ba3e13-d5b3-6a1f-3200-000000002300}"," 3056",C:\Program Files\Windows Defender\MsMpEng.exe,"""C:\Program Files\Windows Defender\MsMpEng.exe""",System,0x3E4," {f4ba3e13-d597-6a1f-e403-000000000000}"," 0",,,,,,,,,,,,,,,,,,,,,,,Microsoft Corporation,Microsoft® Windows® Operating System,Microsoft Malware Protection Command Line Utility,4.10.14393.0 (rs1_release.160715-1616),MpCmdRun.exe,,,,,,,,,,,,,,-,C.4f04b5de911bf0cd,C.4f04b5de911bf0cd
1780491434416,,,,,,,,,,,2026-06-03 07:29:55.926," {f4ba3e13-d7f3-6a1f-9400-000000002300}",4208,C:\Windows\system32\taskhostw.exe,,,CHILD\Administrator,,,,,,,,,,C:\Windows\Temp\SDIAG_a1b2fcfe-c36a-4f0a-8aa3-706f9d5acb58\TS_DiagnosticHistory.ps1,2026-06-03 07:29:55.926,,,,,,,,,,,,,,,,,,,,,,,,,,,,,,,,,,,,,,,-,C.4f04b5de911bf0cd,C.4f04b5de911bf0cd
1780491434416,,,,,,,,,,,2026-06-03 07:29:55.926," {f4ba3e13-d7f3-6a1f-9400-000000002300}",4208,C:\Windows\system32\taskhostw.exe,,,CHILD\Administrator,,,,,,,,,,C:\Windows\Temp\SDIAG_a1b2fcfe-c36a-4f0a-8aa3-706f9d5acb58\TS_InaccurateSystemTime.ps1,2026-06-03 07:29:55.926,,,,,,,,,,,,,,,,,,,,,,,,,,,,,,,,,,,,,,,-,C.4f04b5de911bf0cd,C.4f04b5de911bf0cd
1780491434416,,,,,,,,,,,2026-06-03 07:29:55.926," {f4ba3e13-d7f3-6a1f-9400-000000002300}",4208,C:\Windows\system32\taskhostw.exe,,,CHILD\Administrator,,,,,,,,,,C:\Windows\Temp\SDIAG_a1b2fcfe-c36a-4f0a-8aa3-706f9d5acb58\TS_WERQueue.ps1,2026-06-03 07:29:55.926,,,,,,,,,,,,,,,,,,,,,,,,,,,,,,,,,,,,,,,-,C.4f04b5de911bf0cd,C.4f04b5de911bf0cd
1780491434416,,,,,,,,,,,2026-06-03 07:29:56.372," {f4ba3e13-d7f4-6a1f-ab00-000000002300}",4588,C:\Windows\Microsoft.NET\Framework64\v4.0.30319\ngentask.exe,"""C:\Windows\Microsoft.NET\Framework64\v4.0.30319\NGenTask.exe"" /RuntimeWide /StopEvent:484",C:\Windows\system32\,NT AUTHORITY\SYSTEM,"MD5=5B5D60D15944B63A5D0A126FD9212D7E,SHA256=C3B2AAD66713B8E5BF312A02A166C3960B5A8DDF2713E9B2590F17DFB8661A19,IMPHASH=00000000000000000000000000000000"," {f4ba3e13-d7f3-6a1f-8f00-000000002300}"," 4508",C:\Windows\System32\taskhostw.exe,taskhostw.exe,System,0x3E7," {f4ba3e13-d594-6a1f-e703-000000000000}"," 0",,,,,,,,,,,,,,,,,,,,,,,Microsoft Corporation,Microsoft® .NET Framework,Microsoft .NET Framework optimization service,4.6.1586.0 built by: NETFXREL2,NGenTask.exe,,,,,,,,,,,,,,-,C.4f04b5de911bf0cd,C.4f04b5de911bf0cd
1780491434416,,,,,,,,,,,2026-06-03 07:29:56.419," {f4ba3e13-d7f4-6a1f-ad00-000000002300}",4120,C:\Windows\Microsoft.NET\Framework\v4.0.30319\ngentask.exe,"""C:\Windows\Microsoft.NET\Framework\v4.0.30319\NGenTask.exe"" /RuntimeWide /StopEvent:480",C:\Windows\system32\,NT AUTHORITY\SYSTEM,"MD5=5DBECC126D5E97B35E18B5A4896B61E6,SHA256=440325DCE391A78DAA1A4752B079424C57E4D9EFA6D7426BFD310707B7100AB7,IMPHASH=F34D5F2D4577ED6D9CEEC516C1F5A744"," {f4ba3e13-d7f3-6a1f-8f00-000000002300}"," 4508",C:\Windows\System32\taskhostw.exe,taskhostw.exe,System,0x3E7," {f4ba3e13-d594-6a1f-e703-000000000000}"," 0",,,,,,,,,,,,,,,,,,,,,,,Microsoft Corporation,Microsoft® .NET Framework,Microsoft .NET Framework optimization service,4.6.1586.0 built by: NETFXREL2,NGenTask.exe,,,,,,,,,,,,,,-,C.4f04b5de911bf0cd,C.4f04b5de911bf0cd
1780491434416,,,,,,,,,,,2026-06-03 07:29:56.554," {f4ba3e13-d7f4-6a1f-af00-000000002300}",5160,C:\Windows\System32\sdiagnhost.exe,C:\Windows\System32\sdiagnhost.exe -Embedding,C:\Windows\system32\,CHILD\Administrator,"MD5=C91529A7EB209224BF6D6D47A4620865,SHA256=6FEDAAF41148F8E0803451B44AA5270AE6F96BF6D31CB81B3FE9459D2239E54E,IMPHASH=A625AFC217C115D82C4B28A4564D88A8"," {f4ba3e13-d597-6a1f-0c00-000000002300}"," 864",C:\Windows\System32\svchost.exe,C:\Windows\system32\svchost.exe -k DcomLaunch,High,0x45940," {f4ba3e13-d610-6a1f-4059-040000000000}"," 1",,,,,,,,,,,,,,,,,,,,,,,Microsoft Corporation,Microsoft® Windows® Operating System,Scripted Diagnostics Native Host,10.0.14393.0 (rs1_release.160715-1616),sdiagnhost.exe,,,,,,,,,,,,,,-,C.4f04b5de911bf0cd,C.4f04b5de911bf0cd
1780491434416,,,,,,,,,,,2026-06-03 07:29:56.568," {f4ba3e13-d7f4-6a1f-b100-000000002300}",5216,C:\Program Files\Windows Defender\MpUXSrv.exe,"""C:\Program Files\Windows Defender\MpUxSrv.exe"" -Embedding",C:\Windows\system32\,CHILD\Administrator,"MD5=F3B38050C0DEA9449894290161782E6C,SHA256=F35B2E2C13016412DE49FF61B1C5FDFA5DF5CD3635C1008F57AA294C5DFD777E,IMPHASH=9604292E99521224ED9FC20B92EE1DE8"," {f4ba3e13-d597-6a1f-0c00-000000002300}"," 864",C:\Windows\System32\svchost.exe,C:\Windows\system32\svchost.exe -k DcomLaunch,High,0x45940," {f4ba3e13-d610-6a1f-4059-040000000000}"," 1",,,,,,,,,,,,,,,,,,,,,,,Microsoft Corporation,Microsoft® Windows® Operating System,WD modern host server,4.10.14393.0 (rs1_release.160715-1616),MpUxSrv.exe,,,,,,,,,,,,,,-,C.4f04b5de911bf0cd,C.4f04b5de911bf0cd
1780491434416,,,,,,,,,,,2026-06-03 07:29:56.691," {f4ba3e13-d7f4-6a1f-b300-000000002300}",5336,C:\Program Files\Windows Defender\MpCmdRun.exe,"""C:\Program Files\Windows Defender\\MpCmdRun.exe"" SpyNetService -RestrictPrivileges -AccessKey F5901621-A65D-6E08-CB33-BEE955DC493F",C:\Windows\system32\,NT AUTHORITY\SYSTEM,"MD5=C37ADF3801F599EDF3180354BBAB2560,SHA256=1C90A322F55D574EF703B9CB0ADFB379CEFA33A2B5D72F04A6E9AAA2F209F6B5,IMPHASH=5F980D25420E31451E189C1082EF5045"," {f4ba3e13-d5b3-6a1f-3200-000000002300}"," 3056",C:\Program Files\Windows Defender\MsMpEng.exe,"""C:\Program Files\Windows Defender\MsMpEng.exe""",System,0x3E7," {f4ba3e13-d594-6a1f-e703-000000000000}"," 0",,,,,,,,,,,,,,,,,,,,,,,Microsoft Corporation,Microsoft® Windows® Operating System,Microsoft Malware Protection Command Line Utility,4.10.14393.0 (rs1_release.160715-1616),MpCmdRun.exe,,,,,,,,,,,,,,-,C.4f04b5de911bf0cd,C.4f04b5de911bf0cd
1780491434416,,,,,,,,,,,2026-06-03 07:29:56.732," {f4ba3e13-d7f4-6a1f-b500-000000002300}",5460,C:\Program Files\Windows Defender\MpCmdRun.exe,"""C:\Program Files\Windows Defender\\MpCmdRun.exe"" SpyNetService -RestrictPrivileges -AccessKey F5901621-A65D-6E08-CB33-BEE955DC493F -Reinvoke",C:\Windows\system32\,NT AUTHORITY\NETWORK SERVICE,"MD5=C37ADF3801F599EDF3180354BBAB2560,SHA256=1C90A322F55D574EF703B9CB0ADFB379CEFA33A2B5D72F04A6E9AAA2F209F6B5,IMPHASH=5F980D25420E31451E189C1082EF5045"," {f4ba3e13-d7f4-6a1f-b300-000000002300}"," 5336",C:\Program Files\Windows Defender\MpCmdRun.exe,"""C:\Program Files\Windows Defender\\MpCmdRun.exe"" SpyNetService -RestrictPrivileges -AccessKey F5901621-A65D-6E08-CB33-BEE955DC493F",System,0x3E4," {f4ba3e13-d597-6a1f-e403-000000000000}"," 0",,,,,,,,,,,,,,,,,,,,,,,Microsoft Corporation,Microsoft® Windows® Operating System,Microsoft Malware Protection Command Line Utility,4.10.14393.0 (rs1_release.160715-1616),MpCmdRun.exe,,,,,,,,,,,,,,-,C.4f04b5de911bf0cd,C.4f04b5de911bf0cd
1780491434416,,,,,,,,,,,2026-06-03 07:29:57.922," {f4ba3e13-d5b3-6a1f-3200-000000002300}",3056,C:\Program Files\Windows Defender\MsMpEng.exe,,,NT AUTHORITY\SYSTEM,,,,,,,,,,C:\Windows\Temp\F70774C7-6BAC-4E63-827D-5F66A5499576\AppxProvider.dll,2026-06-03 07:29:57.922,,,,,,,,,,,,,,,,,,,,,,,,,,,,,,,,,,,,,,,DLL,C.4f04b5de911bf0cd,C.4f04b5de911bf0cd
1780491434416,,,,,,,,,,,2026-06-03 07:29:57.984," {f4ba3e13-d5b3-6a1f-3200-000000002300}",3056,C:\Program Files\Windows Defender\MsMpEng.exe,,,NT AUTHORITY\SYSTEM,,,,,,,,,,C:\Windows\Temp\F70774C7-6BAC-4E63-827D-5F66A5499576\AssocProvider.dll,2026-06-03 07:29:57.984,,,,,,,,,,,,,,,,,,,,,,,,,,,,,,,,,,,,,,,DLL,C.4f04b5de911bf0cd,C.4f04b5de911bf0cd
1780491434416,,,,,,,,,,,2026-06-03 07:29:57.992," {f4ba3e13-d5b3-6a1f-3200-000000002300}",3056,C:\Program Files\Windows Defender\MsMpEng.exe,,,NT AUTHORITY\SYSTEM,,,,,,,,,,C:\Windows\Temp\F70774C7-6BAC-4E63-827D-5F66A5499576\CbsProvider.dll,2026-06-03 07:29:57.992,,,,,,,,,,,,,,,,,,,,,,,,,,,,,,,,,,,,,,,DLL,C.4f04b5de911bf0cd,C.4f04b5de911bf0cd
1780491434416,,,,,,,,,,,2026-06-03 07:29:58.027," {f4ba3e13-d5b3-6a1f-3200-000000002300}",3056,C:\Program Files\Windows Defender\MsMpEng.exe,,,NT AUTHORITY\SYSTEM,,,,,,,,,,C:\Windows\Temp\F70774C7-6BAC-4E63-827D-5F66A5499576\CompatProvider.dll,2026-06-03 07:29:58.027,,,,,,,,,,,,,,,,,,,,,,,,,,,,,,,,,,,,,,,DLL,C.4f04b5de911bf0cd,C.4f04b5de911bf0cd
1780491434416,,,,,,,,,,,2026-06-03 07:29:58.029," {f4ba3e13-d5b3-6a1f-3200-000000002300}",3056,C:\Program Files\Windows Defender\MsMpEng.exe,,,NT AUTHORITY\SYSTEM,,,,,,,,,,C:\Windows\Temp\F70774C7-6BAC-4E63-827D-5F66A5499576\DismCore.dll,2026-06-03 07:29:58.029,,,,,,,,,,,,,,,,,,,,,,,,,,,,,,,,,,,,,,,DLL,C.4f04b5de911bf0cd,C.4f04b5de911bf0cd
1780491434416,,,,,,,,,,,2026-06-03 07:29:58.031," {f4ba3e13-d5b3-6a1f-3200-000000002300}",3056,C:\Program Files\Windows Defender\MsMpEng.exe,,,NT AUTHORITY\SYSTEM,,,,,,,,,,C:\Windows\Temp\F70774C7-6BAC-4E63-827D-5F66A5499576\DismCorePS.dll,2026-06-03 07:29:58.031,,,,,,,,,,,,,,,,,,,,,,,,,,,,,,,,,,,,,,,DLL,C.4f04b5de911bf0cd,C.4f04b5de911bf0cd
1780491434416,,,,,,,,,,,2026-06-03 07:29:58.038," {f4ba3e13-d5b3-6a1f-3200-000000002300}",3056,C:\Program Files\Windows Defender\MsMpEng.exe,,,NT AUTHORITY\SYSTEM,,,,,,,,,,C:\Windows\Temp\F70774C7-6BAC-4E63-827D-5F66A5499576\DismHost.exe,2026-06-03 07:29:58.038,,,,,,,,,,,,,,,,,,,,,,,,,,,,,,,,,,,,,,,EXE,C.4f04b5de911bf0cd,C.4f04b5de911bf0cd
1780491434416,,,,,,,,,,,2026-06-03 07:29:58.054," {f4ba3e13-d5b3-6a1f-3200-000000002300}",3056,C:\Program Files\Windows Defender\MsMpEng.exe,,,NT AUTHORITY\SYSTEM,,,,,,,,,,C:\Windows\Temp\F70774C7-6BAC-4E63-827D-5F66A5499576\DismProv.dll,2026-06-03 07:29:58.054,,,,,,,,,,,,,,,,,,,,,,,,,,,,,,,,,,,,,,,DLL,C.4f04b5de911bf0cd,C.4f04b5de911bf0cd
1780491434416,,,,,,,,,,,2026-06-03 07:29:58.054," {f4ba3e13-d5b3-6a1f-3200-000000002300}",3056,C:\Program Files\Windows Defender\MsMpEng.exe,,,NT AUTHORITY\SYSTEM,,,,,,,,,,C:\Windows\Temp\F70774C7-6BAC-4E63-827D-5F66A5499576\DmiProvider.dll,2026-06-03 07:29:58.054,,,,,,,,,,,,,,,,,,,,,,,,,,,,,,,,,,,,,,,DLL,C.4f04b5de911bf0cd,C.4f04b5de911bf0cd
1780491434416,,,,,,,,,,,2026-06-03 07:29:58.172," {f4ba3e13-d5b3-6a1f-3200-000000002300}",3056,C:\Program Files\Windows Defender\MsMpEng.exe,,,NT AUTHORITY\SYSTEM,,,,,,,,,,C:\Windows\Temp\F70774C7-6BAC-4E63-827D-5F66A5499576\FfuProvider.dll,2026-06-03 07:29:58.172,,,,,,,,,,,,,,,,,,,,,,,,,,,,,,,,,,,,,,,DLL,C.4f04b5de911bf0cd,C.4f04b5de911bf0cd
1780491434416,,,,,,,,,,,2026-06-03 07:29:58.172," {f4ba3e13-d5b3-6a1f-3200-000000002300}",3056,C:\Program Files\Windows Defender\MsMpEng.exe,,,NT AUTHORITY\SYSTEM,,,,,,,,,,C:\Windows\Temp\F70774C7-6BAC-4E63-827D-5F66A5499576\FolderProvider.dll,2026-06-03 07:29:58.172,,,,,,,,,,,,,,,,,,,,,,,,,,,,,,,,,,,,,,,DLL,C.4f04b5de911bf0cd,C.4f04b5de911bf0cd
1780491434416,,,,,,,,,,,2026-06-03 07:29:58.172," {f4ba3e13-d5b3-6a1f-3200-000000002300}",3056,C:\Program Files\Windows Defender\MsMpEng.exe,,,NT AUTHORITY\SYSTEM,,,,,,,,,,C:\Windows\Temp\F70774C7-6BAC-4E63-827D-5F66A5499576\GenericProvider.dll,2026-06-03 07:29:58.172,,,,,,,,,,,,,,,,,,,,,,,,,,,,,,,,,,,,,,,DLL,C.4f04b5de911bf0cd,C.4f04b5de911bf0cd
1780491434416,,,,,,,,,,,2026-06-03 07:29:58.172," {f4ba3e13-d5b3-6a1f-3200-000000002300}",3056,C:\Program Files\Windows Defender\MsMpEng.exe,,,NT AUTHORITY\SYSTEM,,,,,,,,,,C:\Windows\Temp\F70774C7-6BAC-4E63-827D-5F66A5499576\IBSProvider.dll,2026-06-03 07:29:58.172,,,,,,,,,,,,,,,,,,,,,,,,,,,,,,,,,,,,,,,DLL,C.4f04b5de911bf0cd,C.4f04b5de911bf0cd
1780491434416,,,,,,,,,,,2026-06-03 07:29:58.219," {f4ba3e13-d5b3-6a1f-3200-000000002300}",3056,C:\Program Files\Windows Defender\MsMpEng.exe,,,NT AUTHORITY\SYSTEM,,,,,,,,,,C:\Windows\Temp\F70774C7-6BAC-4E63-827D-5F66A5499576\ImagingProvider.dll,2026-06-03 07:29:58.219,,,,,,,,,,,,,,,,,,,,,,,,,,,,,,,,,,,,,,,DLL,C.4f04b5de911bf0cd,C.4f04b5de911bf0cd
1780491434416,,,,,,,,,,,2026-06-03 07:29:58.219," {f4ba3e13-d5b3-6a1f-3200-000000002300}",3056,C:\Program Files\Windows Defender\MsMpEng.exe,,,NT AUTHORITY\SYSTEM,,,,,,,,,,C:\Windows\Temp\F70774C7-6BAC-4E63-827D-5F66A5499576\IntlProvider.dll,2026-06-03 07:29:58.219,,,,,,,,,,,,,,,,,,,,,,,,,,,,,,,,,,,,,,,DLL,C.4f04b5de911bf0cd,C.4f04b5de911bf0cd
1780491434416,,,,,,,,,,,2026-06-03 07:29:58.219," {f4ba3e13-d5b3-6a1f-3200-000000002300}",3056,C:\Program Files\Windows Defender\MsMpEng.exe,,,NT AUTHORITY\SYSTEM,,,,,,,,,,C:\Windows\Temp\F70774C7-6BAC-4E63-827D-5F66A5499576\LogProvider.dll,2026-06-03 07:29:58.219,,,,,,,,,,,,,,,,,,,,,,,,,,,,,,,,,,,,,,,DLL,C.4f04b5de911bf0cd,C.4f04b5de911bf0cd
1780491434416,,,,,,,,,,,2026-06-03 07:29:58.219," {f4ba3e13-d5b3-6a1f-3200-000000002300}",3056,C:\Program Files\Windows Defender\MsMpEng.exe,,,NT AUTHORITY\SYSTEM,,,,,,,,,,C:\Windows\Temp\F70774C7-6BAC-4E63-827D-5F66A5499576\MsiProvider.dll,2026-06-03 07:29:58.219,,,,,,,,,,,,,,,,,,,,,,,,,,,,,,,,,,,,,,,DLL,C.4f04b5de911bf0cd,C.4f04b5de911bf0cd
1780491434416,,,,,,,,,,,2026-06-03 07:29:58.219," {f4ba3e13-d5b3-6a1f-3200-000000002300}",3056,C:\Program Files\Windows Defender\MsMpEng.exe,,,NT AUTHORITY\SYSTEM,,,,,,,,,,C:\Windows\Temp\F70774C7-6BAC-4E63-827D-5F66A5499576\OfflineSetupProvider.dll,2026-06-03 07:29:58.219,,,,,,,,,,,,,,,,,,,,,,,,,,,,,,,,,,,,,,,DLL,C.4f04b5de911bf0cd,C.4f04b5de911bf0cd
1780491434416,,,,,,,,,,,2026-06-03 07:29:58.236," {f4ba3e13-d5b3-6a1f-3200-000000002300}",3056,C:\Program Files\Windows Defender\MsMpEng.exe,,,NT AUTHORITY\SYSTEM,,,,,,,,,,C:\Windows\Temp\F70774C7-6BAC-4E63-827D-5F66A5499576\OSProvider.dll,2026-06-03 07:29:58.236,,,,,,,,,,,,,,,,,,,,,,,,,,,,,,,,,,,,,,,DLL,C.4f04b5de911bf0cd,C.4f04b5de911bf0cd
1780491434416,,,,,,,,,,,2026-06-03 07:29:58.238," {f4ba3e13-d5b3-6a1f-3200-000000002300}",3056,C:\Program Files\Windows Defender\MsMpEng.exe,,,NT AUTHORITY\SYSTEM,,,,,,,,,,C:\Windows\Temp\F70774C7-6BAC-4E63-827D-5F66A5499576\ProvProvider.dll,2026-06-03 07:29:58.238,,,,,,,,,,,,,,,,,,,,,,,,,,,,,,,,,,,,,,,DLL,C.4f04b5de911bf0cd,C.4f04b5de911bf0cd
1780491434416,,,,,,,,,,,2026-06-03 07:29:58.246," {f4ba3e13-d5b3-6a1f-3200-000000002300}",3056,C:\Program Files\Windows Defender\MsMpEng.exe,,,NT AUTHORITY\SYSTEM,,,,,,,,,,C:\Windows\Temp\F70774C7-6BAC-4E63-827D-5F66A5499576\SmiProvider.dll,2026-06-03 07:29:58.246,,,,,,,,,,,,,,,,,,,,,,,,,,,,,,,,,,,,,,,DLL,C.4f04b5de911bf0cd,C.4f04b5de911bf0cd
1780491434416,,,,,,,,,,,2026-06-03 07:29:58.277," {f4ba3e13-d5b3-6a1f-3200-000000002300}",3056,C:\Program Files\Windows Defender\MsMpEng.exe,,,NT AUTHORITY\SYSTEM,,,,,,,,,,C:\Windows\Temp\F70774C7-6BAC-4E63-827D-5F66A5499576\TransmogProvider.dll,2026-06-03 07:29:58.277,,,,,,,,,,,,,,,,,,,,,,,,,,,,,,,,,,,,,,,DLL,C.4f04b5de911bf0cd,C.4f04b5de911bf0cd
1780491434416,,,,,,,,,,,2026-06-03 07:29:58.293," {f4ba3e13-d5b3-6a1f-3200-000000002300}",3056,C:\Program Files\Windows Defender\MsMpEng.exe,,,NT AUTHORITY\SYSTEM,,,,,,,,,,C:\Windows\Temp\F70774C7-6BAC-4E63-827D-5F66A5499576\UnattendProvider.dll,2026-06-03 07:29:58.293,,,,,,,,,,,,,,,,,,,,,,,,,,,,,,,,,,,,,,,DLL,C.4f04b5de911bf0cd,C.4f04b5de911bf0cd
1780491434416,,,,,,,,,,,2026-06-03 07:29:58.293," {f4ba3e13-d5b3-6a1f-3200-000000002300}",3056,C:\Program Files\Windows Defender\MsMpEng.exe,,,NT AUTHORITY\SYSTEM,,,,,,,,,,C:\Windows\Temp\F70774C7-6BAC-4E63-827D-5F66A5499576\VhdProvider.dll,2026-06-03 07:29:58.293,,,,,,,,,,,,,,,,,,,,,,,,,,,,,,,,,,,,,,,DLL,C.4f04b5de911bf0cd,C.4f04b5de911bf0cd
1780491434416,,,,,,,,,,,2026-06-03 07:29:58.324," {f4ba3e13-d5b3-6a1f-3200-000000002300}",3056,C:\Program Files\Windows Defender\MsMpEng.exe,,,NT AUTHORITY\SYSTEM,,,,,,,,,,C:\Windows\Temp\F70774C7-6BAC-4E63-827D-5F66A5499576\WimProvider.dll,2026-06-03 07:29:58.324,,,,,,,,,,,,,,,,,,,,,,,,,,,,,,,,,,,,,,,DLL,C.4f04b5de911bf0cd,C.4f04b5de911bf0cd
1780491434416,,,,,,,,,,,2026-06-03 07:29:58.387," {f4ba3e13-d5b3-6a1f-3200-000000002300}",3056,C:\Program Files\Windows Defender\MsMpEng.exe,,,NT AUTHORITY\SYSTEM,,,,,,,,,,C:\Windows\Temp\F70774C7-6BAC-4E63-827D-5F66A5499576\api-ms-win-base-util-l1-1-0.dll,2026-06-03 07:29:58.387,,,,,,,,,,,,,,,,,,,,,,,,,,,,,,,,,,,,,,,DLL,C.4f04b5de911bf0cd,C.4f04b5de911bf0cd
1780491434416,,,,,,,,,,,2026-06-03 07:29:58.387," {f4ba3e13-d5b3-6a1f-3200-000000002300}",3056,C:\Program Files\Windows Defender\MsMpEng.exe,,,NT AUTHORITY\SYSTEM,,,,,,,,,,C:\Windows\Temp\F70774C7-6BAC-4E63-827D-5F66A5499576\api-ms-win-core-com-l1-1-0.dll,2026-06-03 07:29:58.387,,,,,,,,,,,,,,,,,,,,,,,,,,,,,,,,,,,,,,,DLL,C.4f04b5de911bf0cd,C.4f04b5de911bf0cd
1780491434416,,,,,,,,,,,2026-06-03 07:29:58.387," {f4ba3e13-d5b3-6a1f-3200-000000002300}",3056,C:\Program Files\Windows Defender\MsMpEng.exe,,,NT AUTHORITY\SYSTEM,,,,,,,,,,C:\Windows\Temp\F70774C7-6BAC-4E63-827D-5F66A5499576\api-ms-win-core-comm-l1-1-0.dll,2026-06-03 07:29:58.387,,,,,,,,,,,,,,,,,,,,,,,,,,,,,,,,,,,,,,,DLL,C.4f04b5de911bf0cd,C.4f04b5de911bf0cd
1780491434416,,,,,,,,,,,2026-06-03 07:29:58.387," {f4ba3e13-d5b3-6a1f-3200-000000002300}",3056,C:\Program Files\Windows Defender\MsMpEng.exe,,,NT AUTHORITY\SYSTEM,,,,,,,,,,C:\Windows\Temp\F70774C7-6BAC-4E63-827D-5F66A5499576\api-ms-win-core-console-l1-1-0.dll,2026-06-03 07:29:58.387,,,,,,,,,,,,,,,,,,,,,,,,,,,,,,,,,,,,,,,DLL,C.4f04b5de911bf0cd,C.4f04b5de911bf0cd
1780491434416,,,,,,,,,,,2026-06-03 07:29:58.387," {f4ba3e13-d5b3-6a1f-3200-000000002300}",3056,C:\Program Files\Windows Defender\MsMpEng.exe,,,NT AUTHORITY\SYSTEM,,,,,,,,,,C:\Windows\Temp\F70774C7-6BAC-4E63-827D-5F66A5499576\api-ms-win-core-datetime-l1-1-0.dll,2026-06-03 07:29:58.387,,,,,,,,,,,,,,,,,,,,,,,,,,,,,,,,,,,,,,,DLL,C.4f04b5de911bf0cd,C.4f04b5de911bf0cd
1780491434416,,,,,,,,,,,2026-06-03 07:29:58.387," {f4ba3e13-d5b3-6a1f-3200-000000002300}",3056,C:\Program Files\Windows Defender\MsMpEng.exe,,,NT AUTHORITY\SYSTEM,,,,,,,,,,C:\Windows\Temp\F70774C7-6BAC-4E63-827D-5F66A5499576\api-ms-win-core-datetime-l1-1-1.dll,2026-06-03 07:29:58.387,,,,,,,,,,,,,,,,,,,,,,,,,,,,,,,,,,,,,,,DLL,C.4f04b5de911bf0cd,C.4f04b5de911bf0cd
1780491434416,,,,,,,,,,,2026-06-03 07:29:58.387," {f4ba3e13-d5b3-6a1f-3200-000000002300}",3056,C:\Program Files\Windows Defender\MsMpEng.exe,,,NT AUTHORITY\SYSTEM,,,,,,,,,,C:\Windows\Temp\F70774C7-6BAC-4E63-827D-5F66A5499576\api-ms-win-core-debug-l1-1-0.dll,2026-06-03 07:29:58.387,,,,,,,,,,,,,,,,,,,,,,,,,,,,,,,,,,,,,,,DLL,C.4f04b5de911bf0cd,C.4f04b5de911bf0cd
1780491434416,,,,,,,,,,,2026-06-03 07:29:58.387," {f4ba3e13-d5b3-6a1f-3200-000000002300}",3056,C:\Program Files\Windows Defender\MsMpEng.exe,,,NT AUTHORITY\SYSTEM,,,,,,,,,,C:\Windows\Temp\F70774C7-6BAC-4E63-827D-5F66A5499576\api-ms-win-core-debug-l1-1-1.dll,2026-06-03 07:29:58.387,,,,,,,,,,,,,,,,,,,,,,,,,,,,,,,,,,,,,,,DLL,C.4f04b5de911bf0cd,C.4f04b5de911bf0cd
1780491434416,,,,,,,,,,,2026-06-03 07:29:58.402," {f4ba3e13-d5b3-6a1f-3200-000000002300}",3056,C:\Program Files\Windows Defender\MsMpEng.exe,,,NT AUTHORITY\SYSTEM,,,,,,,,,,C:\Windows\Temp\F70774C7-6BAC-4E63-827D-5F66A5499576\api-ms-win-core-delayload-l1-1-0.dll,2026-06-03 07:29:58.402,,,,,,,,,,,,,,,,,,,,,,,,,,,,,,,,,,,,,,,DLL,C.4f04b5de911bf0cd,C.4f04b5de911bf0cd
1780491434416,,,,,,,,,,,2026-06-03 07:29:58.402," {f4ba3e13-d5b3-6a1f-3200-000000002300}",3056,C:\Program Files\Windows Defender\MsMpEng.exe,,,NT AUTHORITY\SYSTEM,,,,,,,,,,C:\Windows\Temp\F70774C7-6BAC-4E63-827D-5F66A5499576\api-ms-win-core-errorhandling-l1-1-0.dll,2026-06-03 07:29:58.402,,,,,,,,,,,,,,,,,,,,,,,,,,,,,,,,,,,,,,,DLL,C.4f04b5de911bf0cd,C.4f04b5de911bf0cd
1780491434416,,,,,,,,,,,2026-06-03 07:29:58.402," {f4ba3e13-d5b3-6a1f-3200-000000002300}",3056,C:\Program Files\Windows Defender\MsMpEng.exe,,,NT AUTHORITY\SYSTEM,,,,,,,,,,C:\Windows\Temp\F70774C7-6BAC-4E63-827D-5F66A5499576\api-ms-win-core-errorhandling-l1-1-1.dll,2026-06-03 07:29:58.402,,,,,,,,,,,,,,,,,,,,,,,,,,,,,,,,,,,,,,,DLL,C.4f04b5de911bf0cd,C.4f04b5de911bf0cd
1780491434416,,,,,,,,,,,2026-06-03 07:29:58.402," {f4ba3e13-d5b3-6a1f-3200-000000002300}",3056,C:\Program Files\Windows Defender\MsMpEng.exe,,,NT AUTHORITY\SYSTEM,,,,,,,,,,C:\Windows\Temp\F70774C7-6BAC-4E63-827D-5F66A5499576\api-ms-win-core-fibers-l1-1-0.dll,2026-06-03 07:29:58.402,,,,,,,,,,,,,,,,,,,,,,,,,,,,,,,,,,,,,,,DLL,C.4f04b5de911bf0cd,C.4f04b5de911bf0cd
1780491434416,,,,,,,,,,,2026-06-03 07:29:58.402," {f4ba3e13-d5b3-6a1f-3200-000000002300}",3056,C:\Program Files\Windows Defender\MsMpEng.exe,,,NT AUTHORITY\SYSTEM,,,,,,,,,,C:\Windows\Temp\F70774C7-6BAC-4E63-827D-5F66A5499576\api-ms-win-core-fibers-l1-1-1.dll,2026-06-03 07:29:58.402,,,,,,,,,,,,,,,,,,,,,,,,,,,,,,,,,,,,,,,DLL,C.4f04b5de911bf0cd,C.4f04b5de911bf0cd
1780491434416,,,,,,,,,,,2026-06-03 07:29:58.402," {f4ba3e13-d5b3-6a1f-3200-000000002300}",3056,C:\Program Files\Windows Defender\MsMpEng.exe,,,NT AUTHORITY\SYSTEM,,,,,,,,,,C:\Windows\Temp\F70774C7-6BAC-4E63-827D-5F66A5499576\api-ms-win-core-file-l1-1-0.dll,2026-06-03 07:29:58.402,,,,,,,,,,,,,,,,,,,,,,,,,,,,,,,,,,,,,,,DLL,C.4f04b5de911bf0cd,C.4f04b5de911bf0cd
1780491434416,,,,,,,,,,,2026-06-03 07:29:58.402," {f4ba3e13-d5b3-6a1f-3200-000000002300}",3056,C:\Program Files\Windows Defender\MsMpEng.exe,,,NT AUTHORITY\SYSTEM,,,,,,,,,,C:\Windows\Temp\F70774C7-6BAC-4E63-827D-5F66A5499576\api-ms-win-core-file-l1-2-0.dll,2026-06-03 07:29:58.402,,,,,,,,,,,,,,,,,,,,,,,,,,,,,,,,,,,,,,,DLL,C.4f04b5de911bf0cd,C.4f04b5de911bf0cd
1780491434416,,,,,,,,,,,2026-06-03 07:29:58.402," {f4ba3e13-d5b3-6a1f-3200-000000002300}",3056,C:\Program Files\Windows Defender\MsMpEng.exe,,,NT AUTHORITY\SYSTEM,,,,,,,,,,C:\Windows\Temp\F70774C7-6BAC-4E63-827D-5F66A5499576\api-ms-win-core-file-l1-2-1.dll,2026-06-03 07:29:58.402,,,,,,,,,,,,,,,,,,,,,,,,,,,,,,,,,,,,,,,DLL,C.4f04b5de911bf0cd,C.4f04b5de911bf0cd
1780491434416,,,,,,,,,,,2026-06-03 07:29:58.402," {f4ba3e13-d5b3-6a1f-3200-000000002300}",3056,C:\Program Files\Windows Defender\MsMpEng.exe,,,NT AUTHORITY\SYSTEM,,,,,,,,,,C:\Windows\Temp\F70774C7-6BAC-4E63-827D-5F66A5499576\API-MS-Win-core-file-l2-1-0.dll,2026-06-03 07:29:58.402,,,,,,,,,,,,,,,,,,,,,,,,,,,,,,,,,,,,,,,DLL,C.4f04b5de911bf0cd,C.4f04b5de911bf0cd
1780491434416,,,,,,,,,,,2026-06-03 07:29:58.402," {f4ba3e13-d5b3-6a1f-3200-000000002300}",3056,C:\Program Files\Windows Defender\MsMpEng.exe,,,NT AUTHORITY\SYSTEM,,,,,,,,,,C:\Windows\Temp\F70774C7-6BAC-4E63-827D-5F66A5499576\API-MS-Win-core-file-l2-1-1.dll,2026-06-03 07:29:58.402,,,,,,,,,,,,,,,,,,,,,,,,,,,,,,,,,,,,,,,DLL,C.4f04b5de911bf0cd,C.4f04b5de911bf0cd
1780491434416,,,,,,,,,,,2026-06-03 07:29:58.418," {f4ba3e13-d5b3-6a1f-3200-000000002300}",3056,C:\Program Files\Windows Defender\MsMpEng.exe,,,NT AUTHORITY\SYSTEM,,,,,,,,,,C:\Windows\Temp\F70774C7-6BAC-4E63-827D-5F66A5499576\api-ms-win-core-handle-l1-1-0.dll,2026-06-03 07:29:58.418,,,,,,,,,,,,,,,,,,,,,,,,,,,,,,,,,,,,,,,DLL,C.4f04b5de911bf0cd,C.4f04b5de911bf0cd
1780491434416,,,,,,,,,,,2026-06-03 07:29:58.418," {f4ba3e13-d5b3-6a1f-3200-000000002300}",3056,C:\Program Files\Windows Defender\MsMpEng.exe,,,NT AUTHORITY\SYSTEM,,,,,,,,,,C:\Windows\Temp\F70774C7-6BAC-4E63-827D-5F66A5499576\api-ms-win-core-heap-l1-1-0.dll,2026-06-03 07:29:58.418,,,,,,,,,,,,,,,,,,,,,,,,,,,,,,,,,,,,,,,DLL,C.4f04b5de911bf0cd,C.4f04b5de911bf0cd
1780491434416,,,,,,,,,,,2026-06-03 07:29:58.418," {f4ba3e13-d5b3-6a1f-3200-000000002300}",3056,C:\Program Files\Windows Defender\MsMpEng.exe,,,NT AUTHORITY\SYSTEM,,,,,,,,,,C:\Windows\Temp\F70774C7-6BAC-4E63-827D-5F66A5499576\API-MS-Win-Core-Heap-Obsolete-L1-1-0.dll,2026-06-03 07:29:58.418,,,,,,,,,,,,,,,,,,,,,,,,,,,,,,,,,,,,,,,DLL,C.4f04b5de911bf0cd,C.4f04b5de911bf0cd
1780491434416,,,,,,,,,,,2026-06-03 07:29:58.418," {f4ba3e13-d5b3-6a1f-3200-000000002300}",3056,C:\Program Files\Windows Defender\MsMpEng.exe,,,NT AUTHORITY\SYSTEM,,,,,,,,,,C:\Windows\Temp\F70774C7-6BAC-4E63-827D-5F66A5499576\api-ms-win-core-interlocked-l1-1-0.dll,2026-06-03 07:29:58.418,,,,,,,,,,,,,,,,,,,,,,,,,,,,,,,,,,,,,,,DLL,C.4f04b5de911bf0cd,C.4f04b5de911bf0cd
1780491434416,,,,,,,,,,,2026-06-03 07:29:58.418," {f4ba3e13-d5b3-6a1f-3200-000000002300}",3056,C:\Program Files\Windows Defender\MsMpEng.exe,,,NT AUTHORITY\SYSTEM,,,,,,,,,,C:\Windows\Temp\F70774C7-6BAC-4E63-827D-5F66A5499576\api-ms-win-core-io-l1-1-0.dll,2026-06-03 07:29:58.418,,,,,,,,,,,,,,,,,,,,,,,,,,,,,,,,,,,,,,,DLL,C.4f04b5de911bf0cd,C.4f04b5de911bf0cd
1780491434416,,,,,,,,,,,2026-06-03 07:29:58.418," {f4ba3e13-d5b3-6a1f-3200-000000002300}",3056,C:\Program Files\Windows Defender\MsMpEng.exe,,,NT AUTHORITY\SYSTEM,,,,,,,,,,C:\Windows\Temp\F70774C7-6BAC-4E63-827D-5F66A5499576\api-ms-win-core-io-l1-1-1.dll,2026-06-03 07:29:58.418,,,,,,,,,,,,,,,,,,,,,,,,,,,,,,,,,,,,,,,DLL,C.4f04b5de911bf0cd,C.4f04b5de911bf0cd
1780491434416,,,,,,,,,,,2026-06-03 07:29:58.438," {f4ba3e13-d5b3-6a1f-3200-000000002300}",3056,C:\Program Files\Windows Defender\MsMpEng.exe,,,NT AUTHORITY\SYSTEM,,,,,,,,,,C:\Windows\Temp\F70774C7-6BAC-4E63-827D-5F66A5499576\api-ms-win-core-kernel32-legacy-l1-1-0.dll,2026-06-03 07:29:58.438,,,,,,,,,,,,,,,,,,,,,,,,,,,,,,,,,,,,,,,DLL,C.4f04b5de911bf0cd,C.4f04b5de911bf0cd
1780491434416,,,,,,,,,,,2026-06-03 07:29:58.440," {f4ba3e13-d5b3-6a1f-3200-000000002300}",3056,C:\Program Files\Windows Defender\MsMpEng.exe,,,NT AUTHORITY\SYSTEM,,,,,,,,,,C:\Windows\Temp\F70774C7-6BAC-4E63-827D-5F66A5499576\api-ms-win-core-kernel32-legacy-l1-1-1.dll,2026-06-03 07:29:58.440,,,,,,,,,,,,,,,,,,,,,,,,,,,,,,,,,,,,,,,DLL,C.4f04b5de911bf0cd,C.4f04b5de911bf0cd
1780491434416,,,,,,,,,,,2026-06-03 07:29:58.442," {f4ba3e13-d5b3-6a1f-3200-000000002300}",3056,C:\Program Files\Windows Defender\MsMpEng.exe,,,NT AUTHORITY\SYSTEM,,,,,,,,,,C:\Windows\Temp\F70774C7-6BAC-4E63-827D-5F66A5499576\API-MS-Win-Core-Kernel32-Private-L1-1-0.dll,2026-06-03 07:29:58.441,,,,,,,,,,,,,,,,,,,,,,,,,,,,,,,,,,,,,,,DLL,C.4f04b5de911bf0cd,C.4f04b5de911bf0cd
1780491434416,,,,,,,,,,,2026-06-03 07:29:58.443," {f4ba3e13-d5b3-6a1f-3200-000000002300}",3056,C:\Program Files\Windows Defender\MsMpEng.exe,,,NT AUTHORITY\SYSTEM,,,,,,,,,,C:\Windows\Temp\F70774C7-6BAC-4E63-827D-5F66A5499576\API-MS-Win-Core-Kernel32-Private-L1-1-1.dll,2026-06-03 07:29:58.443,,,,,,,,,,,,,,,,,,,,,,,,,,,,,,,,,,,,,,,DLL,C.4f04b5de911bf0cd,C.4f04b5de911bf0cd
1780491434416,,,,,,,,,,,2026-06-03 07:29:58.444," {f4ba3e13-d5b3-6a1f-3200-000000002300}",3056,C:\Program Files\Windows Defender\MsMpEng.exe,,,NT AUTHORITY\SYSTEM,,,,,,,,,,C:\Windows\Temp\F70774C7-6BAC-4E63-827D-5F66A5499576\api-ms-win-core-libraryloader-l1-1-0.dll,2026-06-03 07:29:58.444,,,,,,,,,,,,,,,,,,,,,,,,,,,,,,,,,,,,,,,DLL,C.4f04b5de911bf0cd,C.4f04b5de911bf0cd
1780491434416,,,,,,,,,,,2026-06-03 07:29:58.444," {f4ba3e13-d5b3-6a1f-3200-000000002300}",3056,C:\Program Files\Windows Defender\MsMpEng.exe,,,NT AUTHORITY\SYSTEM,,,,,,,,,,C:\Windows\Temp\F70774C7-6BAC-4E63-827D-5F66A5499576\api-ms-win-core-libraryloader-l1-1-1.dll,2026-06-03 07:29:58.444,,,,,,,,,,,,,,,,,,,,,,,,,,,,,,,,,,,,,,,DLL,C.4f04b5de911bf0cd,C.4f04b5de911bf0cd
1780491434416,,,,,,,,,,,2026-06-03 07:29:58.444," {f4ba3e13-d5b3-6a1f-3200-000000002300}",3056,C:\Program Files\Windows Defender\MsMpEng.exe,,,NT AUTHORITY\SYSTEM,,,,,,,,,,C:\Windows\Temp\F70774C7-6BAC-4E63-827D-5F66A5499576\api-ms-win-core-localization-l1-2-0.dll,2026-06-03 07:29:58.444,,,,,,,,,,,,,,,,,,,,,,,,,,,,,,,,,,,,,,,DLL,C.4f04b5de911bf0cd,C.4f04b5de911bf0cd
1780491434416,,,,,,,,,,,2026-06-03 07:29:58.444," {f4ba3e13-d5b3-6a1f-3200-000000002300}",3056,C:\Program Files\Windows Defender\MsMpEng.exe,,,NT AUTHORITY\SYSTEM,,,,,,,,,,C:\Windows\Temp\F70774C7-6BAC-4E63-827D-5F66A5499576\api-ms-win-core-localization-l1-2-1.dll,2026-06-03 07:29:58.444,,,,,,,,,,,,,,,,,,,,,,,,,,,,,,,,,,,,,,,DLL,C.4f04b5de911bf0cd,C.4f04b5de911bf0cd
1780491434416,,,,,,,,,,,2026-06-03 07:29:58.444," {f4ba3e13-d5b3-6a1f-3200-000000002300}",3056,C:\Program Files\Windows Defender\MsMpEng.exe,,,NT AUTHORITY\SYSTEM,,,,,,,,,,C:\Windows\Temp\F70774C7-6BAC-4E63-827D-5F66A5499576\API-MS-Win-core-localization-obsolete-l1-2-0.dll,2026-06-03 07:29:58.444,,,,,,,,,,,,,,,,,,,,,,,,,,,,,,,,,,,,,,,DLL,C.4f04b5de911bf0cd,C.4f04b5de911bf0cd
1780491434416,,,,,,,,,,,2026-06-03 07:29:58.444," {f4ba3e13-d5b3-6a1f-3200-000000002300}",3056,C:\Program Files\Windows Defender\MsMpEng.exe,,,NT AUTHORITY\SYSTEM,,,,,,,,,,C:\Windows\Temp\F70774C7-6BAC-4E63-827D-5F66A5499576\api-ms-win-core-memory-l1-1-0.dll,2026-06-03 07:29:58.444,,,,,,,,,,,,,,,,,,,,,,,,,,,,,,,,,,,,,,,DLL,C.4f04b5de911bf0cd,C.4f04b5de911bf0cd
1780491434416,,,,,,,,,,,2026-06-03 07:29:58.444," {f4ba3e13-d5b3-6a1f-3200-000000002300}",3056,C:\Program Files\Windows Defender\MsMpEng.exe,,,NT AUTHORITY\SYSTEM,,,,,,,,,,C:\Windows\Temp\F70774C7-6BAC-4E63-827D-5F66A5499576\api-ms-win-core-memory-l1-1-1.dll,2026-06-03 07:29:58.444,,,,,,,,,,,,,,,,,,,,,,,,,,,,,,,,,,,,,,,DLL,C.4f04b5de911bf0cd,C.4f04b5de911bf0cd
1780491434416,,,,,,,,,,,2026-06-03 07:29:58.444," {f4ba3e13-d5b3-6a1f-3200-000000002300}",3056,C:\Program Files\Windows Defender\MsMpEng.exe,,,NT AUTHORITY\SYSTEM,,,,,,,,,,C:\Windows\Temp\F70774C7-6BAC-4E63-827D-5F66A5499576\api-ms-win-core-memory-l1-1-2.dll,2026-06-03 07:29:58.444,,,,,,,,,,,,,,,,,,,,,,,,,,,,,,,,,,,,,,,DLL,C.4f04b5de911bf0cd,C.4f04b5de911bf0cd
1780491434416,,,,,,,,,,,2026-06-03 07:29:58.444," {f4ba3e13-d5b3-6a1f-3200-000000002300}",3056,C:\Program Files\Windows Defender\MsMpEng.exe,,,NT AUTHORITY\SYSTEM,,,,,,,,,,C:\Windows\Temp\F70774C7-6BAC-4E63-827D-5F66A5499576\api-ms-win-core-namedpipe-l1-1-0.dll,2026-06-03 07:29:58.444,,,,,,,,,,,,,,,,,,,,,,,,,,,,,,,,,,,,,,,DLL,C.4f04b5de911bf0cd,C.4f04b5de911bf0cd
1780491434416,,,,,,,,,,,2026-06-03 07:29:58.459," {f4ba3e13-d5b3-6a1f-3200-000000002300}",3056,C:\Program Files\Windows Defender\MsMpEng.exe,,,NT AUTHORITY\SYSTEM,,,,,,,,,,C:\Windows\Temp\F70774C7-6BAC-4E63-827D-5F66A5499576\api-ms-win-core-privateprofile-l1-1-0.dll,2026-06-03 07:29:58.459,,,,,,,,,,,,,,,,,,,,,,,,,,,,,,,,,,,,,,,DLL,C.4f04b5de911bf0cd,C.4f04b5de911bf0cd
1780491434416,,,,,,,,,,,2026-06-03 07:29:58.459," {f4ba3e13-d5b3-6a1f-3200-000000002300}",3056,C:\Program Files\Windows Defender\MsMpEng.exe,,,NT AUTHORITY\SYSTEM,,,,,,,,,,C:\Windows\Temp\F70774C7-6BAC-4E63-827D-5F66A5499576\api-ms-win-core-privateprofile-l1-1-1.dll,2026-06-03 07:29:58.459,,,,,,,,,,,,,,,,,,,,,,,,,,,,,,,,,,,,,,,DLL,C.4f04b5de911bf0cd,C.4f04b5de911bf0cd
1780491434416,,,,,,,,,,,2026-06-03 07:29:58.459," {f4ba3e13-d5b3-6a1f-3200-000000002300}",3056,C:\Program Files\Windows Defender\MsMpEng.exe,,,NT AUTHORITY\SYSTEM,,,,,,,,,,C:\Windows\Temp\F70774C7-6BAC-4E63-827D-5F66A5499576\api-ms-win-core-processenvironment-l1-1-0.dll,2026-06-03 07:29:58.459,,,,,,,,,,,,,,,,,,,,,,,,,,,,,,,,,,,,,,,DLL,C.4f04b5de911bf0cd,C.4f04b5de911bf0cd
1780491434416,,,,,,,,,,,2026-06-03 07:29:58.459," {f4ba3e13-d5b3-6a1f-3200-000000002300}",3056,C:\Program Files\Windows Defender\MsMpEng.exe,,,NT AUTHORITY\SYSTEM,,,,,,,,,,C:\Windows\Temp\F70774C7-6BAC-4E63-827D-5F66A5499576\api-ms-win-core-processenvironment-l1-2-0.dll,2026-06-03 07:29:58.459,,,,,,,,,,,,,,,,,,,,,,,,,,,,,,,,,,,,,,,DLL,C.4f04b5de911bf0cd,C.4f04b5de911bf0cd
1780491434416,,,,,,,,,,,2026-06-03 07:29:58.459," {f4ba3e13-d5b3-6a1f-3200-000000002300}",3056,C:\Program Files\Windows Defender\MsMpEng.exe,,,NT AUTHORITY\SYSTEM,,,,,,,,,,C:\Windows\Temp\F70774C7-6BAC-4E63-827D-5F66A5499576\api-ms-win-core-processthreads-l1-1-0.dll,2026-06-03 07:29:58.459,,,,,,,,,,,,,,,,,,,,,,,,,,,,,,,,,,,,,,,DLL,C.4f04b5de911bf0cd,C.4f04b5de911bf0cd
1780491434416,,,,,,,,,,,2026-06-03 07:29:58.459," {f4ba3e13-d5b3-6a1f-3200-000000002300}",3056,C:\Program Files\Windows Defender\MsMpEng.exe,,,NT AUTHORITY\SYSTEM,,,,,,,,,,C:\Windows\Temp\F70774C7-6BAC-4E63-827D-5F66A5499576\api-ms-win-core-processthreads-l1-1-1.dll,2026-06-03 07:29:58.459,,,,,,,,,,,,,,,,,,,,,,,,,,,,,,,,,,,,,,,DLL,C.4f04b5de911bf0cd,C.4f04b5de911bf0cd
1780491434416,,,,,,,,,,,2026-06-03 07:29:58.459," {f4ba3e13-d5b3-6a1f-3200-000000002300}",3056,C:\Program Files\Windows Defender\MsMpEng.exe,,,NT AUTHORITY\SYSTEM,,,,,,,,,,C:\Windows\Temp\F70774C7-6BAC-4E63-827D-5F66A5499576\api-ms-win-core-processthreads-l1-1-2.dll,2026-06-03 07:29:58.459,,,,,,,,,,,,,,,,,,,,,,,,,,,,,,,,,,,,,,,DLL,C.4f04b5de911bf0cd,C.4f04b5de911bf0cd
1780491434416,,,,,,,,,,,2026-06-03 07:29:58.459," {f4ba3e13-d5b3-6a1f-3200-000000002300}",3056,C:\Program Files\Windows Defender\MsMpEng.exe,,,NT AUTHORITY\SYSTEM,,,,,,,,,,C:\Windows\Temp\F70774C7-6BAC-4E63-827D-5F66A5499576\api-ms-win-core-processtopology-obsolete-l1-1-0.dll,2026-06-03 07:29:58.459,,,,,,,,,,,,,,,,,,,,,,,,,,,,,,,,,,,,,,,DLL,C.4f04b5de911bf0cd,C.4f04b5de911bf0cd
1780491434416,,,,,,,,,,,2026-06-03 07:29:58.459," {f4ba3e13-d5b3-6a1f-3200-000000002300}",3056,C:\Program Files\Windows Defender\MsMpEng.exe,,,NT AUTHORITY\SYSTEM,,,,,,,,,,C:\Windows\Temp\F70774C7-6BAC-4E63-827D-5F66A5499576\api-ms-win-core-profile-l1-1-0.dll,2026-06-03 07:29:58.459,,,,,,,,,,,,,,,,,,,,,,,,,,,,,,,,,,,,,,,DLL,C.4f04b5de911bf0cd,C.4f04b5de911bf0cd
1780491434416,,,,,,,,,,,2026-06-03 07:29:58.459," {f4ba3e13-d5b3-6a1f-3200-000000002300}",3056,C:\Program Files\Windows Defender\MsMpEng.exe,,,NT AUTHORITY\SYSTEM,,,,,,,,,,C:\Windows\Temp\F70774C7-6BAC-4E63-827D-5F66A5499576\api-ms-win-core-realtime-l1-1-0.dll,2026-06-03 07:29:58.459,,,,,,,,,,,,,,,,,,,,,,,,,,,,,,,,,,,,,,,DLL,C.4f04b5de911bf0cd,C.4f04b5de911bf0cd
1780491434416,,,,,,,,,,,2026-06-03 07:29:58.475," {f4ba3e13-d5b3-6a1f-3200-000000002300}",3056,C:\Program Files\Windows Defender\MsMpEng.exe,,,NT AUTHORITY\SYSTEM,,,,,,,,,,C:\Windows\Temp\F70774C7-6BAC-4E63-827D-5F66A5499576\api-ms-win-core-registry-l1-1-0.dll,2026-06-03 07:29:58.475,,,,,,,,,,,,,,,,,,,,,,,,,,,,,,,,,,,,,,,DLL,C.4f04b5de911bf0cd,C.4f04b5de911bf0cd
1780491434416,,,,,,,,,,,2026-06-03 07:29:58.475," {f4ba3e13-d5b3-6a1f-3200-000000002300}",3056,C:\Program Files\Windows Defender\MsMpEng.exe,,,NT AUTHORITY\SYSTEM,,,,,,,,,,C:\Windows\Temp\F70774C7-6BAC-4E63-827D-5F66A5499576\api-ms-win-core-registry-l2-1-0.dll,2026-06-03 07:29:58.475,,,,,,,,,,,,,,,,,,,,,,,,,,,,,,,,,,,,,,,DLL,C.4f04b5de911bf0cd,C.4f04b5de911bf0cd
1780491434416,,,,,,,,,,,2026-06-03 07:29:58.490," {f4ba3e13-d5b3-6a1f-3200-000000002300}",3056,C:\Program Files\Windows Defender\MsMpEng.exe,,,NT AUTHORITY\SYSTEM,,,,,,,,,,C:\Windows\Temp\F70774C7-6BAC-4E63-827D-5F66A5499576\api-ms-win-core-rtlsupport-l1-1-0.dll,2026-06-03 07:29:58.490,,,,,,,,,,,,,,,,,,,,,,,,,,,,,,,,,,,,,,,DLL,C.4f04b5de911bf0cd,C.4f04b5de911bf0cd
1780491434416,,,,,,,,,,,2026-06-03 07:29:58.490," {f4ba3e13-d5b3-6a1f-3200-000000002300}",3056,C:\Program Files\Windows Defender\MsMpEng.exe,,,NT AUTHORITY\SYSTEM,,,,,,,,,,C:\Windows\Temp\F70774C7-6BAC-4E63-827D-5F66A5499576\api-ms-win-core-shlwapi-legacy-l1-1-0.dll,2026-06-03 07:29:58.490,,,,,,,,,,,,,,,,,,,,,,,,,,,,,,,,,,,,,,,DLL,C.4f04b5de911bf0cd,C.4f04b5de911bf0cd
1780491434416,,,,,,,,,,,2026-06-03 07:29:58.490," {f4ba3e13-d5b3-6a1f-3200-000000002300}",3056,C:\Program Files\Windows Defender\MsMpEng.exe,,,NT AUTHORITY\SYSTEM,,,,,,,,,,C:\Windows\Temp\F70774C7-6BAC-4E63-827D-5F66A5499576\api-ms-win-core-shlwapi-obsolete-l1-1-0.dll,2026-06-03 07:29:58.490,,,,,,,,,,,,,,,,,,,,,,,,,,,,,,,,,,,,,,,DLL,C.4f04b5de911bf0cd,C.4f04b5de911bf0cd
1780491434416,,,,,,,,,,,2026-06-03 07:29:58.490," {f4ba3e13-d5b3-6a1f-3200-000000002300}",3056,C:\Program Files\Windows Defender\MsMpEng.exe,,,NT AUTHORITY\SYSTEM,,,,,,,,,,C:\Windows\Temp\F70774C7-6BAC-4E63-827D-5F66A5499576\api-ms-win-core-shutdown-l1-1-0.dll,2026-06-03 07:29:58.490,,,,,,,,,,,,,,,,,,,,,,,,,,,,,,,,,,,,,,,DLL,C.4f04b5de911bf0cd,C.4f04b5de911bf0cd
1780491434416,,,,,,,,,,,2026-06-03 07:29:58.490," {f4ba3e13-d5b3-6a1f-3200-000000002300}",3056,C:\Program Files\Windows Defender\MsMpEng.exe,,,NT AUTHORITY\SYSTEM,,,,,,,,,,C:\Windows\Temp\F70774C7-6BAC-4E63-827D-5F66A5499576\api-ms-win-core-string-l1-1-0.dll,2026-06-03 07:29:58.490,,,,,,,,,,,,,,,,,,,,,,,,,,,,,,,,,,,,,,,DLL,C.4f04b5de911bf0cd,C.4f04b5de911bf0cd
1780491434416,,,,,,,,,,,2026-06-03 07:29:58.490," {f4ba3e13-d5b3-6a1f-3200-000000002300}",3056,C:\Program Files\Windows Defender\MsMpEng.exe,,,NT AUTHORITY\SYSTEM,,,,,,,,,,C:\Windows\Temp\F70774C7-6BAC-4E63-827D-5F66A5499576\API-MS-Win-core-string-l2-1-0.dll,2026-06-03 07:29:58.490,,,,,,,,,,,,,,,,,,,,,,,,,,,,,,,,,,,,,,,DLL,C.4f04b5de911bf0cd,C.4f04b5de911bf0cd
1780491434416,,,,,,,,,,,2026-06-03 07:29:58.490," {f4ba3e13-d5b3-6a1f-3200-000000002300}",3056,C:\Program Files\Windows Defender\MsMpEng.exe,,,NT AUTHORITY\SYSTEM,,,,,,,,,,C:\Windows\Temp\F70774C7-6BAC-4E63-827D-5F66A5499576\API-MS-Win-core-string-obsolete-l1-1-0.dll,2026-06-03 07:29:58.490,,,,,,,,,,,,,,,,,,,,,,,,,,,,,,,,,,,,,,,DLL,C.4f04b5de911bf0cd,C.4f04b5de911bf0cd
1780491434416,,,,,,,,,,,2026-06-03 07:29:58.490," {f4ba3e13-d5b3-6a1f-3200-000000002300}",3056,C:\Program Files\Windows Defender\MsMpEng.exe,,,NT AUTHORITY\SYSTEM,,,,,,,,,,C:\Windows\Temp\F70774C7-6BAC-4E63-827D-5F66A5499576\api-ms-win-core-stringansi-l1-1-0.dll,2026-06-03 07:29:58.490,,,,,,,,,,,,,,,,,,,,,,,,,,,,,,,,,,,,,,,DLL,C.4f04b5de911bf0cd,C.4f04b5de911bf0cd
1780491434416,,,,,,,,,,,2026-06-03 07:29:58.490," {f4ba3e13-d5b3-6a1f-3200-000000002300}",3056,C:\Program Files\Windows Defender\MsMpEng.exe,,,NT AUTHORITY\SYSTEM,,,,,,,,,,C:\Windows\Temp\F70774C7-6BAC-4E63-827D-5F66A5499576\api-ms-win-core-stringloader-l1-1-1.dll,2026-06-03 07:29:58.490,,,,,,,,,,,,,,,,,,,,,,,,,,,,,,,,,,,,,,,DLL,C.4f04b5de911bf0cd,C.4f04b5de911bf0cd
1780491434416,,,,,,,,,,,2026-06-03 07:29:58.490," {f4ba3e13-d5b3-6a1f-3200-000000002300}",3056,C:\Program Files\Windows Defender\MsMpEng.exe,,,NT AUTHORITY\SYSTEM,,,,,,,,,,C:\Windows\Temp\F70774C7-6BAC-4E63-827D-5F66A5499576\api-ms-win-core-synch-l1-1-0.dll,2026-06-03 07:29:58.490,,,,,,,,,,,,,,,,,,,,,,,,,,,,,,,,,,,,,,,DLL,C.4f04b5de911bf0cd,C.4f04b5de911bf0cd
1780491434416,,,,,,,,,,,2026-06-03 07:29:58.506," {f4ba3e13-d5b3-6a1f-3200-000000002300}",3056,C:\Program Files\Windows Defender\MsMpEng.exe,,,NT AUTHORITY\SYSTEM,,,,,,,,,,C:\Windows\Temp\F70774C7-6BAC-4E63-827D-5F66A5499576\api-ms-win-core-synch-l1-2-0.dll,2026-06-03 07:29:58.506,,,,,,,,,,,,,,,,,,,,,,,,,,,,,,,,,,,,,,,DLL,C.4f04b5de911bf0cd,C.4f04b5de911bf0cd
1780491434416,,,,,,,,,,,2026-06-03 07:29:58.506," {f4ba3e13-d5b3-6a1f-3200-000000002300}",3056,C:\Program Files\Windows Defender\MsMpEng.exe,,,NT AUTHORITY\SYSTEM,,,,,,,,,,C:\Windows\Temp\F70774C7-6BAC-4E63-827D-5F66A5499576\api-ms-win-core-sysinfo-l1-1-0.dll,2026-06-03 07:29:58.506,,,,,,,,,,,,,,,,,,,,,,,,,,,,,,,,,,,,,,,DLL,C.4f04b5de911bf0cd,C.4f04b5de911bf0cd
1780491434416,,,,,,,,,,,2026-06-03 07:29:58.506," {f4ba3e13-d5b3-6a1f-3200-000000002300}",3056,C:\Program Files\Windows Defender\MsMpEng.exe,,,NT AUTHORITY\SYSTEM,,,,,,,,,,C:\Windows\Temp\F70774C7-6BAC-4E63-827D-5F66A5499576\api-ms-win-core-sysinfo-l1-2-0.dll,2026-06-03 07:29:58.506,,,,,,,,,,,,,,,,,,,,,,,,,,,,,,,,,,,,,,,DLL,C.4f04b5de911bf0cd,C.4f04b5de911bf0cd
1780491434416,,,,,,,,,,,2026-06-03 07:29:58.506," {f4ba3e13-d5b3-6a1f-3200-000000002300}",3056,C:\Program Files\Windows Defender\MsMpEng.exe,,,NT AUTHORITY\SYSTEM,,,,,,,,,,C:\Windows\Temp\F70774C7-6BAC-4E63-827D-5F66A5499576\api-ms-win-core-sysinfo-l1-2-1.dll,2026-06-03 07:29:58.506,,,,,,,,,,,,,,,,,,,,,,,,,,,,,,,,,,,,,,,DLL,C.4f04b5de911bf0cd,C.4f04b5de911bf0cd
1780491434416,,,,,,,,,,,2026-06-03 07:29:58.506," {f4ba3e13-d5b3-6a1f-3200-000000002300}",3056,C:\Program Files\Windows Defender\MsMpEng.exe,,,NT AUTHORITY\SYSTEM,,,,,,,,,,C:\Windows\Temp\F70774C7-6BAC-4E63-827D-5F66A5499576\api-ms-win-core-threadpool-l1-2-0.dll,2026-06-03 07:29:58.506,,,,,,,,,,,,,,,,,,,,,,,,,,,,,,,,,,,,,,,DLL,C.4f04b5de911bf0cd,C.4f04b5de911bf0cd
1780491434416,,,,,,,,,,,2026-06-03 07:29:58.506," {f4ba3e13-d5b3-6a1f-3200-000000002300}",3056,C:\Program Files\Windows Defender\MsMpEng.exe,,,NT AUTHORITY\SYSTEM,,,,,,,,,,C:\Windows\Temp\F70774C7-6BAC-4E63-827D-5F66A5499576\api-ms-win-core-threadpool-legacy-l1-1-0.dll,2026-06-03 07:29:58.506,,,,,,,,,,,,,,,,,,,,,,,,,,,,,,,,,,,,,,,DLL,C.4f04b5de911bf0cd,C.4f04b5de911bf0cd
1780491434416,,,,,,,,,,,2026-06-03 07:29:58.506," {f4ba3e13-d5b3-6a1f-3200-000000002300}",3056,C:\Program Files\Windows Defender\MsMpEng.exe,,,NT AUTHORITY\SYSTEM,,,,,,,,,,C:\Windows\Temp\F70774C7-6BAC-4E63-827D-5F66A5499576\api-ms-win-core-threadpool-private-l1-1-0.dll,2026-06-03 07:29:58.506,,,,,,,,,,,,,,,,,,,,,,,,,,,,,,,,,,,,,,,DLL,C.4f04b5de911bf0cd,C.4f04b5de911bf0cd
1780491434416,,,,,,,,,,,2026-06-03 07:29:58.506," {f4ba3e13-d5b3-6a1f-3200-000000002300}",3056,C:\Program Files\Windows Defender\MsMpEng.exe,,,NT AUTHORITY\SYSTEM,,,,,,,,,,C:\Windows\Temp\F70774C7-6BAC-4E63-827D-5F66A5499576\api-ms-win-core-timezone-l1-1-0.dll,2026-06-03 07:29:58.506,,,,,,,,,,,,,,,,,,,,,,,,,,,,,,,,,,,,,,,DLL,C.4f04b5de911bf0cd,C.4f04b5de911bf0cd
1780491434416,,,,,,,,,,,2026-06-03 07:29:58.506," {f4ba3e13-d5b3-6a1f-3200-000000002300}",3056,C:\Program Files\Windows Defender\MsMpEng.exe,,,NT AUTHORITY\SYSTEM,,,,,,,,,,C:\Windows\Temp\F70774C7-6BAC-4E63-827D-5F66A5499576\api-ms-win-core-url-l1-1-0.dll,2026-06-03 07:29:58.506,,,,,,,,,,,,,,,,,,,,,,,,,,,,,,,,,,,,,,,DLL,C.4f04b5de911bf0cd,C.4f04b5de911bf0cd
1780491434416,,,,,,,,,,,2026-06-03 07:29:58.522," {f4ba3e13-d5b3-6a1f-3200-000000002300}",3056,C:\Program Files\Windows Defender\MsMpEng.exe,,,NT AUTHORITY\SYSTEM,,,,,,,,,,C:\Windows\Temp\F70774C7-6BAC-4E63-827D-5F66A5499576\api-ms-win-core-util-l1-1-0.dll,2026-06-03 07:29:58.522,,,,,,,,,,,,,,,,,,,,,,,,,,,,,,,,,,,,,,,DLL,C.4f04b5de911bf0cd,C.4f04b5de911bf0cd
1780491434416,,,,,,,,,,,2026-06-03 07:29:58.522," {f4ba3e13-d5b3-6a1f-3200-000000002300}",3056,C:\Program Files\Windows Defender\MsMpEng.exe,,,NT AUTHORITY\SYSTEM,,,,,,,,,,C:\Windows\Temp\F70774C7-6BAC-4E63-827D-5F66A5499576\api-ms-win-core-version-l1-1-0.dll,2026-06-03 07:29:58.522,,,,,,,,,,,,,,,,,,,,,,,,,,,,,,,,,,,,,,,DLL,C.4f04b5de911bf0cd,C.4f04b5de911bf0cd
1780491434416,,,,,,,,,,,2026-06-03 07:29:58.522," {f4ba3e13-d5b3-6a1f-3200-000000002300}",3056,C:\Program Files\Windows Defender\MsMpEng.exe,,,NT AUTHORITY\SYSTEM,,,,,,,,,,C:\Windows\Temp\F70774C7-6BAC-4E63-827D-5F66A5499576\api-ms-win-core-wow64-l1-1-0.dll,2026-06-03 07:29:58.522,,,,,,,,,,,,,,,,,,,,,,,,,,,,,,,,,,,,,,,DLL,C.4f04b5de911bf0cd,C.4f04b5de911bf0cd
1780491434416,,,,,,,,,,,2026-06-03 07:29:58.522," {f4ba3e13-d5b3-6a1f-3200-000000002300}",3056,C:\Program Files\Windows Defender\MsMpEng.exe,,,NT AUTHORITY\SYSTEM,,,,,,,,,,C:\Windows\Temp\F70774C7-6BAC-4E63-827D-5F66A5499576\api-ms-win-core-xstate-l1-1-0.dll,2026-06-03 07:29:58.522,,,,,,,,,,,,,,,,,,,,,,,,,,,,,,,,,,,,,,,DLL,C.4f04b5de911bf0cd,C.4f04b5de911bf0cd
1780491434416,,,,,,,,,,,2026-06-03 07:29:58.522," {f4ba3e13-d5b3-6a1f-3200-000000002300}",3056,C:\Program Files\Windows Defender\MsMpEng.exe,,,NT AUTHORITY\SYSTEM,,,,,,,,,,C:\Windows\Temp\F70774C7-6BAC-4E63-827D-5F66A5499576\API-MS-Win-core-xstate-l2-1-0.dll,2026-06-03 07:29:58.522,,,,,,,,,,,,,,,,,,,,,,,,,,,,,,,,,,,,,,,DLL,C.4f04b5de911bf0cd,C.4f04b5de911bf0cd
1780491434416,,,,,,,,,,,2026-06-03 07:29:58.522," {f4ba3e13-d5b3-6a1f-3200-000000002300}",3056,C:\Program Files\Windows Defender\MsMpEng.exe,,,NT AUTHORITY\SYSTEM,,,,,,,,,,C:\Windows\Temp\F70774C7-6BAC-4E63-827D-5F66A5499576\API-MS-Win-devices-config-L1-1-0.dll,2026-06-03 07:29:58.522,,,,,,,,,,,,,,,,,,,,,,,,,,,,,,,,,,,,,,,DLL,C.4f04b5de911bf0cd,C.4f04b5de911bf0cd
1780491434416,,,,,,,,,,,2026-06-03 07:29:58.522," {f4ba3e13-d5b3-6a1f-3200-000000002300}",3056,C:\Program Files\Windows Defender\MsMpEng.exe,,,NT AUTHORITY\SYSTEM,,,,,,,,,,C:\Windows\Temp\F70774C7-6BAC-4E63-827D-5F66A5499576\API-MS-Win-devices-config-L1-1-1.dll,2026-06-03 07:29:58.522,,,,,,,,,,,,,,,,,,,,,,,,,,,,,,,,,,,,,,,DLL,C.4f04b5de911bf0cd,C.4f04b5de911bf0cd
1780491434416,,,,,,,,,,,2026-06-03 07:29:58.537," {f4ba3e13-d5b3-6a1f-3200-000000002300}",3056,C:\Program Files\Windows Defender\MsMpEng.exe,,,NT AUTHORITY\SYSTEM,,,,,,,,,,C:\Windows\Temp\F70774C7-6BAC-4E63-827D-5F66A5499576\API-MS-Win-Eventing-ClassicProvider-L1-1-0.dll,2026-06-03 07:29:58.537,,,,,,,,,,,,,,,,,,,,,,,,,,,,,,,,,,,,,,,DLL,C.4f04b5de911bf0cd,C.4f04b5de911bf0cd
1780491434416,,,,,,,,,,,2026-06-03 07:29:58.539," {f4ba3e13-d5b3-6a1f-3200-000000002300}",3056,C:\Program Files\Windows Defender\MsMpEng.exe,,,NT AUTHORITY\SYSTEM,,,,,,,,,,C:\Windows\Temp\F70774C7-6BAC-4E63-827D-5F66A5499576\api-ms-win-eventing-consumer-l1-1-0.dll,2026-06-03 07:29:58.539,,,,,,,,,,,,,,,,,,,,,,,,,,,,,,,,,,,,,,,DLL,C.4f04b5de911bf0cd,C.4f04b5de911bf0cd
1780491434416,,,,,,,,,,,2026-06-03 07:29:58.540," {f4ba3e13-d5b3-6a1f-3200-000000002300}",3056,C:\Program Files\Windows Defender\MsMpEng.exe,,,NT AUTHORITY\SYSTEM,,,,,,,,,,C:\Windows\Temp\F70774C7-6BAC-4E63-827D-5F66A5499576\API-MS-Win-Eventing-Controller-L1-1-0.dll,2026-06-03 07:29:58.540,,,,,,,,,,,,,,,,,,,,,,,,,,,,,,,,,,,,,,,DLL,C.4f04b5de911bf0cd,C.4f04b5de911bf0cd
1780491434416,,,,,,,,,,,2026-06-03 07:29:58.542," {f4ba3e13-d5b3-6a1f-3200-000000002300}",3056,C:\Program Files\Windows Defender\MsMpEng.exe,,,NT AUTHORITY\SYSTEM,,,,,,,,,,C:\Windows\Temp\F70774C7-6BAC-4E63-827D-5F66A5499576\API-MS-Win-Eventing-Legacy-L1-1-0.dll,2026-06-03 07:29:58.542,,,,,,,,,,,,,,,,,,,,,,,,,,,,,,,,,,,,,,,DLL,C.4f04b5de911bf0cd,C.4f04b5de911bf0cd
1780491434416,,,,,,,,,,,2026-06-03 07:29:58.543," {f4ba3e13-d5b3-6a1f-3200-000000002300}",3056,C:\Program Files\Windows Defender\MsMpEng.exe,,,NT AUTHORITY\SYSTEM,,,,,,,,,,C:\Windows\Temp\F70774C7-6BAC-4E63-827D-5F66A5499576\API-MS-Win-Eventing-Provider-L1-1-0.dll,2026-06-03 07:29:58.543,,,,,,,,,,,,,,,,,,,,,,,,,,,,,,,,,,,,,,,DLL,C.4f04b5de911bf0cd,C.4f04b5de911bf0cd
1780491434416,,,,,,,,,,,2026-06-03 07:29:58.545," {f4ba3e13-d5b3-6a1f-3200-000000002300}",3056,C:\Program Files\Windows Defender\MsMpEng.exe,,,NT AUTHORITY\SYSTEM,,,,,,,,,,C:\Windows\Temp\F70774C7-6BAC-4E63-827D-5F66A5499576\API-MS-Win-EventLog-Legacy-L1-1-0.dll,2026-06-03 07:29:58.545,,,,,,,,,,,,,,,,,,,,,,,,,,,,,,,,,,,,,,,DLL,C.4f04b5de911bf0cd,C.4f04b5de911bf0cd
1780491434416,,,,,,,,,,,2026-06-03 07:29:58.547," {f4ba3e13-d5b3-6a1f-3200-000000002300}",3056,C:\Program Files\Windows Defender\MsMpEng.exe,,,NT AUTHORITY\SYSTEM,,,,,,,,,,C:\Windows\Temp\F70774C7-6BAC-4E63-827D-5F66A5499576\api-ms-win-security-base-l1-1-0.dll,2026-06-03 07:29:58.547,,,,,,,,,,,,,,,,,,,,,,,,,,,,,,,,,,,,,,,DLL,C.4f04b5de911bf0cd,C.4f04b5de911bf0cd
1780491434416,,,,,,,,,,,2026-06-03 07:29:58.548," {f4ba3e13-d5b3-6a1f-3200-000000002300}",3056,C:\Program Files\Windows Defender\MsMpEng.exe,,,NT AUTHORITY\SYSTEM,,,,,,,,,,C:\Windows\Temp\F70774C7-6BAC-4E63-827D-5F66A5499576\api-ms-win-security-cryptoapi-l1-1-0.dll,2026-06-03 07:29:58.548,,,,,,,,,,,,,,,,,,,,,,,,,,,,,,,,,,,,,,,DLL,C.4f04b5de911bf0cd,C.4f04b5de911bf0cd
1780491434416,,,,,,,,,,,2026-06-03 07:29:58.548," {f4ba3e13-d5b3-6a1f-3200-000000002300}",3056,C:\Program Files\Windows Defender\MsMpEng.exe,,,NT AUTHORITY\SYSTEM,,,,,,,,,,C:\Windows\Temp\F70774C7-6BAC-4E63-827D-5F66A5499576\API-MS-Win-Security-Lsalookup-L2-1-0.dll,2026-06-03 07:29:58.548,,,,,,,,,,,,,,,,,,,,,,,,,,,,,,,,,,,,,,,DLL,C.4f04b5de911bf0cd,C.4f04b5de911bf0cd
1780491434416,,,,,,,,,,,2026-06-03 07:29:58.548," {f4ba3e13-d5b3-6a1f-3200-000000002300}",3056,C:\Program Files\Windows Defender\MsMpEng.exe,,,NT AUTHORITY\SYSTEM,,,,,,,,,,C:\Windows\Temp\F70774C7-6BAC-4E63-827D-5F66A5499576\API-MS-Win-Security-Lsalookup-L2-1-1.dll,2026-06-03 07:29:58.548,,,,,,,,,,,,,,,,,,,,,,,,,,,,,,,,,,,,,,,DLL,C.4f04b5de911bf0cd,C.4f04b5de911bf0cd
1780491434416,,,,,,,,,,,2026-06-03 07:29:58.548," {f4ba3e13-d5b3-6a1f-3200-000000002300}",3056,C:\Program Files\Windows Defender\MsMpEng.exe,,,NT AUTHORITY\SYSTEM,,,,,,,,,,C:\Windows\Temp\F70774C7-6BAC-4E63-827D-5F66A5499576\API-MS-Win-security-lsapolicy-l1-1-0.dll,2026-06-03 07:29:58.548,,,,,,,,,,,,,,,,,,,,,,,,,,,,,,,,,,,,,,,DLL,C.4f04b5de911bf0cd,C.4f04b5de911bf0cd
1780491434416,,,,,,,,,,,2026-06-03 07:29:58.548," {f4ba3e13-d5b3-6a1f-3200-000000002300}",3056,C:\Program Files\Windows Defender\MsMpEng.exe,,,NT AUTHORITY\SYSTEM,,,,,,,,,,C:\Windows\Temp\F70774C7-6BAC-4E63-827D-5F66A5499576\API-MS-Win-security-provider-L1-1-0.dll,2026-06-03 07:29:58.548,,,,,,,,,,,,,,,,,,,,,,,,,,,,,,,,,,,,,,,DLL,C.4f04b5de911bf0cd,C.4f04b5de911bf0cd
1780491434416,,,,,,,,,,,2026-06-03 07:29:58.548," {f4ba3e13-d5b3-6a1f-3200-000000002300}",3056,C:\Program Files\Windows Defender\MsMpEng.exe,,,NT AUTHORITY\SYSTEM,,,,,,,,,,C:\Windows\Temp\F70774C7-6BAC-4E63-827D-5F66A5499576\api-ms-win-security-sddl-l1-1-0.dll,2026-06-03 07:29:58.548,,,,,,,,,,,,,,,,,,,,,,,,,,,,,,,,,,,,,,,DLL,C.4f04b5de911bf0cd,C.4f04b5de911bf0cd
1780491434416,,,,,,,,,,,2026-06-03 07:29:58.548," {f4ba3e13-d5b3-6a1f-3200-000000002300}",3056,C:\Program Files\Windows Defender\MsMpEng.exe,,,NT AUTHORITY\SYSTEM,,,,,,,,,,C:\Windows\Temp\F70774C7-6BAC-4E63-827D-5F66A5499576\api-ms-win-service-core-l1-1-0.dll,2026-06-03 07:29:58.548,,,,,,,,,,,,,,,,,,,,,,,,,,,,,,,,,,,,,,,DLL,C.4f04b5de911bf0cd,C.4f04b5de911bf0cd
1780491434416,,,,,,,,,,,2026-06-03 07:29:58.548," {f4ba3e13-d5b3-6a1f-3200-000000002300}",3056,C:\Program Files\Windows Defender\MsMpEng.exe,,,NT AUTHORITY\SYSTEM,,,,,,,,,,C:\Windows\Temp\F70774C7-6BAC-4E63-827D-5F66A5499576\api-ms-win-service-core-l1-1-1.dll,2026-06-03 07:29:58.548,,,,,,,,,,,,,,,,,,,,,,,,,,,,,,,,,,,,,,,DLL,C.4f04b5de911bf0cd,C.4f04b5de911bf0cd
1780491434416,,,,,,,,,,,2026-06-03 07:29:58.548," {f4ba3e13-d5b3-6a1f-3200-000000002300}",3056,C:\Program Files\Windows Defender\MsMpEng.exe,,,NT AUTHORITY\SYSTEM,,,,,,,,,,C:\Windows\Temp\F70774C7-6BAC-4E63-827D-5F66A5499576\api-ms-win-service-management-l1-1-0.dll,2026-06-03 07:29:58.548,,,,,,,,,,,,,,,,,,,,,,,,,,,,,,,,,,,,,,,DLL,C.4f04b5de911bf0cd,C.4f04b5de911bf0cd
1780491434416,,,,,,,,,,,2026-06-03 07:29:58.548," {f4ba3e13-d5b3-6a1f-3200-000000002300}",3056,C:\Program Files\Windows Defender\MsMpEng.exe,,,NT AUTHORITY\SYSTEM,,,,,,,,,,C:\Windows\Temp\F70774C7-6BAC-4E63-827D-5F66A5499576\api-ms-win-service-management-l2-1-0.dll,2026-06-03 07:29:58.548,,,,,,,,,,,,,,,,,,,,,,,,,,,,,,,,,,,,,,,DLL,C.4f04b5de911bf0cd,C.4f04b5de911bf0cd
1780491434416,,,,,,,,,,,2026-06-03 07:29:58.564," {f4ba3e13-d5b3-6a1f-3200-000000002300}",3056,C:\Program Files\Windows Defender\MsMpEng.exe,,,NT AUTHORITY\SYSTEM,,,,,,,,,,C:\Windows\Temp\F70774C7-6BAC-4E63-827D-5F66A5499576\api-ms-win-service-private-l1-1-0.dll,2026-06-03 07:29:58.564,,,,,,,,,,,,,,,,,,,,,,,,,,,,,,,,,,,,,,,DLL,C.4f04b5de911bf0cd,C.4f04b5de911bf0cd
1780491434416,,,,,,,,,,,2026-06-03 07:29:58.564," {f4ba3e13-d5b3-6a1f-3200-000000002300}",3056,C:\Program Files\Windows Defender\MsMpEng.exe,,,NT AUTHORITY\SYSTEM,,,,,,,,,,C:\Windows\Temp\F70774C7-6BAC-4E63-827D-5F66A5499576\api-ms-win-service-private-l1-1-1.dll,2026-06-03 07:29:58.564,,,,,,,,,,,,,,,,,,,,,,,,,,,,,,,,,,,,,,,DLL,C.4f04b5de911bf0cd,C.4f04b5de911bf0cd
1780491434416,,,,,,,,,,,2026-06-03 07:29:58.564," {f4ba3e13-d5b3-6a1f-3200-000000002300}",3056,C:\Program Files\Windows Defender\MsMpEng.exe,,,NT AUTHORITY\SYSTEM,,,,,,,,,,C:\Windows\Temp\F70774C7-6BAC-4E63-827D-5F66A5499576\api-ms-win-service-winsvc-l1-1-0.dll,2026-06-03 07:29:58.564,,,,,,,,,,,,,,,,,,,,,,,,,,,,,,,,,,,,,,,DLL,C.4f04b5de911bf0cd,C.4f04b5de911bf0cd
1780491434416,,,,,,,,,,,2026-06-03 07:29:58.564," {f4ba3e13-d5b3-6a1f-3200-000000002300}",3056,C:\Program Files\Windows Defender\MsMpEng.exe,,,NT AUTHORITY\SYSTEM,,,,,,,,,,C:\Windows\Temp\08602CAC-7F00-48AF-B64B-8CA30431A4DA\AppxProvider.dll,2026-06-03 07:29:58.564,,,,,,,,,,,,,,,,,,,,,,,,,,,,,,,,,,,,,,,DLL,C.4f04b5de911bf0cd,C.4f04b5de911bf0cd
1780491434416,,,,,,,,,,,2026-06-03 07:29:58.564," {f4ba3e13-d5b3-6a1f-3200-000000002300}",3056,C:\Program Files\Windows Defender\MsMpEng.exe,,,NT AUTHORITY\SYSTEM,,,,,,,,,,C:\Windows\Temp\08602CAC-7F00-48AF-B64B-8CA30431A4DA\AssocProvider.dll,2026-06-03 07:29:58.564,,,,,,,,,,,,,,,,,,,,,,,,,,,,,,,,,,,,,,,DLL,C.4f04b5de911bf0cd,C.4f04b5de911bf0cd
1780491434416,,,,,,,,,,,2026-06-03 07:29:58.580," {f4ba3e13-d5b3-6a1f-3200-000000002300}",3056,C:\Program Files\Windows Defender\MsMpEng.exe,,,NT AUTHORITY\SYSTEM,,,,,,,,,,C:\Windows\Temp\08602CAC-7F00-48AF-B64B-8CA30431A4DA\CbsProvider.dll,2026-06-03 07:29:58.580,,,,,,,,,,,,,,,,,,,,,,,,,,,,,,,,,,,,,,,DLL,C.4f04b5de911bf0cd,C.4f04b5de911bf0cd
1780491434416,,,,,,,,,,,2026-06-03 07:29:58.580," {f4ba3e13-d5b3-6a1f-3200-000000002300}",3056,C:\Program Files\Windows Defender\MsMpEng.exe,,,NT AUTHORITY\SYSTEM,,,,,,,,,,C:\Windows\Temp\08602CAC-7F00-48AF-B64B-8CA30431A4DA\CompatProvider.dll,2026-06-03 07:29:58.580,,,,,,,,,,,,,,,,,,,,,,,,,,,,,,,,,,,,,,,DLL,C.4f04b5de911bf0cd,C.4f04b5de911bf0cd
1780491434416,,,,,,,,,,,2026-06-03 07:29:58.580," {f4ba3e13-d5b3-6a1f-3200-000000002300}",3056,C:\Program Files\Windows Defender\MsMpEng.exe,,,NT AUTHORITY\SYSTEM,,,,,,,,,,C:\Windows\Temp\08602CAC-7F00-48AF-B64B-8CA30431A4DA\DismCore.dll,2026-06-03 07:29:58.580,,,,,,,,,,,,,,,,,,,,,,,,,,,,,,,,,,,,,,,DLL,C.4f04b5de911bf0cd,C.4f04b5de911bf0cd
1780491434416,,,,,,,,,,,2026-06-03 07:29:58.580," {f4ba3e13-d5b3-6a1f-3200-000000002300}",3056,C:\Program Files\Windows Defender\MsMpEng.exe,,,NT AUTHORITY\SYSTEM,,,,,,,,,,C:\Windows\Temp\08602CAC-7F00-48AF-B64B-8CA30431A4DA\DismCorePS.dll,2026-06-03 07:29:58.580,,,,,,,,,,,,,,,,,,,,,,,,,,,,,,,,,,,,,,,DLL,C.4f04b5de911bf0cd,C.4f04b5de911bf0cd
1780491434416,,,,,,,,,,,2026-06-03 07:29:58.580," {f4ba3e13-d5b3-6a1f-3200-000000002300}",3056,C:\Program Files\Windows Defender\MsMpEng.exe,,,NT AUTHORITY\SYSTEM,,,,,,,,,,C:\Windows\Temp\08602CAC-7F00-48AF-B64B-8CA30431A4DA\DismHost.exe,2026-06-03 07:29:58.580,,,,,,,,,,,,,,,,,,,,,,,,,,,,,,,,,,,,,,,EXE,C.4f04b5de911bf0cd,C.4f04b5de911bf0cd
1780491434416,,,,,,,,,,,2026-06-03 07:29:58.580," {f4ba3e13-d5b3-6a1f-3200-000000002300}",3056,C:\Program Files\Windows Defender\MsMpEng.exe,,,NT AUTHORITY\SYSTEM,,,,,,,,,,C:\Windows\Temp\08602CAC-7F00-48AF-B64B-8CA30431A4DA\DismProv.dll,2026-06-03 07:29:58.580,,,,,,,,,,,,,,,,,,,,,,,,,,,,,,,,,,,,,,,DLL,C.4f04b5de911bf0cd,C.4f04b5de911bf0cd
1780491434416,,,,,,,,,,,2026-06-03 07:29:58.580," {f4ba3e13-d5b3-6a1f-3200-000000002300}",3056,C:\Program Files\Windows Defender\MsMpEng.exe,,,NT AUTHORITY\SYSTEM,,,,,,,,,,C:\Windows\Temp\08602CAC-7F00-48AF-B64B-8CA30431A4DA\DmiProvider.dll,2026-06-03 07:29:58.580,,,,,,,,,,,,,,,,,,,,,,,,,,,,,,,,,,,,,,,DLL,C.4f04b5de911bf0cd,C.4f04b5de911bf0cd
1780491434416,,,,,,,,,,,2026-06-03 07:29:58.658," {f4ba3e13-d5b3-6a1f-3200-000000002300}",3056,C:\Program Files\Windows Defender\MsMpEng.exe,,,NT AUTHORITY\SYSTEM,,,,,,,,,,C:\Windows\Temp\08602CAC-7F00-48AF-B64B-8CA30431A4DA\FfuProvider.dll,2026-06-03 07:29:58.658,,,,,,,,,,,,,,,,,,,,,,,,,,,,,,,,,,,,,,,DLL,C.4f04b5de911bf0cd,C.4f04b5de911bf0cd
1780491434416,,,,,,,,,,,2026-06-03 07:29:58.658," {f4ba3e13-d5b3-6a1f-3200-000000002300}",3056,C:\Program Files\Windows Defender\MsMpEng.exe,,,NT AUTHORITY\SYSTEM,,,,,,,,,,C:\Windows\Temp\08602CAC-7F00-48AF-B64B-8CA30431A4DA\FolderProvider.dll,2026-06-03 07:29:58.658,,,,,,,,,,,,,,,,,,,,,,,,,,,,,,,,,,,,,,,DLL,C.4f04b5de911bf0cd,C.4f04b5de911bf0cd
1780491434416,,,,,,,,,,,2026-06-03 07:29:58.674," {f4ba3e13-d5b3-6a1f-3200-000000002300}",3056,C:\Program Files\Windows Defender\MsMpEng.exe,,,NT AUTHORITY\SYSTEM,,,,,,,,,,C:\Windows\Temp\08602CAC-7F00-48AF-B64B-8CA30431A4DA\GenericProvider.dll,2026-06-03 07:29:58.674,,,,,,,,,,,,,,,,,,,,,,,,,,,,,,,,,,,,,,,DLL,C.4f04b5de911bf0cd,C.4f04b5de911bf0cd
1780491434416,,,,,,,,,,,2026-06-03 07:29:58.676," {f4ba3e13-d5b3-6a1f-3200-000000002300}",3056,C:\Program Files\Windows Defender\MsMpEng.exe,,,NT AUTHORITY\SYSTEM,,,,,,,,,,C:\Windows\Temp\08602CAC-7F00-48AF-B64B-8CA30431A4DA\IBSProvider.dll,2026-06-03 07:29:58.676,,,,,,,,,,,,,,,,,,,,,,,,,,,,,,,,,,,,,,,DLL,C.4f04b5de911bf0cd,C.4f04b5de911bf0cd
1780491434416,,,,,,,,,,,2026-06-03 07:29:58.678," {f4ba3e13-d5b3-6a1f-3200-000000002300}",3056,C:\Program Files\Windows Defender\MsMpEng.exe,,,NT AUTHORITY\SYSTEM,,,,,,,,,,C:\Windows\Temp\08602CAC-7F00-48AF-B64B-8CA30431A4DA\ImagingProvider.dll,2026-06-03 07:29:58.678,,,,,,,,,,,,,,,,,,,,,,,,,,,,,,,,,,,,,,,DLL,C.4f04b5de911bf0cd,C.4f04b5de911bf0cd
1780491434416,,,,,,,,,,,2026-06-03 07:29:58.680," {f4ba3e13-d5b3-6a1f-3200-000000002300}",3056,C:\Program Files\Windows Defender\MsMpEng.exe,,,NT AUTHORITY\SYSTEM,,,,,,,,,,C:\Windows\Temp\08602CAC-7F00-48AF-B64B-8CA30431A4DA\IntlProvider.dll,2026-06-03 07:29:58.680,,,,,,,,,,,,,,,,,,,,,,,,,,,,,,,,,,,,,,,DLL,C.4f04b5de911bf0cd,C.4f04b5de911bf0cd
1780491434416,,,,,,,,,,,2026-06-03 07:29:58.682," {f4ba3e13-d5b3-6a1f-3200-000000002300}",3056,C:\Program Files\Windows Defender\MsMpEng.exe,,,NT AUTHORITY\SYSTEM,,,,,,,,,,C:\Windows\Temp\08602CAC-7F00-48AF-B64B-8CA30431A4DA\LogProvider.dll,2026-06-03 07:29:58.682,,,,,,,,,,,,,,,,,,,,,,,,,,,,,,,,,,,,,,,DLL,C.4f04b5de911bf0cd,C.4f04b5de911bf0cd
1780491434416,,,,,,,,,,,2026-06-03 07:29:58.684," {f4ba3e13-d5b3-6a1f-3200-000000002300}",3056,C:\Program Files\Windows Defender\MsMpEng.exe,,,NT AUTHORITY\SYSTEM,,,,,,,,,,C:\Windows\Temp\08602CAC-7F00-48AF-B64B-8CA30431A4DA\MsiProvider.dll,2026-06-03 07:29:58.684,,,,,,,,,,,,,,,,,,,,,,,,,,,,,,,,,,,,,,,DLL,C.4f04b5de911bf0cd,C.4f04b5de911bf0cd
1780491434416,,,,,,,,,,,2026-06-03 07:29:58.686," {f4ba3e13-d5b3-6a1f-3200-000000002300}",3056,C:\Program Files\Windows Defender\MsMpEng.exe,,,NT AUTHORITY\SYSTEM,,,,,,,,,,C:\Windows\Temp\08602CAC-7F00-48AF-B64B-8CA30431A4DA\OfflineSetupProvider.dll,2026-06-03 07:29:58.686,,,,,,,,,,,,,,,,,,,,,,,,,,,,,,,,,,,,,,,DLL,C.4f04b5de911bf0cd,C.4f04b5de911bf0cd
1780491434416,,,,,,,,,,,2026-06-03 07:29:58.689," {f4ba3e13-d5b3-6a1f-3200-000000002300}",3056,C:\Program Files\Windows Defender\MsMpEng.exe,,,NT AUTHORITY\SYSTEM,,,,,,,,,,C:\Windows\Temp\08602CAC-7F00-48AF-B64B-8CA30431A4DA\OSProvider.dll,2026-06-03 07:29:58.688,,,,,,,,,,,,,,,,,,,,,,,,,,,,,,,,,,,,,,,DLL,C.4f04b5de911bf0cd,C.4f04b5de911bf0cd
1780491434416,,,,,,,,,,,2026-06-03 07:29:58.690," {f4ba3e13-d5b3-6a1f-3200-000000002300}",3056,C:\Program Files\Windows Defender\MsMpEng.exe,,,NT AUTHORITY\SYSTEM,,,,,,,,,,C:\Windows\Temp\08602CAC-7F00-48AF-B64B-8CA30431A4DA\ProvProvider.dll,2026-06-03 07:29:58.690,,,,,,,,,,,,,,,,,,,,,,,,,,,,,,,,,,,,,,,DLL,C.4f04b5de911bf0cd,C.4f04b5de911bf0cd
1780491434416,,,,,,,,,,,2026-06-03 07:29:58.693," {f4ba3e13-d5b3-6a1f-3200-000000002300}",3056,C:\Program Files\Windows Defender\MsMpEng.exe,,,NT AUTHORITY\SYSTEM,,,,,,,,,,C:\Windows\Temp\08602CAC-7F00-48AF-B64B-8CA30431A4DA\SmiProvider.dll,2026-06-03 07:29:58.693,,,,,,,,,,,,,,,,,,,,,,,,,,,,,,,,,,,,,,,DLL,C.4f04b5de911bf0cd,C.4f04b5de911bf0cd
1780491434416,,,,,,,,,,,2026-06-03 07:29:58.694," {f4ba3e13-d5b3-6a1f-3200-000000002300}",3056,C:\Program Files\Windows Defender\MsMpEng.exe,,,NT AUTHORITY\SYSTEM,,,,,,,,,,C:\Windows\Temp\08602CAC-7F00-48AF-B64B-8CA30431A4DA\TransmogProvider.dll,2026-06-03 07:29:58.694,,,,,,,,,,,,,,,,,,,,,,,,,,,,,,,,,,,,,,,DLL,C.4f04b5de911bf0cd,C.4f04b5de911bf0cd
1780491434416,,,,,,,,,,,2026-06-03 07:29:58.694," {f4ba3e13-d5b3-6a1f-3200-000000002300}",3056,C:\Program Files\Windows Defender\MsMpEng.exe,,,NT AUTHORITY\SYSTEM,,,,,,,,,,C:\Windows\Temp\08602CAC-7F00-48AF-B64B-8CA30431A4DA\UnattendProvider.dll,2026-06-03 07:29:58.694,,,,,,,,,,,,,,,,,,,,,,,,,,,,,,,,,,,,,,,DLL,C.4f04b5de911bf0cd,C.4f04b5de911bf0cd
1780491434416,,,,,,,,,,,2026-06-03 07:29:58.694," {f4ba3e13-d5b3-6a1f-3200-000000002300}",3056,C:\Program Files\Windows Defender\MsMpEng.exe,,,NT AUTHORITY\SYSTEM,,,,,,,,,,C:\Windows\Temp\08602CAC-7F00-48AF-B64B-8CA30431A4DA\VhdProvider.dll,2026-06-03 07:29:58.694,,,,,,,,,,,,,,,,,,,,,,,,,,,,,,,,,,,,,,,DLL,C.4f04b5de911bf0cd,C.4f04b5de911bf0cd
1780491434416,,,,,,,,,,,2026-06-03 07:29:58.694," {f4ba3e13-d5b3-6a1f-3200-000000002300}",3056,C:\Program Files\Windows Defender\MsMpEng.exe,,,NT AUTHORITY\SYSTEM,,,,,,,,,,C:\Windows\Temp\08602CAC-7F00-48AF-B64B-8CA30431A4DA\WimProvider.dll,2026-06-03 07:29:58.694,,,,,,,,,,,,,,,,,,,,,,,,,,,,,,,,,,,,,,,DLL,C.4f04b5de911bf0cd,C.4f04b5de911bf0cd
1780491434416,,,,,,,,,,,2026-06-03 07:29:58.694," {f4ba3e13-d5b3-6a1f-3200-000000002300}",3056,C:\Program Files\Windows Defender\MsMpEng.exe,,,NT AUTHORITY\SYSTEM,,,,,,,,,,C:\Windows\Temp\08602CAC-7F00-48AF-B64B-8CA30431A4DA\api-ms-win-base-util-l1-1-0.dll,2026-06-03 07:29:58.694,,,,,,,,,,,,,,,,,,,,,,,,,,,,,,,,,,,,,,,DLL,C.4f04b5de911bf0cd,C.4f04b5de911bf0cd
1780491434416,,,,,,,,,,,2026-06-03 07:29:58.709," {f4ba3e13-d5b3-6a1f-3200-000000002300}",3056,C:\Program Files\Windows Defender\MsMpEng.exe,,,NT AUTHORITY\SYSTEM,,,,,,,,,,C:\Windows\Temp\08602CAC-7F00-48AF-B64B-8CA30431A4DA\api-ms-win-core-com-l1-1-0.dll,2026-06-03 07:29:58.709,,,,,,,,,,,,,,,,,,,,,,,,,,,,,,,,,,,,,,,DLL,C.4f04b5de911bf0cd,C.4f04b5de911bf0cd
1780491434416,,,,,,,,,,,2026-06-03 07:29:58.709," {f4ba3e13-d5b3-6a1f-3200-000000002300}",3056,C:\Program Files\Windows Defender\MsMpEng.exe,,,NT AUTHORITY\SYSTEM,,,,,,,,,,C:\Windows\Temp\08602CAC-7F00-48AF-B64B-8CA30431A4DA\api-ms-win-core-comm-l1-1-0.dll,2026-06-03 07:29:58.709,,,,,,,,,,,,,,,,,,,,,,,,,,,,,,,,,,,,,,,DLL,C.4f04b5de911bf0cd,C.4f04b5de911bf0cd
1780491434416,,,,,,,,,,,2026-06-03 07:29:58.709," {f4ba3e13-d5b3-6a1f-3200-000000002300}",3056,C:\Program Files\Windows Defender\MsMpEng.exe,,,NT AUTHORITY\SYSTEM,,,,,,,,,,C:\Windows\Temp\08602CAC-7F00-48AF-B64B-8CA30431A4DA\api-ms-win-core-console-l1-1-0.dll,2026-06-03 07:29:58.709,,,,,,,,,,,,,,,,,,,,,,,,,,,,,,,,,,,,,,,DLL,C.4f04b5de911bf0cd,C.4f04b5de911bf0cd
1780491434416,,,,,,,,,,,2026-06-03 07:29:58.709," {f4ba3e13-d5b3-6a1f-3200-000000002300}",3056,C:\Program Files\Windows Defender\MsMpEng.exe,,,NT AUTHORITY\SYSTEM,,,,,,,,,,C:\Windows\Temp\08602CAC-7F00-48AF-B64B-8CA30431A4DA\api-ms-win-core-datetime-l1-1-0.dll,2026-06-03 07:29:58.709,,,,,,,,,,,,,,,,,,,,,,,,,,,,,,,,,,,,,,,DLL,C.4f04b5de911bf0cd,C.4f04b5de911bf0cd
1780491434416,,,,,,,,,,,2026-06-03 07:29:58.709," {f4ba3e13-d5b3-6a1f-3200-000000002300}",3056,C:\Program Files\Windows Defender\MsMpEng.exe,,,NT AUTHORITY\SYSTEM,,,,,,,,,,C:\Windows\Temp\08602CAC-7F00-48AF-B64B-8CA30431A4DA\api-ms-win-core-datetime-l1-1-1.dll,2026-06-03 07:29:58.709,,,,,,,,,,,,,,,,,,,,,,,,,,,,,,,,,,,,,,,DLL,C.4f04b5de911bf0cd,C.4f04b5de911bf0cd
1780491434416,,,,,,,,,,,2026-06-03 07:29:58.709," {f4ba3e13-d5b3-6a1f-3200-000000002300}",3056,C:\Program Files\Windows Defender\MsMpEng.exe,,,NT AUTHORITY\SYSTEM,,,,,,,,,,C:\Windows\Temp\08602CAC-7F00-48AF-B64B-8CA30431A4DA\api-ms-win-core-debug-l1-1-0.dll,2026-06-03 07:29:58.709,,,,,,,,,,,,,,,,,,,,,,,,,,,,,,,,,,,,,,,DLL,C.4f04b5de911bf0cd,C.4f04b5de911bf0cd
1780491434416,,,,,,,,,,,2026-06-03 07:29:58.709," {f4ba3e13-d5b3-6a1f-3200-000000002300}",3056,C:\Program Files\Windows Defender\MsMpEng.exe,,,NT AUTHORITY\SYSTEM,,,,,,,,,,C:\Windows\Temp\08602CAC-7F00-48AF-B64B-8CA30431A4DA\api-ms-win-core-debug-l1-1-1.dll,2026-06-03 07:29:58.709,,,,,,,,,,,,,,,,,,,,,,,,,,,,,,,,,,,,,,,DLL,C.4f04b5de911bf0cd,C.4f04b5de911bf0cd
1780491434416,,,,,,,,,,,2026-06-03 07:29:58.709," {f4ba3e13-d5b3-6a1f-3200-000000002300}",3056,C:\Program Files\Windows Defender\MsMpEng.exe,,,NT AUTHORITY\SYSTEM,,,,,,,,,,C:\Windows\Temp\08602CAC-7F00-48AF-B64B-8CA30431A4DA\api-ms-win-core-delayload-l1-1-0.dll,2026-06-03 07:29:58.709,,,,,,,,,,,,,,,,,,,,,,,,,,,,,,,,,,,,,,,DLL,C.4f04b5de911bf0cd,C.4f04b5de911bf0cd
1780491434416,,,,,,,,,,,2026-06-03 07:29:58.709," {f4ba3e13-d5b3-6a1f-3200-000000002300}",3056,C:\Program Files\Windows Defender\MsMpEng.exe,,,NT AUTHORITY\SYSTEM,,,,,,,,,,C:\Windows\Temp\08602CAC-7F00-48AF-B64B-8CA30431A4DA\api-ms-win-core-errorhandling-l1-1-0.dll,2026-06-03 07:29:58.709,,,,,,,,,,,,,,,,,,,,,,,,,,,,,,,,,,,,,,,DLL,C.4f04b5de911bf0cd,C.4f04b5de911bf0cd
1780491434416,,,,,,,,,,,2026-06-03 07:29:58.725," {f4ba3e13-d5b3-6a1f-3200-000000002300}",3056,C:\Program Files\Windows Defender\MsMpEng.exe,,,NT AUTHORITY\SYSTEM,,,,,,,,,,C:\Windows\Temp\08602CAC-7F00-48AF-B64B-8CA30431A4DA\api-ms-win-core-errorhandling-l1-1-1.dll,2026-06-03 07:29:58.725,,,,,,,,,,,,,,,,,,,,,,,,,,,,,,,,,,,,,,,DLL,C.4f04b5de911bf0cd,C.4f04b5de911bf0cd
1780491434416,,,,,,,,,,,2026-06-03 07:29:58.725," {f4ba3e13-d5b3-6a1f-3200-000000002300}",3056,C:\Program Files\Windows Defender\MsMpEng.exe,,,NT AUTHORITY\SYSTEM,,,,,,,,,,C:\Windows\Temp\08602CAC-7F00-48AF-B64B-8CA30431A4DA\api-ms-win-core-fibers-l1-1-0.dll,2026-06-03 07:29:58.725,,,,,,,,,,,,,,,,,,,,,,,,,,,,,,,,,,,,,,,DLL,C.4f04b5de911bf0cd,C.4f04b5de911bf0cd
1780491434416,,,,,,,,,,,2026-06-03 07:29:58.725," {f4ba3e13-d5b3-6a1f-3200-000000002300}",3056,C:\Program Files\Windows Defender\MsMpEng.exe,,,NT AUTHORITY\SYSTEM,,,,,,,,,,C:\Windows\Temp\08602CAC-7F00-48AF-B64B-8CA30431A4DA\api-ms-win-core-fibers-l1-1-1.dll,2026-06-03 07:29:58.725,,,,,,,,,,,,,,,,,,,,,,,,,,,,,,,,,,,,,,,DLL,C.4f04b5de911bf0cd,C.4f04b5de911bf0cd
1780491434416,,,,,,,,,,,2026-06-03 07:29:58.725," {f4ba3e13-d5b3-6a1f-3200-000000002300}",3056,C:\Program Files\Windows Defender\MsMpEng.exe,,,NT AUTHORITY\SYSTEM,,,,,,,,,,C:\Windows\Temp\08602CAC-7F00-48AF-B64B-8CA30431A4DA\api-ms-win-core-file-l1-1-0.dll,2026-06-03 07:29:58.725,,,,,,,,,,,,,,,,,,,,,,,,,,,,,,,,,,,,,,,DLL,C.4f04b5de911bf0cd,C.4f04b5de911bf0cd
1780491434416,,,,,,,,,,,2026-06-03 07:29:58.725," {f4ba3e13-d5b3-6a1f-3200-000000002300}",3056,C:\Program Files\Windows Defender\MsMpEng.exe,,,NT AUTHORITY\SYSTEM,,,,,,,,,,C:\Windows\Temp\08602CAC-7F00-48AF-B64B-8CA30431A4DA\api-ms-win-core-file-l1-2-0.dll,2026-06-03 07:29:58.725,,,,,,,,,,,,,,,,,,,,,,,,,,,,,,,,,,,,,,,DLL,C.4f04b5de911bf0cd,C.4f04b5de911bf0cd
1780491434416,,,,,,,,,,,2026-06-03 07:29:58.741," {f4ba3e13-d5b3-6a1f-3200-000000002300}",3056,C:\Program Files\Windows Defender\MsMpEng.exe,,,NT AUTHORITY\SYSTEM,,,,,,,,,,C:\Windows\Temp\08602CAC-7F00-48AF-B64B-8CA30431A4DA\api-ms-win-core-file-l1-2-1.dll,2026-06-03 07:29:58.741,,,,,,,,,,,,,,,,,,,,,,,,,,,,,,,,,,,,,,,DLL,C.4f04b5de911bf0cd,C.4f04b5de911bf0cd
1780491434416,,,,,,,,,,,2026-06-03 07:29:58.741," {f4ba3e13-d5b3-6a1f-3200-000000002300}",3056,C:\Program Files\Windows Defender\MsMpEng.exe,,,NT AUTHORITY\SYSTEM,,,,,,,,,,C:\Windows\Temp\08602CAC-7F00-48AF-B64B-8CA30431A4DA\API-MS-Win-core-file-l2-1-0.dll,2026-06-03 07:29:58.741,,,,,,,,,,,,,,,,,,,,,,,,,,,,,,,,,,,,,,,DLL,C.4f04b5de911bf0cd,C.4f04b5de911bf0cd
1780491434416,,,,,,,,,,,2026-06-03 07:29:58.741," {f4ba3e13-d5b3-6a1f-3200-000000002300}",3056,C:\Program Files\Windows Defender\MsMpEng.exe,,,NT AUTHORITY\SYSTEM,,,,,,,,,,C:\Windows\Temp\08602CAC-7F00-48AF-B64B-8CA30431A4DA\API-MS-Win-core-file-l2-1-1.dll,2026-06-03 07:29:58.741,,,,,,,,,,,,,,,,,,,,,,,,,,,,,,,,,,,,,,,DLL,C.4f04b5de911bf0cd,C.4f04b5de911bf0cd
1780491434416,,,,,,,,,,,2026-06-03 07:29:58.741," {f4ba3e13-d5b3-6a1f-3200-000000002300}",3056,C:\Program Files\Windows Defender\MsMpEng.exe,,,NT AUTHORITY\SYSTEM,,,,,,,,,,C:\Windows\Temp\08602CAC-7F00-48AF-B64B-8CA30431A4DA\api-ms-win-core-handle-l1-1-0.dll,2026-06-03 07:29:58.741,,,,,,,,,,,,,,,,,,,,,,,,,,,,,,,,,,,,,,,DLL,C.4f04b5de911bf0cd,C.4f04b5de911bf0cd
1780491434416,,,,,,,,,,,2026-06-03 07:29:58.741," {f4ba3e13-d5b3-6a1f-3200-000000002300}",3056,C:\Program Files\Windows Defender\MsMpEng.exe,,,NT AUTHORITY\SYSTEM,,,,,,,,,,C:\Windows\Temp\08602CAC-7F00-48AF-B64B-8CA30431A4DA\api-ms-win-core-heap-l1-1-0.dll,2026-06-03 07:29:58.741,,,,,,,,,,,,,,,,,,,,,,,,,,,,,,,,,,,,,,,DLL,C.4f04b5de911bf0cd,C.4f04b5de911bf0cd
1780491434416,,,,,,,,,,,2026-06-03 07:29:58.741," {f4ba3e13-d5b3-6a1f-3200-000000002300}",3056,C:\Program Files\Windows Defender\MsMpEng.exe,,,NT AUTHORITY\SYSTEM,,,,,,,,,,C:\Windows\Temp\08602CAC-7F00-48AF-B64B-8CA30431A4DA\API-MS-Win-Core-Heap-Obsolete-L1-1-0.dll,2026-06-03 07:29:58.741,,,,,,,,,,,,,,,,,,,,,,,,,,,,,,,,,,,,,,,DLL,C.4f04b5de911bf0cd,C.4f04b5de911bf0cd
1780491434416,,,,,,,,,,,2026-06-03 07:29:58.741," {f4ba3e13-d5b3-6a1f-3200-000000002300}",3056,C:\Program Files\Windows Defender\MsMpEng.exe,,,NT AUTHORITY\SYSTEM,,,,,,,,,,C:\Windows\Temp\08602CAC-7F00-48AF-B64B-8CA30431A4DA\api-ms-win-core-interlocked-l1-1-0.dll,2026-06-03 07:29:58.741,,,,,,,,,,,,,,,,,,,,,,,,,,,,,,,,,,,,,,,DLL,C.4f04b5de911bf0cd,C.4f04b5de911bf0cd
1780491434416,,,,,,,,,,,2026-06-03 07:29:58.741," {f4ba3e13-d5b3-6a1f-3200-000000002300}",3056,C:\Program Files\Windows Defender\MsMpEng.exe,,,NT AUTHORITY\SYSTEM,,,,,,,,,,C:\Windows\Temp\08602CAC-7F00-48AF-B64B-8CA30431A4DA\api-ms-win-core-io-l1-1-0.dll,2026-06-03 07:29:58.741,,,,,,,,,,,,,,,,,,,,,,,,,,,,,,,,,,,,,,,DLL,C.4f04b5de911bf0cd,C.4f04b5de911bf0cd
1780491434416,,,,,,,,,,,2026-06-03 07:29:58.741," {f4ba3e13-d5b3-6a1f-3200-000000002300}",3056,C:\Program Files\Windows Defender\MsMpEng.exe,,,NT AUTHORITY\SYSTEM,,,,,,,,,,C:\Windows\Temp\08602CAC-7F00-48AF-B64B-8CA30431A4DA\api-ms-win-core-io-l1-1-1.dll,2026-06-03 07:29:58.741,,,,,,,,,,,,,,,,,,,,,,,,,,,,,,,,,,,,,,,DLL,C.4f04b5de911bf0cd,C.4f04b5de911bf0cd
1780491434416,,,,,,,,,,,2026-06-03 07:29:58.756," {f4ba3e13-d5b3-6a1f-3200-000000002300}",3056,C:\Program Files\Windows Defender\MsMpEng.exe,,,NT AUTHORITY\SYSTEM,,,,,,,,,,C:\Windows\Temp\08602CAC-7F00-48AF-B64B-8CA30431A4DA\api-ms-win-core-kernel32-legacy-l1-1-0.dll,2026-06-03 07:29:58.756,,,,,,,,,,,,,,,,,,,,,,,,,,,,,,,,,,,,,,,DLL,C.4f04b5de911bf0cd,C.4f04b5de911bf0cd
1780491434416,,,,,,,,,,,2026-06-03 07:29:58.756," {f4ba3e13-d5b3-6a1f-3200-000000002300}",3056,C:\Program Files\Windows Defender\MsMpEng.exe,,,NT AUTHORITY\SYSTEM,,,,,,,,,,C:\Windows\Temp\08602CAC-7F00-48AF-B64B-8CA30431A4DA\api-ms-win-core-kernel32-legacy-l1-1-1.dll,2026-06-03 07:29:58.756,,,,,,,,,,,,,,,,,,,,,,,,,,,,,,,,,,,,,,,DLL,C.4f04b5de911bf0cd,C.4f04b5de911bf0cd
1780491434416,,,,,,,,,,,2026-06-03 07:29:58.756," {f4ba3e13-d5b3-6a1f-3200-000000002300}",3056,C:\Program Files\Windows Defender\MsMpEng.exe,,,NT AUTHORITY\SYSTEM,,,,,,,,,,C:\Windows\Temp\08602CAC-7F00-48AF-B64B-8CA30431A4DA\API-MS-Win-Core-Kernel32-Private-L1-1-0.dll,2026-06-03 07:29:58.756,,,,,,,,,,,,,,,,,,,,,,,,,,,,,,,,,,,,,,,DLL,C.4f04b5de911bf0cd,C.4f04b5de911bf0cd
1780491434416,,,,,,,,,,,2026-06-03 07:29:58.756," {f4ba3e13-d5b3-6a1f-3200-000000002300}",3056,C:\Program Files\Windows Defender\MsMpEng.exe,,,NT AUTHORITY\SYSTEM,,,,,,,,,,C:\Windows\Temp\08602CAC-7F00-48AF-B64B-8CA30431A4DA\API-MS-Win-Core-Kernel32-Private-L1-1-1.dll,2026-06-03 07:29:58.756,,,,,,,,,,,,,,,,,,,,,,,,,,,,,,,,,,,,,,,DLL,C.4f04b5de911bf0cd,C.4f04b5de911bf0cd
1780491434416,,,,,,,,,,,2026-06-03 07:29:58.756," {f4ba3e13-d5b3-6a1f-3200-000000002300}",3056,C:\Program Files\Windows Defender\MsMpEng.exe,,,NT AUTHORITY\SYSTEM,,,,,,,,,,C:\Windows\Temp\08602CAC-7F00-48AF-B64B-8CA30431A4DA\api-ms-win-core-libraryloader-l1-1-0.dll,2026-06-03 07:29:58.756,,,,,,,,,,,,,,,,,,,,,,,,,,,,,,,,,,,,,,,DLL,C.4f04b5de911bf0cd,C.4f04b5de911bf0cd
1780491434416,,,,,,,,,,,2026-06-03 07:29:58.756," {f4ba3e13-d5b3-6a1f-3200-000000002300}",3056,C:\Program Files\Windows Defender\MsMpEng.exe,,,NT AUTHORITY\SYSTEM,,,,,,,,,,C:\Windows\Temp\08602CAC-7F00-48AF-B64B-8CA30431A4DA\api-ms-win-core-libraryloader-l1-1-1.dll,2026-06-03 07:29:58.756,,,,,,,,,,,,,,,,,,,,,,,,,,,,,,,,,,,,,,,DLL,C.4f04b5de911bf0cd,C.4f04b5de911bf0cd
1780491434416,,,,,,,,,,,2026-06-03 07:29:58.756," {f4ba3e13-d5b3-6a1f-3200-000000002300}",3056,C:\Program Files\Windows Defender\MsMpEng.exe,,,NT AUTHORITY\SYSTEM,,,,,,,,,,C:\Windows\Temp\08602CAC-7F00-48AF-B64B-8CA30431A4DA\api-ms-win-core-localization-l1-2-0.dll,2026-06-03 07:29:58.756,,,,,,,,,,,,,,,,,,,,,,,,,,,,,,,,,,,,,,,DLL,C.4f04b5de911bf0cd,C.4f04b5de911bf0cd
1780491434416,,,,,,,,,,,2026-06-03 07:29:58.756," {f4ba3e13-d5b3-6a1f-3200-000000002300}",3056,C:\Program Files\Windows Defender\MsMpEng.exe,,,NT AUTHORITY\SYSTEM,,,,,,,,,,C:\Windows\Temp\08602CAC-7F00-48AF-B64B-8CA30431A4DA\api-ms-win-core-localization-l1-2-1.dll,2026-06-03 07:29:58.756,,,,,,,,,,,,,,,,,,,,,,,,,,,,,,,,,,,,,,,DLL,C.4f04b5de911bf0cd,C.4f04b5de911bf0cd
1780491434416,,,,,,,,,,,2026-06-03 07:29:58.756," {f4ba3e13-d5b3-6a1f-3200-000000002300}",3056,C:\Program Files\Windows Defender\MsMpEng.exe,,,NT AUTHORITY\SYSTEM,,,,,,,,,,C:\Windows\Temp\08602CAC-7F00-48AF-B64B-8CA30431A4DA\API-MS-Win-core-localization-obsolete-l1-2-0.dll,2026-06-03 07:29:58.756,,,,,,,,,,,,,,,,,,,,,,,,,,,,,,,,,,,,,,,DLL,C.4f04b5de911bf0cd,C.4f04b5de911bf0cd
1780491434416,,,,,,,,,,,2026-06-03 07:29:58.756," {f4ba3e13-d5b3-6a1f-3200-000000002300}",3056,C:\Program Files\Windows Defender\MsMpEng.exe,,,NT AUTHORITY\SYSTEM,,,,,,,,,,C:\Windows\Temp\08602CAC-7F00-48AF-B64B-8CA30431A4DA\api-ms-win-core-memory-l1-1-0.dll,2026-06-03 07:29:58.756,,,,,,,,,,,,,,,,,,,,,,,,,,,,,,,,,,,,,,,DLL,C.4f04b5de911bf0cd,C.4f04b5de911bf0cd
1780491434416,,,,,,,,,,,2026-06-03 07:29:58.772," {f4ba3e13-d5b3-6a1f-3200-000000002300}",3056,C:\Program Files\Windows Defender\MsMpEng.exe,,,NT AUTHORITY\SYSTEM,,,,,,,,,,C:\Windows\Temp\08602CAC-7F00-48AF-B64B-8CA30431A4DA\api-ms-win-core-memory-l1-1-1.dll,2026-06-03 07:29:58.772,,,,,,,,,,,,,,,,,,,,,,,,,,,,,,,,,,,,,,,DLL,C.4f04b5de911bf0cd,C.4f04b5de911bf0cd
1780491434416,,,,,,,,,,,2026-06-03 07:29:58.772," {f4ba3e13-d5b3-6a1f-3200-000000002300}",3056,C:\Program Files\Windows Defender\MsMpEng.exe,,,NT AUTHORITY\SYSTEM,,,,,,,,,,C:\Windows\Temp\08602CAC-7F00-48AF-B64B-8CA30431A4DA\api-ms-win-core-memory-l1-1-2.dll,2026-06-03 07:29:58.772,,,,,,,,,,,,,,,,,,,,,,,,,,,,,,,,,,,,,,,DLL,C.4f04b5de911bf0cd,C.4f04b5de911bf0cd
1780491434416,,,,,,,,,,,2026-06-03 07:29:58.772," {f4ba3e13-d5b3-6a1f-3200-000000002300}",3056,C:\Program Files\Windows Defender\MsMpEng.exe,,,NT AUTHORITY\SYSTEM,,,,,,,,,,C:\Windows\Temp\08602CAC-7F00-48AF-B64B-8CA30431A4DA\api-ms-win-core-namedpipe-l1-1-0.dll,2026-06-03 07:29:58.772,,,,,,,,,,,,,,,,,,,,,,,,,,,,,,,,,,,,,,,DLL,C.4f04b5de911bf0cd,C.4f04b5de911bf0cd
1780491434416,,,,,,,,,,,2026-06-03 07:29:58.772," {f4ba3e13-d5b3-6a1f-3200-000000002300}",3056,C:\Program Files\Windows Defender\MsMpEng.exe,,,NT AUTHORITY\SYSTEM,,,,,,,,,,C:\Windows\Temp\08602CAC-7F00-48AF-B64B-8CA30431A4DA\api-ms-win-core-privateprofile-l1-1-0.dll,2026-06-03 07:29:58.772,,,,,,,,,,,,,,,,,,,,,,,,,,,,,,,,,,,,,,,DLL,C.4f04b5de911bf0cd,C.4f04b5de911bf0cd
1780491434416,,,,,,,,,,,2026-06-03 07:29:58.772," {f4ba3e13-d5b3-6a1f-3200-000000002300}",3056,C:\Program Files\Windows Defender\MsMpEng.exe,,,NT AUTHORITY\SYSTEM,,,,,,,,,,C:\Windows\Temp\08602CAC-7F00-48AF-B64B-8CA30431A4DA\api-ms-win-core-privateprofile-l1-1-1.dll,2026-06-03 07:29:58.772,,,,,,,,,,,,,,,,,,,,,,,,,,,,,,,,,,,,,,,DLL,C.4f04b5de911bf0cd,C.4f04b5de911bf0cd
1780491434416,,,,,,,,,,,2026-06-03 07:29:58.772," {f4ba3e13-d5b3-6a1f-3200-000000002300}",3056,C:\Program Files\Windows Defender\MsMpEng.exe,,,NT AUTHORITY\SYSTEM,,,,,,,,,,C:\Windows\Temp\08602CAC-7F00-48AF-B64B-8CA30431A4DA\api-ms-win-core-processenvironment-l1-1-0.dll,2026-06-03 07:29:58.772,,,,,,,,,,,,,,,,,,,,,,,,,,,,,,,,,,,,,,,DLL,C.4f04b5de911bf0cd,C.4f04b5de911bf0cd
1780491434416,,,,,,,,,,,2026-06-03 07:29:58.772," {f4ba3e13-d5b3-6a1f-3200-000000002300}",3056,C:\Program Files\Windows Defender\MsMpEng.exe,,,NT AUTHORITY\SYSTEM,,,,,,,,,,C:\Windows\Temp\08602CAC-7F00-48AF-B64B-8CA30431A4DA\api-ms-win-core-processenvironment-l1-2-0.dll,2026-06-03 07:29:58.772,,,,,,,,,,,,,,,,,,,,,,,,,,,,,,,,,,,,,,,DLL,C.4f04b5de911bf0cd,C.4f04b5de911bf0cd
1780491434416,,,,,,,,,,,2026-06-03 07:29:58.772," {f4ba3e13-d5b3-6a1f-3200-000000002300}",3056,C:\Program Files\Windows Defender\MsMpEng.exe,,,NT AUTHORITY\SYSTEM,,,,,,,,,,C:\Windows\Temp\08602CAC-7F00-48AF-B64B-8CA30431A4DA\api-ms-win-core-processthreads-l1-1-0.dll,2026-06-03 07:29:58.772,,,,,,,,,,,,,,,,,,,,,,,,,,,,,,,,,,,,,,,DLL,C.4f04b5de911bf0cd,C.4f04b5de911bf0cd
1780491434416,,,,,,,,,,,2026-06-03 07:29:58.772," {f4ba3e13-d5b3-6a1f-3200-000000002300}",3056,C:\Program Files\Windows Defender\MsMpEng.exe,,,NT AUTHORITY\SYSTEM,,,,,,,,,,C:\Windows\Temp\08602CAC-7F00-48AF-B64B-8CA30431A4DA\api-ms-win-core-processthreads-l1-1-1.dll,2026-06-03 07:29:58.772,,,,,,,,,,,,,,,,,,,,,,,,,,,,,,,,,,,,,,,DLL,C.4f04b5de911bf0cd,C.4f04b5de911bf0cd
1780491434416,,,,,,,,,,,2026-06-03 07:29:58.772," {f4ba3e13-d5b3-6a1f-3200-000000002300}",3056,C:\Program Files\Windows Defender\MsMpEng.exe,,,NT AUTHORITY\SYSTEM,,,,,,,,,,C:\Windows\Temp\08602CAC-7F00-48AF-B64B-8CA30431A4DA\api-ms-win-core-processthreads-l1-1-2.dll,2026-06-03 07:29:58.772,,,,,,,,,,,,,,,,,,,,,,,,,,,,,,,,,,,,,,,DLL,C.4f04b5de911bf0cd,C.4f04b5de911bf0cd
1780491434416,,,,,,,,,,,2026-06-03 07:29:58.787," {f4ba3e13-d5b3-6a1f-3200-000000002300}",3056,C:\Program Files\Windows Defender\MsMpEng.exe,,,NT AUTHORITY\SYSTEM,,,,,,,,,,C:\Windows\Temp\08602CAC-7F00-48AF-B64B-8CA30431A4DA\api-ms-win-core-processtopology-obsolete-l1-1-0.dll,2026-06-03 07:29:58.787,,,,,,,,,,,,,,,,,,,,,,,,,,,,,,,,,,,,,,,DLL,C.4f04b5de911bf0cd,C.4f04b5de911bf0cd
1780491434416,,,,,,,,,,,2026-06-03 07:29:58.787," {f4ba3e13-d5b3-6a1f-3200-000000002300}",3056,C:\Program Files\Windows Defender\MsMpEng.exe,,,NT AUTHORITY\SYSTEM,,,,,,,,,,C:\Windows\Temp\08602CAC-7F00-48AF-B64B-8CA30431A4DA\api-ms-win-core-profile-l1-1-0.dll,2026-06-03 07:29:58.787,,,,,,,,,,,,,,,,,,,,,,,,,,,,,,,,,,,,,,,DLL,C.4f04b5de911bf0cd,C.4f04b5de911bf0cd
1780491434416,,,,,,,,,,,2026-06-03 07:29:58.787," {f4ba3e13-d5b3-6a1f-3200-000000002300}",3056,C:\Program Files\Windows Defender\MsMpEng.exe,,,NT AUTHORITY\SYSTEM,,,,,,,,,,C:\Windows\Temp\08602CAC-7F00-48AF-B64B-8CA30431A4DA\api-ms-win-core-realtime-l1-1-0.dll,2026-06-03 07:29:58.787,,,,,,,,,,,,,,,,,,,,,,,,,,,,,,,,,,,,,,,DLL,C.4f04b5de911bf0cd,C.4f04b5de911bf0cd
1780491434416,,,,,,,,,,,2026-06-03 07:29:58.787," {f4ba3e13-d5b3-6a1f-3200-000000002300}",3056,C:\Program Files\Windows Defender\MsMpEng.exe,,,NT AUTHORITY\SYSTEM,,,,,,,,,,C:\Windows\Temp\08602CAC-7F00-48AF-B64B-8CA30431A4DA\api-ms-win-core-registry-l1-1-0.dll,2026-06-03 07:29:58.787,,,,,,,,,,,,,,,,,,,,,,,,,,,,,,,,,,,,,,,DLL,C.4f04b5de911bf0cd,C.4f04b5de911bf0cd
1780491434416,,,,,,,,,,,2026-06-03 07:29:58.787," {f4ba3e13-d5b3-6a1f-3200-000000002300}",3056,C:\Program Files\Windows Defender\MsMpEng.exe,,,NT AUTHORITY\SYSTEM,,,,,,,,,,C:\Windows\Temp\08602CAC-7F00-48AF-B64B-8CA30431A4DA\api-ms-win-core-registry-l2-1-0.dll,2026-06-03 07:29:58.787,,,,,,,,,,,,,,,,,,,,,,,,,,,,,,,,,,,,,,,DLL,C.4f04b5de911bf0cd,C.4f04b5de911bf0cd
1780491434416,,,,,,,,,,,2026-06-03 07:29:58.787," {f4ba3e13-d5b3-6a1f-3200-000000002300}",3056,C:\Program Files\Windows Defender\MsMpEng.exe,,,NT AUTHORITY\SYSTEM,,,,,,,,,,C:\Windows\Temp\08602CAC-7F00-48AF-B64B-8CA30431A4DA\api-ms-win-core-rtlsupport-l1-1-0.dll,2026-06-03 07:29:58.787,,,,,,,,,,,,,,,,,,,,,,,,,,,,,,,,,,,,,,,DLL,C.4f04b5de911bf0cd,C.4f04b5de911bf0cd
1780491434416,,,,,,,,,,,2026-06-03 07:29:58.787," {f4ba3e13-d5b3-6a1f-3200-000000002300}",3056,C:\Program Files\Windows Defender\MsMpEng.exe,,,NT AUTHORITY\SYSTEM,,,,,,,,,,C:\Windows\Temp\08602CAC-7F00-48AF-B64B-8CA30431A4DA\api-ms-win-core-shlwapi-legacy-l1-1-0.dll,2026-06-03 07:29:58.787,,,,,,,,,,,,,,,,,,,,,,,,,,,,,,,,,,,,,,,DLL,C.4f04b5de911bf0cd,C.4f04b5de911bf0cd
1780491434416,,,,,,,,,,,2026-06-03 07:29:58.787," {f4ba3e13-d5b3-6a1f-3200-000000002300}",3056,C:\Program Files\Windows Defender\MsMpEng.exe,,,NT AUTHORITY\SYSTEM,,,,,,,,,,C:\Windows\Temp\08602CAC-7F00-48AF-B64B-8CA30431A4DA\api-ms-win-core-shlwapi-obsolete-l1-1-0.dll,2026-06-03 07:29:58.787,,,,,,,,,,,,,,,,,,,,,,,,,,,,,,,,,,,,,,,DLL,C.4f04b5de911bf0cd,C.4f04b5de911bf0cd
1780491434416,,,,,,,,,,,2026-06-03 07:29:58.787," {f4ba3e13-d5b3-6a1f-3200-000000002300}",3056,C:\Program Files\Windows Defender\MsMpEng.exe,,,NT AUTHORITY\SYSTEM,,,,,,,,,,C:\Windows\Temp\08602CAC-7F00-48AF-B64B-8CA30431A4DA\api-ms-win-core-shutdown-l1-1-0.dll,2026-06-03 07:29:58.787,,,,,,,,,,,,,,,,,,,,,,,,,,,,,,,,,,,,,,,DLL,C.4f04b5de911bf0cd,C.4f04b5de911bf0cd
1780491434416,,,,,,,,,,,2026-06-03 07:29:58.787," {f4ba3e13-d5b3-6a1f-3200-000000002300}",3056,C:\Program Files\Windows Defender\MsMpEng.exe,,,NT AUTHORITY\SYSTEM,,,,,,,,,,C:\Windows\Temp\08602CAC-7F00-48AF-B64B-8CA30431A4DA\api-ms-win-core-string-l1-1-0.dll,2026-06-03 07:29:58.787,,,,,,,,,,,,,,,,,,,,,,,,,,,,,,,,,,,,,,,DLL,C.4f04b5de911bf0cd,C.4f04b5de911bf0cd
1780491434416,,,,,,,,,,,2026-06-03 07:29:58.803," {f4ba3e13-d5b3-6a1f-3200-000000002300}",3056,C:\Program Files\Windows Defender\MsMpEng.exe,,,NT AUTHORITY\SYSTEM,,,,,,,,,,C:\Windows\Temp\08602CAC-7F00-48AF-B64B-8CA30431A4DA\API-MS-Win-core-string-l2-1-0.dll,2026-06-03 07:29:58.803,,,,,,,,,,,,,,,,,,,,,,,,,,,,,,,,,,,,,,,DLL,C.4f04b5de911bf0cd,C.4f04b5de911bf0cd
1780491434416,,,,,,,,,,,2026-06-03 07:29:58.803," {f4ba3e13-d5b3-6a1f-3200-000000002300}",3056,C:\Program Files\Windows Defender\MsMpEng.exe,,,NT AUTHORITY\SYSTEM,,,,,,,,,,C:\Windows\Temp\08602CAC-7F00-48AF-B64B-8CA30431A4DA\API-MS-Win-core-string-obsolete-l1-1-0.dll,2026-06-03 07:29:58.803,,,,,,,,,,,,,,,,,,,,,,,,,,,,,,,,,,,,,,,DLL,C.4f04b5de911bf0cd,C.4f04b5de911bf0cd
1780491434416,,,,,,,,,,,2026-06-03 07:29:58.803," {f4ba3e13-d5b3-6a1f-3200-000000002300}",3056,C:\Program Files\Windows Defender\MsMpEng.exe,,,NT AUTHORITY\SYSTEM,,,,,,,,,,C:\Windows\Temp\08602CAC-7F00-48AF-B64B-8CA30431A4DA\api-ms-win-core-stringansi-l1-1-0.dll,2026-06-03 07:29:58.803,,,,,,,,,,,,,,,,,,,,,,,,,,,,,,,,,,,,,,,DLL,C.4f04b5de911bf0cd,C.4f04b5de911bf0cd
1780491434416,,,,,,,,,,,2026-06-03 07:29:58.803," {f4ba3e13-d5b3-6a1f-3200-000000002300}",3056,C:\Program Files\Windows Defender\MsMpEng.exe,,,NT AUTHORITY\SYSTEM,,,,,,,,,,C:\Windows\Temp\08602CAC-7F00-48AF-B64B-8CA30431A4DA\api-ms-win-core-stringloader-l1-1-1.dll,2026-06-03 07:29:58.803,,,,,,,,,,,,,,,,,,,,,,,,,,,,,,,,,,,,,,,DLL,C.4f04b5de911bf0cd,C.4f04b5de911bf0cd
1780491434416,,,,,,,,,,,2026-06-03 07:29:58.803," {f4ba3e13-d5b3-6a1f-3200-000000002300}",3056,C:\Program Files\Windows Defender\MsMpEng.exe,,,NT AUTHORITY\SYSTEM,,,,,,,,,,C:\Windows\Temp\08602CAC-7F00-48AF-B64B-8CA30431A4DA\api-ms-win-core-synch-l1-1-0.dll,2026-06-03 07:29:58.803,,,,,,,,,,,,,,,,,,,,,,,,,,,,,,,,,,,,,,,DLL,C.4f04b5de911bf0cd,C.4f04b5de911bf0cd
1780491434416,,,,,,,,,,,2026-06-03 07:29:58.803," {f4ba3e13-d5b3-6a1f-3200-000000002300}",3056,C:\Program Files\Windows Defender\MsMpEng.exe,,,NT AUTHORITY\SYSTEM,,,,,,,,,,C:\Windows\Temp\08602CAC-7F00-48AF-B64B-8CA30431A4DA\api-ms-win-core-synch-l1-2-0.dll,2026-06-03 07:29:58.803,,,,,,,,,,,,,,,,,,,,,,,,,,,,,,,,,,,,,,,DLL,C.4f04b5de911bf0cd,C.4f04b5de911bf0cd
1780491434416,,,,,,,,,,,2026-06-03 07:29:58.803," {f4ba3e13-d5b3-6a1f-3200-000000002300}",3056,C:\Program Files\Windows Defender\MsMpEng.exe,,,NT AUTHORITY\SYSTEM,,,,,,,,,,C:\Windows\Temp\08602CAC-7F00-48AF-B64B-8CA30431A4DA\api-ms-win-core-sysinfo-l1-1-0.dll,2026-06-03 07:29:58.803,,,,,,,,,,,,,,,,,,,,,,,,,,,,,,,,,,,,,,,DLL,C.4f04b5de911bf0cd,C.4f04b5de911bf0cd
1780491434416,,,,,,,,,,,2026-06-03 07:29:58.803," {f4ba3e13-d5b3-6a1f-3200-000000002300}",3056,C:\Program Files\Windows Defender\MsMpEng.exe,,,NT AUTHORITY\SYSTEM,,,,,,,,,,C:\Windows\Temp\08602CAC-7F00-48AF-B64B-8CA30431A4DA\api-ms-win-core-sysinfo-l1-2-0.dll,2026-06-03 07:29:58.803,,,,,,,,,,,,,,,,,,,,,,,,,,,,,,,,,,,,,,,DLL,C.4f04b5de911bf0cd,C.4f04b5de911bf0cd
1780491434416,,,,,,,,,,,2026-06-03 07:29:58.803," {f4ba3e13-d5b3-6a1f-3200-000000002300}",3056,C:\Program Files\Windows Defender\MsMpEng.exe,,,NT AUTHORITY\SYSTEM,,,,,,,,,,C:\Windows\Temp\08602CAC-7F00-48AF-B64B-8CA30431A4DA\api-ms-win-core-sysinfo-l1-2-1.dll,2026-06-03 07:29:58.803,,,,,,,,,,,,,,,,,,,,,,,,,,,,,,,,,,,,,,,DLL,C.4f04b5de911bf0cd,C.4f04b5de911bf0cd
1780491434416,,,,,,,,,,,2026-06-03 07:29:58.803," {f4ba3e13-d5b3-6a1f-3200-000000002300}",3056,C:\Program Files\Windows Defender\MsMpEng.exe,,,NT AUTHORITY\SYSTEM,,,,,,,,,,C:\Windows\Temp\08602CAC-7F00-48AF-B64B-8CA30431A4DA\api-ms-win-core-threadpool-l1-2-0.dll,2026-06-03 07:29:58.803,,,,,,,,,,,,,,,,,,,,,,,,,,,,,,,,,,,,,,,DLL,C.4f04b5de911bf0cd,C.4f04b5de911bf0cd
1780491434416,,,,,,,,,,,2026-06-03 07:29:58.819," {f4ba3e13-d5b3-6a1f-3200-000000002300}",3056,C:\Program Files\Windows Defender\MsMpEng.exe,,,NT AUTHORITY\SYSTEM,,,,,,,,,,C:\Windows\Temp\08602CAC-7F00-48AF-B64B-8CA30431A4DA\api-ms-win-core-threadpool-legacy-l1-1-0.dll,2026-06-03 07:29:58.819,,,,,,,,,,,,,,,,,,,,,,,,,,,,,,,,,,,,,,,DLL,C.4f04b5de911bf0cd,C.4f04b5de911bf0cd
1780491434416,,,,,,,,,,,2026-06-03 07:29:58.819," {f4ba3e13-d5b3-6a1f-3200-000000002300}",3056,C:\Program Files\Windows Defender\MsMpEng.exe,,,NT AUTHORITY\SYSTEM,,,,,,,,,,C:\Windows\Temp\08602CAC-7F00-48AF-B64B-8CA30431A4DA\api-ms-win-core-threadpool-private-l1-1-0.dll,2026-06-03 07:29:58.819,,,,,,,,,,,,,,,,,,,,,,,,,,,,,,,,,,,,,,,DLL,C.4f04b5de911bf0cd,C.4f04b5de911bf0cd
1780491434416,,,,,,,,,,,2026-06-03 07:29:58.819," {f4ba3e13-d5b3-6a1f-3200-000000002300}",3056,C:\Program Files\Windows Defender\MsMpEng.exe,,,NT AUTHORITY\SYSTEM,,,,,,,,,,C:\Windows\Temp\08602CAC-7F00-48AF-B64B-8CA30431A4DA\api-ms-win-core-timezone-l1-1-0.dll,2026-06-03 07:29:58.819,,,,,,,,,,,,,,,,,,,,,,,,,,,,,,,,,,,,,,,DLL,C.4f04b5de911bf0cd,C.4f04b5de911bf0cd
1780491434416,,,,,,,,,,,2026-06-03 07:29:58.819," {f4ba3e13-d5b3-6a1f-3200-000000002300}",3056,C:\Program Files\Windows Defender\MsMpEng.exe,,,NT AUTHORITY\SYSTEM,,,,,,,,,,C:\Windows\Temp\08602CAC-7F00-48AF-B64B-8CA30431A4DA\api-ms-win-core-url-l1-1-0.dll,2026-06-03 07:29:58.819,,,,,,,,,,,,,,,,,,,,,,,,,,,,,,,,,,,,,,,DLL,C.4f04b5de911bf0cd,C.4f04b5de911bf0cd
1780491434416,,,,,,,,,,,2026-06-03 07:29:58.819," {f4ba3e13-d5b3-6a1f-3200-000000002300}",3056,C:\Program Files\Windows Defender\MsMpEng.exe,,,NT AUTHORITY\SYSTEM,,,,,,,,,,C:\Windows\Temp\08602CAC-7F00-48AF-B64B-8CA30431A4DA\api-ms-win-core-util-l1-1-0.dll,2026-06-03 07:29:58.819,,,,,,,,,,,,,,,,,,,,,,,,,,,,,,,,,,,,,,,DLL,C.4f04b5de911bf0cd,C.4f04b5de911bf0cd
1780491434416,,,,,,,,,,,2026-06-03 07:29:58.819," {f4ba3e13-d5b3-6a1f-3200-000000002300}",3056,C:\Program Files\Windows Defender\MsMpEng.exe,,,NT AUTHORITY\SYSTEM,,,,,,,,,,C:\Windows\Temp\08602CAC-7F00-48AF-B64B-8CA30431A4DA\api-ms-win-core-version-l1-1-0.dll,2026-06-03 07:29:58.819,,,,,,,,,,,,,,,,,,,,,,,,,,,,,,,,,,,,,,,DLL,C.4f04b5de911bf0cd,C.4f04b5de911bf0cd
1780491434416,,,,,,,,,,,2026-06-03 07:29:58.819," {f4ba3e13-d5b3-6a1f-3200-000000002300}",3056,C:\Program Files\Windows Defender\MsMpEng.exe,,,NT AUTHORITY\SYSTEM,,,,,,,,,,C:\Windows\Temp\08602CAC-7F00-48AF-B64B-8CA30431A4DA\api-ms-win-core-wow64-l1-1-0.dll,2026-06-03 07:29:58.819,,,,,,,,,,,,,,,,,,,,,,,,,,,,,,,,,,,,,,,DLL,C.4f04b5de911bf0cd,C.4f04b5de911bf0cd
1780491434416,,,,,,,,,,,2026-06-03 07:29:58.819," {f4ba3e13-d5b3-6a1f-3200-000000002300}",3056,C:\Program Files\Windows Defender\MsMpEng.exe,,,NT AUTHORITY\SYSTEM,,,,,,,,,,C:\Windows\Temp\08602CAC-7F00-48AF-B64B-8CA30431A4DA\api-ms-win-core-xstate-l1-1-0.dll,2026-06-03 07:29:58.819,,,,,,,,,,,,,,,,,,,,,,,,,,,,,,,,,,,,,,,DLL,C.4f04b5de911bf0cd,C.4f04b5de911bf0cd
1780491434416,,,,,,,,,,,2026-06-03 07:29:58.819," {f4ba3e13-d5b3-6a1f-3200-000000002300}",3056,C:\Program Files\Windows Defender\MsMpEng.exe,,,NT AUTHORITY\SYSTEM,,,,,,,,,,C:\Windows\Temp\08602CAC-7F00-48AF-B64B-8CA30431A4DA\API-MS-Win-core-xstate-l2-1-0.dll,2026-06-03 07:29:58.819,,,,,,,,,,,,,,,,,,,,,,,,,,,,,,,,,,,,,,,DLL,C.4f04b5de911bf0cd,C.4f04b5de911bf0cd
1780491434416,,,,,,,,,,,2026-06-03 07:29:58.834," {f4ba3e13-d5b3-6a1f-3200-000000002300}",3056,C:\Program Files\Windows Defender\MsMpEng.exe,,,NT AUTHORITY\SYSTEM,,,,,,,,,,C:\Windows\Temp\08602CAC-7F00-48AF-B64B-8CA30431A4DA\API-MS-Win-devices-config-L1-1-0.dll,2026-06-03 07:29:58.834,,,,,,,,,,,,,,,,,,,,,,,,,,,,,,,,,,,,,,,DLL,C.4f04b5de911bf0cd,C.4f04b5de911bf0cd
1780491434416,,,,,,,,,,,2026-06-03 07:29:58.834," {f4ba3e13-d5b3-6a1f-3200-000000002300}",3056,C:\Program Files\Windows Defender\MsMpEng.exe,,,NT AUTHORITY\SYSTEM,,,,,,,,,,C:\Windows\Temp\08602CAC-7F00-48AF-B64B-8CA30431A4DA\API-MS-Win-devices-config-L1-1-1.dll,2026-06-03 07:29:58.834,,,,,,,,,,,,,,,,,,,,,,,,,,,,,,,,,,,,,,,DLL,C.4f04b5de911bf0cd,C.4f04b5de911bf0cd
1780491434416,,,,,,,,,,,2026-06-03 07:29:58.834," {f4ba3e13-d5b3-6a1f-3200-000000002300}",3056,C:\Program Files\Windows Defender\MsMpEng.exe,,,NT AUTHORITY\SYSTEM,,,,,,,,,,C:\Windows\Temp\08602CAC-7F00-48AF-B64B-8CA30431A4DA\API-MS-Win-Eventing-ClassicProvider-L1-1-0.dll,2026-06-03 07:29:58.834,,,,,,,,,,,,,,,,,,,,,,,,,,,,,,,,,,,,,,,DLL,C.4f04b5de911bf0cd,C.4f04b5de911bf0cd
1780491434416,,,,,,,,,,,2026-06-03 07:29:58.834," {f4ba3e13-d5b3-6a1f-3200-000000002300}",3056,C:\Program Files\Windows Defender\MsMpEng.exe,,,NT AUTHORITY\SYSTEM,,,,,,,,,,C:\Windows\Temp\08602CAC-7F00-48AF-B64B-8CA30431A4DA\api-ms-win-eventing-consumer-l1-1-0.dll,2026-06-03 07:29:58.834,,,,,,,,,,,,,,,,,,,,,,,,,,,,,,,,,,,,,,,DLL,C.4f04b5de911bf0cd,C.4f04b5de911bf0cd
1780491434416,,,,,,,,,,,2026-06-03 07:29:58.834," {f4ba3e13-d5b3-6a1f-3200-000000002300}",3056,C:\Program Files\Windows Defender\MsMpEng.exe,,,NT AUTHORITY\SYSTEM,,,,,,,,,,C:\Windows\Temp\08602CAC-7F00-48AF-B64B-8CA30431A4DA\API-MS-Win-Eventing-Controller-L1-1-0.dll,2026-06-03 07:29:58.834,,,,,,,,,,,,,,,,,,,,,,,,,,,,,,,,,,,,,,,DLL,C.4f04b5de911bf0cd,C.4f04b5de911bf0cd
1780491434416,,,,,,,,,,,2026-06-03 07:29:58.834," {f4ba3e13-d5b3-6a1f-3200-000000002300}",3056,C:\Program Files\Windows Defender\MsMpEng.exe,,,NT AUTHORITY\SYSTEM,,,,,,,,,,C:\Windows\Temp\08602CAC-7F00-48AF-B64B-8CA30431A4DA\API-MS-Win-Eventing-Legacy-L1-1-0.dll,2026-06-03 07:29:58.834,,,,,,,,,,,,,,,,,,,,,,,,,,,,,,,,,,,,,,,DLL,C.4f04b5de911bf0cd,C.4f04b5de911bf0cd
1780491434416,,,,,,,,,,,2026-06-03 07:29:58.834," {f4ba3e13-d5b3-6a1f-3200-000000002300}",3056,C:\Program Files\Windows Defender\MsMpEng.exe,,,NT AUTHORITY\SYSTEM,,,,,,,,,,C:\Windows\Temp\08602CAC-7F00-48AF-B64B-8CA30431A4DA\API-MS-Win-Eventing-Provider-L1-1-0.dll,2026-06-03 07:29:58.834,,,,,,,,,,,,,,,,,,,,,,,,,,,,,,,,,,,,,,,DLL,C.4f04b5de911bf0cd,C.4f04b5de911bf0cd
1780491434416,,,,,,,,,,,2026-06-03 07:29:58.834," {f4ba3e13-d5b3-6a1f-3200-000000002300}",3056,C:\Program Files\Windows Defender\MsMpEng.exe,,,NT AUTHORITY\SYSTEM,,,,,,,,,,C:\Windows\Temp\08602CAC-7F00-48AF-B64B-8CA30431A4DA\API-MS-Win-EventLog-Legacy-L1-1-0.dll,2026-06-03 07:29:58.834,,,,,,,,,,,,,,,,,,,,,,,,,,,,,,,,,,,,,,,DLL,C.4f04b5de911bf0cd,C.4f04b5de911bf0cd
1780491434416,,,,,,,,,,,2026-06-03 07:29:58.834," {f4ba3e13-d5b3-6a1f-3200-000000002300}",3056,C:\Program Files\Windows Defender\MsMpEng.exe,,,NT AUTHORITY\SYSTEM,,,,,,,,,,C:\Windows\Temp\08602CAC-7F00-48AF-B64B-8CA30431A4DA\api-ms-win-security-base-l1-1-0.dll,2026-06-03 07:29:58.834,,,,,,,,,,,,,,,,,,,,,,,,,,,,,,,,,,,,,,,DLL,C.4f04b5de911bf0cd,C.4f04b5de911bf0cd
1780491434416,,,,,,,,,,,2026-06-03 07:29:58.834," {f4ba3e13-d5b3-6a1f-3200-000000002300}",3056,C:\Program Files\Windows Defender\MsMpEng.exe,,,NT AUTHORITY\SYSTEM,,,,,,,,,,C:\Windows\Temp\08602CAC-7F00-48AF-B64B-8CA30431A4DA\api-ms-win-security-cryptoapi-l1-1-0.dll,2026-06-03 07:29:58.834,,,,,,,,,,,,,,,,,,,,,,,,,,,,,,,,,,,,,,,DLL,C.4f04b5de911bf0cd,C.4f04b5de911bf0cd
1780491434416,,,,,,,,,,,2026-06-03 07:29:58.834," {f4ba3e13-d5b3-6a1f-3200-000000002300}",3056,C:\Program Files\Windows Defender\MsMpEng.exe,,,NT AUTHORITY\SYSTEM,,,,,,,,,,C:\Windows\Temp\08602CAC-7F00-48AF-B64B-8CA30431A4DA\API-MS-Win-Security-Lsalookup-L2-1-0.dll,2026-06-03 07:29:58.834,,,,,,,,,,,,,,,,,,,,,,,,,,,,,,,,,,,,,,,DLL,C.4f04b5de911bf0cd,C.4f04b5de911bf0cd
1780491434416,,,,,,,,,,,2026-06-03 07:29:58.851," {f4ba3e13-d5b3-6a1f-3200-000000002300}",3056,C:\Program Files\Windows Defender\MsMpEng.exe,,,NT AUTHORITY\SYSTEM,,,,,,,,,,C:\Windows\Temp\08602CAC-7F00-48AF-B64B-8CA30431A4DA\API-MS-Win-Security-Lsalookup-L2-1-1.dll,2026-06-03 07:29:58.851,,,,,,,,,,,,,,,,,,,,,,,,,,,,,,,,,,,,,,,DLL,C.4f04b5de911bf0cd,C.4f04b5de911bf0cd
1780491434416,,,,,,,,,,,2026-06-03 07:29:58.853," {f4ba3e13-d5b3-6a1f-3200-000000002300}",3056,C:\Program Files\Windows Defender\MsMpEng.exe,,,NT AUTHORITY\SYSTEM,,,,,,,,,,C:\Windows\Temp\08602CAC-7F00-48AF-B64B-8CA30431A4DA\API-MS-Win-security-lsapolicy-l1-1-0.dll,2026-06-03 07:29:58.853,,,,,,,,,,,,,,,,,,,,,,,,,,,,,,,,,,,,,,,DLL,C.4f04b5de911bf0cd,C.4f04b5de911bf0cd
1780491434416,,,,,,,,,,,2026-06-03 07:29:58.855," {f4ba3e13-d5b3-6a1f-3200-000000002300}",3056,C:\Program Files\Windows Defender\MsMpEng.exe,,,NT AUTHORITY\SYSTEM,,,,,,,,,,C:\Windows\Temp\08602CAC-7F00-48AF-B64B-8CA30431A4DA\API-MS-Win-security-provider-L1-1-0.dll,2026-06-03 07:29:58.854,,,,,,,,,,,,,,,,,,,,,,,,,,,,,,,,,,,,,,,DLL,C.4f04b5de911bf0cd,C.4f04b5de911bf0cd
1780491434416,,,,,,,,,,,2026-06-03 07:29:58.856," {f4ba3e13-d5b3-6a1f-3200-000000002300}",3056,C:\Program Files\Windows Defender\MsMpEng.exe,,,NT AUTHORITY\SYSTEM,,,,,,,,,,C:\Windows\Temp\08602CAC-7F00-48AF-B64B-8CA30431A4DA\api-ms-win-security-sddl-l1-1-0.dll,2026-06-03 07:29:58.856,,,,,,,,,,,,,,,,,,,,,,,,,,,,,,,,,,,,,,,DLL,C.4f04b5de911bf0cd,C.4f04b5de911bf0cd
1780491434416,,,,,,,,,,,2026-06-03 07:29:58.858," {f4ba3e13-d5b3-6a1f-3200-000000002300}",3056,C:\Program Files\Windows Defender\MsMpEng.exe,,,NT AUTHORITY\SYSTEM,,,,,,,,,,C:\Windows\Temp\08602CAC-7F00-48AF-B64B-8CA30431A4DA\api-ms-win-service-core-l1-1-0.dll,2026-06-03 07:29:58.858,,,,,,,,,,,,,,,,,,,,,,,,,,,,,,,,,,,,,,,DLL,C.4f04b5de911bf0cd,C.4f04b5de911bf0cd
1780491434416,,,,,,,,,,,2026-06-03 07:29:58.860," {f4ba3e13-d5b3-6a1f-3200-000000002300}",3056,C:\Program Files\Windows Defender\MsMpEng.exe,,,NT AUTHORITY\SYSTEM,,,,,,,,,,C:\Windows\Temp\08602CAC-7F00-48AF-B64B-8CA30431A4DA\api-ms-win-service-core-l1-1-1.dll,2026-06-03 07:29:58.859,,,,,,,,,,,,,,,,,,,,,,,,,,,,,,,,,,,,,,,DLL,C.4f04b5de911bf0cd,C.4f04b5de911bf0cd
1780491434416,,,,,,,,,,,2026-06-03 07:29:58.861," {f4ba3e13-d5b3-6a1f-3200-000000002300}",3056,C:\Program Files\Windows Defender\MsMpEng.exe,,,NT AUTHORITY\SYSTEM,,,,,,,,,,C:\Windows\Temp\08602CAC-7F00-48AF-B64B-8CA30431A4DA\api-ms-win-service-management-l1-1-0.dll,2026-06-03 07:29:58.861,,,,,,,,,,,,,,,,,,,,,,,,,,,,,,,,,,,,,,,DLL,C.4f04b5de911bf0cd,C.4f04b5de911bf0cd
1780491434416,,,,,,,,,,,2026-06-03 07:29:58.863," {f4ba3e13-d5b3-6a1f-3200-000000002300}",3056,C:\Program Files\Windows Defender\MsMpEng.exe,,,NT AUTHORITY\SYSTEM,,,,,,,,,,C:\Windows\Temp\08602CAC-7F00-48AF-B64B-8CA30431A4DA\api-ms-win-service-management-l2-1-0.dll,2026-06-03 07:29:58.862,,,,,,,,,,,,,,,,,,,,,,,,,,,,,,,,,,,,,,,DLL,C.4f04b5de911bf0cd,C.4f04b5de911bf0cd
1780491434416,,,,,,,,,,,2026-06-03 07:29:58.864," {f4ba3e13-d5b3-6a1f-3200-000000002300}",3056,C:\Program Files\Windows Defender\MsMpEng.exe,,,NT AUTHORITY\SYSTEM,,,,,,,,,,C:\Windows\Temp\08602CAC-7F00-48AF-B64B-8CA30431A4DA\api-ms-win-service-private-l1-1-0.dll,2026-06-03 07:29:58.864,,,,,,,,,,,,,,,,,,,,,,,,,,,,,,,,,,,,,,,DLL,C.4f04b5de911bf0cd,C.4f04b5de911bf0cd
1780491434416,,,,,,,,,,,2026-06-03 07:29:58.866," {f4ba3e13-d5b3-6a1f-3200-000000002300}",3056,C:\Program Files\Windows Defender\MsMpEng.exe,,,NT AUTHORITY\SYSTEM,,,,,,,,,,C:\Windows\Temp\08602CAC-7F00-48AF-B64B-8CA30431A4DA\api-ms-win-service-private-l1-1-1.dll,2026-06-03 07:29:58.865,,,,,,,,,,,,,,,,,,,,,,,,,,,,,,,,,,,,,,,DLL,C.4f04b5de911bf0cd,C.4f04b5de911bf0cd
1780491434416,,,,,,,,,,,2026-06-03 07:29:58.867," {f4ba3e13-d5b3-6a1f-3200-000000002300}",3056,C:\Program Files\Windows Defender\MsMpEng.exe,,,NT AUTHORITY\SYSTEM,,,,,,,,,,C:\Windows\Temp\08602CAC-7F00-48AF-B64B-8CA30431A4DA\api-ms-win-service-winsvc-l1-1-0.dll,2026-06-03 07:29:58.867,,,,,,,,,,,,,,,,,,,,,,,,,,,,,,,,,,,,,,,DLL,C.4f04b5de911bf0cd,C.4f04b5de911bf0cd
1780491434416,,,,,,,,,,,2026-06-03 07:29:59.194," {f4ba3e13-d593-6a1f-0a00-000000002300}",644,C:\Windows\system32\services.exe,,,NT AUTHORITY\SYSTEM,,,,,,,,,,,,SetValue,HKLM\System\CurrentControlSet\Services\WinDefend\Start,DWORD (0x00000002),,,,,,,,,,,,,,,,,,,,,,,,,,,,,,,,,,,,"T1031,T1050",C.4f04b5de911bf0cd,C.4f04b5de911bf0cd
1780491434416,,,,,,,,,,,2026-06-03 07:29:59.786," {f4ba3e13-d7f3-6a1f-9e00-000000002300}",1568,C:\Windows\system32\CompatTelRunner.exe,,,NT AUTHORITY\SYSTEM,,,,,,,,,,,,SetValue,\REGISTRY\A\{b70d68cd-5c1d-6b1c-a076-378be9c519d6}\Root\InventoryApplication\0000566b053b4d4da9a71a8557f534b3dffc0000ffff\Publisher,"The Wireshark developer community, https://www.wireshark.org",,,,,,,,,,,,,,,,,,,,,,,,,,,,,,,,,,,,InvDB-Pub,C.4f04b5de911bf0cd,C.4f04b5de911bf0cd
1780491434416,,,,,,,,,,,2026-06-03 07:29:59.786," {f4ba3e13-d7f3-6a1f-9e00-000000002300}",1568,C:\Windows\system32\CompatTelRunner.exe,,,NT AUTHORITY\SYSTEM,,,,,,,,,,,,SetValue,\REGISTRY\A\{b70d68cd-5c1d-6b1c-a076-378be9c519d6}\Root\InventoryApplicationFile\0000cf4a8522cabda2c91c44e2510550f58b6983cdd5\LowerCaseLongPath,c:\program files\wireshark\wireshark.exe,,,,,,,,,,,,,,,,,,,,,,,,,,,,,,,,,,,,InvDB-Path,C.4f04b5de911bf0cd,C.4f04b5de911bf0cd
1780491434416,,,,,,,,,,,2026-06-03 07:29:59.786," {f4ba3e13-d7f3-6a1f-9e00-000000002300}",1568,C:\Windows\system32\CompatTelRunner.exe,,,NT AUTHORITY\SYSTEM,,,,,,,,,,,,SetValue,\REGISTRY\A\{b70d68cd-5c1d-6b1c-a076-378be9c519d6}\Root\InventoryApplicationFile\000053003ec1e083f888d94a2855939d07b5cd6d417e\LowerCaseLongPath,c:\program files\wireshark\dumpcap.exe,,,,,,,,,,,,,,,,,,,,,,,,,,,,,,,,,,,,InvDB-Path,C.4f04b5de911bf0cd,C.4f04b5de911bf0cd
1780491434416,,,,,,,,,,,2026-06-03 07:29:59.786," {f4ba3e13-d7f3-6a1f-9e00-000000002300}",1568,C:\Windows\system32\CompatTelRunner.exe,,,NT AUTHORITY\SYSTEM,,,,,,,,,,,,SetValue,\REGISTRY\A\{b70d68cd-5c1d-6b1c-a076-378be9c519d6}\Root\InventoryApplicationFile\0000b31cc0a3386ff41c1de4cdb632aec01988bc569b\LowerCaseLongPath,c:\program files\wireshark\uninstall.exe,,,,,,,,,,,,,,,,,,,,,,,,,,,,,,,,,,,,InvDB-Path,C.4f04b5de911bf0cd,C.4f04b5de911bf0cd
1780491434416,,,,,,,,,,,2026-06-03 07:29:59.786," {f4ba3e13-d7f3-6a1f-9e00-000000002300}",1568,C:\Windows\system32\CompatTelRunner.exe,,,NT AUTHORITY\SYSTEM,,,,,,,,,,,,SetValue,\REGISTRY\A\{b70d68cd-5c1d-6b1c-a076-378be9c519d6}\Root\InventoryApplicationFile\0000ec8867f49dd2c8bdc394b6305a3b55a1eabc6351\LowerCaseLongPath,c:\program files\wireshark\npcap-0.9997.exe,,,,,,,,,,,,,,,,,,,,,,,,,,,,,,,,,,,,InvDB-Path,C.4f04b5de911bf0cd,C.4f04b5de911bf0cd
1780491434416,,,,,,,,,,,2026-06-03 07:29:59.786," {f4ba3e13-d7f3-6a1f-9e00-000000002300}",1568,C:\Windows\system32\CompatTelRunner.exe,,,NT AUTHORITY\SYSTEM,,,,,,,,,,,,SetValue,\REGISTRY\A\{b70d68cd-5c1d-6b1c-a076-378be9c519d6}\Root\InventoryApplicationFile\0000058d47d0b218994a27e38ea102effc68e3b18ed3\LowerCaseLongPath,c:\program files\wireshark\capinfos.exe,,,,,,,,,,,,,,,,,,,,,,,,,,,,,,,,,,,,InvDB-Path,C.4f04b5de911bf0cd,C.4f04b5de911bf0cd
1780491434416,,,,,,,,,,,2026-06-03 07:29:59.786," {f4ba3e13-d7f3-6a1f-9e00-000000002300}",1568,C:\Windows\system32\CompatTelRunner.exe,,,NT AUTHORITY\SYSTEM,,,,,,,,,,,,SetValue,\REGISTRY\A\{b70d68cd-5c1d-6b1c-a076-378be9c519d6}\Root\InventoryApplicationFile\000035a4b8817105b33eb177a4b8cd0534670fe631c9\LowerCaseLongPath,c:\program files\wireshark\dftest.exe,,,,,,,,,,,,,,,,,,,,,,,,,,,,,,,,,,,,InvDB-Path,C.4f04b5de911bf0cd,C.4f04b5de911bf0cd
1780491434416,,,,,,,,,,,2026-06-03 07:29:59.786," {f4ba3e13-d7f3-6a1f-9e00-000000002300}",1568,C:\Windows\system32\CompatTelRunner.exe,,,NT AUTHORITY\SYSTEM,,,,,,,,,,,,SetValue,\REGISTRY\A\{b70d68cd-5c1d-6b1c-a076-378be9c519d6}\Root\InventoryApplicationFile\00007396ce6d65acd742e3b176e5a85e8dfbdb2687b4\LowerCaseLongPath,c:\program files\wireshark\editcap.exe,,,,,,,,,,,,,,,,,,,,,,,,,,,,,,,,,,,,InvDB-Path,C.4f04b5de911bf0cd,C.4f04b5de911bf0cd
1780491434416,,,,,,,,,,,2026-06-03 07:29:59.786," {f4ba3e13-d7f3-6a1f-9e00-000000002300}",1568,C:\Windows\system32\CompatTelRunner.exe,,,NT AUTHORITY\SYSTEM,,,,,,,,,,,,SetValue,\REGISTRY\A\{b70d68cd-5c1d-6b1c-a076-378be9c519d6}\Root\InventoryApplicationFile\0000ea7f74f42c1671350a40d2758a508d107dce3939\LowerCaseLongPath,c:\program files\wireshark\mmdbresolve.exe,,,,,,,,,,,,,,,,,,,,,,,,,,,,,,,,,,,,InvDB-Path,C.4f04b5de911bf0cd,C.4f04b5de911bf0cd
1780491434416,,,,,,,,,,,2026-06-03 07:29:59.786," {f4ba3e13-d7f3-6a1f-9e00-000000002300}",1568,C:\Windows\system32\CompatTelRunner.exe,,,NT AUTHORITY\SYSTEM,,,,,,,,,,,,SetValue,\REGISTRY\A\{b70d68cd-5c1d-6b1c-a076-378be9c519d6}\Root\InventoryApplicationFile\00008f0a24cce3e9bf42bef4d1e129f5b1c942981f48\LowerCaseLongPath,c:\program files\wireshark\mergecap.exe,,,,,,,,,,,,,,,,,,,,,,,,,,,,,,,,,,,,InvDB-Path,C.4f04b5de911bf0cd,C.4f04b5de911bf0cd
1780491434416,,,,,,,,,,,2026-06-03 07:29:59.801," {f4ba3e13-d7f3-6a1f-9e00-000000002300}",1568,C:\Windows\system32\CompatTelRunner.exe,,,NT AUTHORITY\SYSTEM,,,,,,,,,,,,SetValue,\REGISTRY\A\{b70d68cd-5c1d-6b1c-a076-378be9c519d6}\Root\InventoryApplicationFile\0000cba20cbcb431bb1e1752041b05782ead65bba7e6\LowerCaseLongPath,c:\program files\wireshark\rawshark.exe,,,,,,,,,,,,,,,,,,,,,,,,,,,,,,,,,,,,InvDB-Path,C.4f04b5de911bf0cd,C.4f04b5de911bf0cd
1780491434416,,,,,,,,,,,2026-06-03 07:29:59.801," {f4ba3e13-d7f3-6a1f-9e00-000000002300}",1568,C:\Windows\system32\CompatTelRunner.exe,,,NT AUTHORITY\SYSTEM,,,,,,,,,,,,SetValue,\REGISTRY\A\{b70d68cd-5c1d-6b1c-a076-378be9c519d6}\Root\InventoryApplicationFile\00000d91919ed5cfa33036cc3aa9f48d66d2614f7952\LowerCaseLongPath,c:\program files\wireshark\reordercap.exe,,,,,,,,,,,,,,,,,,,,,,,,,,,,,,,,,,,,InvDB-Path,C.4f04b5de911bf0cd,C.4f04b5de911bf0cd
1780491434416,,,,,,,,,,,2026-06-03 07:29:59.801," {f4ba3e13-d7f3-6a1f-9e00-000000002300}",1568,C:\Windows\system32\CompatTelRunner.exe,,,NT AUTHORITY\SYSTEM,,,,,,,,,,,,SetValue,\REGISTRY\A\{b70d68cd-5c1d-6b1c-a076-378be9c519d6}\Root\InventoryApplicationFile\000007834d77782256ba1fc39640d98e5711fbbd4eb7\LowerCaseLongPath,c:\program files\wireshark\tshark.exe,,,,,,,,,,,,,,,,,,,,,,,,,,,,,,,,,,,,InvDB-Path,C.4f04b5de911bf0cd,C.4f04b5de911bf0cd
1780491434416,,,,,,,,,,,2026-06-03 07:29:59.801," {f4ba3e13-d7f3-6a1f-9e00-000000002300}",1568,C:\Windows\system32\CompatTelRunner.exe,,,NT AUTHORITY\SYSTEM,,,,,,,,,,,,SetValue,\REGISTRY\A\{b70d68cd-5c1d-6b1c-a076-378be9c519d6}\Root\InventoryApplicationFile\00007999dc8012ad68e07962a235991be8fe550649ca\LowerCaseLongPath,c:\program files\wireshark\text2pcap.exe,,,,,,,,,,,,,,,,,,,,,,,,,,,,,,,,,,,,InvDB-Path,C.4f04b5de911bf0cd,C.4f04b5de911bf0cd
1780491434416,,,,,,,,,,,2026-06-03 07:30:01.417," {f4ba3e13-d7f4-6a1f-af00-000000002300}",5160,C:\Windows\System32\sdiagnhost.exe,,,CHILD\Administrator,,,,,,,,,,C:\Users\Administrator\AppData\Local\Temp\1scjcdtt.mmz.ps1,2026-06-03 07:30:01.417,,,,,,,,,,,,,,,,,,,,,,,,,,,,,,,,,,,,,,,-,C.4f04b5de911bf0cd,C.4f04b5de911bf0cd
1780491434416,,,,,,,,,,,2026-06-03 07:30:04.261," {f4ba3e13-d7f3-6a1f-a800-000000002300}",4848,C:\Windows\system32\cleanmgr.exe,,,CHILD\Administrator,,,,,,,,,,C:\Users\ADMINI~1\AppData\Local\Temp\0E8908B0-802B-4DAE-9A66-0F0D0F2811BF\AppxProvider.dll,2026-06-03 07:30:04.261,,,,,,,,,,,,,,,,,,,,,,,,,,,,,,,,,,,,,,,DLL,C.4f04b5de911bf0cd,C.4f04b5de911bf0cd
1780491434416,,,,,,,,,,,2026-06-03 07:30:04.261," {f4ba3e13-d7f3-6a1f-a800-000000002300}",4848,C:\Windows\system32\cleanmgr.exe,,,CHILD\Administrator,,,,,,,,,,C:\Users\ADMINI~1\AppData\Local\Temp\0E8908B0-802B-4DAE-9A66-0F0D0F2811BF\AssocProvider.dll,2026-06-03 07:30:04.261,,,,,,,,,,,,,,,,,,,,,,,,,,,,,,,,,,,,,,,DLL,C.4f04b5de911bf0cd,C.4f04b5de911bf0cd
1780491434416,,,,,,,,,,,2026-06-03 07:30:04.292," {f4ba3e13-d7f3-6a1f-a800-000000002300}",4848,C:\Windows\system32\cleanmgr.exe,,,CHILD\Administrator,,,,,,,,,,C:\Users\ADMINI~1\AppData\Local\Temp\0E8908B0-802B-4DAE-9A66-0F0D0F2811BF\CbsProvider.dll,2026-06-03 07:30:04.261,,,,,,,,,,,,,,,,,,,,,,,,,,,,,,,,,,,,,,,DLL,C.4f04b5de911bf0cd,C.4f04b5de911bf0cd
1780491434416,,,,,,,,,,,2026-06-03 07:30:04.323," {f4ba3e13-d7f3-6a1f-a800-000000002300}",4848,C:\Windows\system32\cleanmgr.exe,,,CHILD\Administrator,,,,,,,,,,C:\Users\ADMINI~1\AppData\Local\Temp\0E8908B0-802B-4DAE-9A66-0F0D0F2811BF\CompatProvider.dll,2026-06-03 07:30:04.323,,,,,,,,,,,,,,,,,,,,,,,,,,,,,,,,,,,,,,,DLL,C.4f04b5de911bf0cd,C.4f04b5de911bf0cd
1780491434416,,,,,,,,,,,2026-06-03 07:30:04.323," {f4ba3e13-d7f3-6a1f-a800-000000002300}",4848,C:\Windows\system32\cleanmgr.exe,,,CHILD\Administrator,,,,,,,,,,C:\Users\ADMINI~1\AppData\Local\Temp\0E8908B0-802B-4DAE-9A66-0F0D0F2811BF\DismCore.dll,2026-06-03 07:30:04.323,,,,,,,,,,,,,,,,,,,,,,,,,,,,,,,,,,,,,,,DLL,C.4f04b5de911bf0cd,C.4f04b5de911bf0cd
1780491434416,,,,,,,,,,,2026-06-03 07:30:04.323," {f4ba3e13-d7f3-6a1f-a800-000000002300}",4848,C:\Windows\system32\cleanmgr.exe,,,CHILD\Administrator,,,,,,,,,,C:\Users\ADMINI~1\AppData\Local\Temp\0E8908B0-802B-4DAE-9A66-0F0D0F2811BF\DismCorePS.dll,2026-06-03 07:30:04.323,,,,,,,,,,,,,,,,,,,,,,,,,,,,,,,,,,,,,,,DLL,C.4f04b5de911bf0cd,C.4f04b5de911bf0cd
1780491434416,,,,,,,,,,,2026-06-03 07:30:04.323," {f4ba3e13-d7f3-6a1f-a800-000000002300}",4848,C:\Windows\system32\cleanmgr.exe,,,CHILD\Administrator,,,,,,,,,,C:\Users\ADMINI~1\AppData\Local\Temp\0E8908B0-802B-4DAE-9A66-0F0D0F2811BF\DismHost.exe,2026-06-03 07:30:04.323,,,,,,,,,,,,,,,,,,,,,,,,,,,,,,,,,,,,,,,EXE,C.4f04b5de911bf0cd,C.4f04b5de911bf0cd
1780491434416,,,,,,,,,,,2026-06-03 07:30:04.339," {f4ba3e13-d7f3-6a1f-a800-000000002300}",4848,C:\Windows\system32\cleanmgr.exe,,,CHILD\Administrator,,,,,,,,,,C:\Users\ADMINI~1\AppData\Local\Temp\0E8908B0-802B-4DAE-9A66-0F0D0F2811BF\DismProv.dll,2026-06-03 07:30:04.323,,,,,,,,,,,,,,,,,,,,,,,,,,,,,,,,,,,,,,,DLL,C.4f04b5de911bf0cd,C.4f04b5de911bf0cd
1780491434416,,,,,,,,,,,2026-06-03 07:30:04.339," {f4ba3e13-d7f3-6a1f-a800-000000002300}",4848,C:\Windows\system32\cleanmgr.exe,,,CHILD\Administrator,,,,,,,,,,C:\Users\ADMINI~1\AppData\Local\Temp\0E8908B0-802B-4DAE-9A66-0F0D0F2811BF\DmiProvider.dll,2026-06-03 07:30:04.339,,,,,,,,,,,,,,,,,,,,,,,,,,,,,,,,,,,,,,,DLL,C.4f04b5de911bf0cd,C.4f04b5de911bf0cd
1780491434416,,,,,,,,,,,2026-06-03 07:30:04.522," {f4ba3e13-d7f3-6a1f-a800-000000002300}",4848,C:\Windows\system32\cleanmgr.exe,,,CHILD\Administrator,,,,,,,,,,C:\Users\ADMINI~1\AppData\Local\Temp\0E8908B0-802B-4DAE-9A66-0F0D0F2811BF\FfuProvider.dll,2026-06-03 07:30:04.522,,,,,,,,,,,,,,,,,,,,,,,,,,,,,,,,,,,,,,,DLL,C.4f04b5de911bf0cd,C.4f04b5de911bf0cd
1780491434416,,,,,,,,,,,2026-06-03 07:30:04.522," {f4ba3e13-d7f3-6a1f-a800-000000002300}",4848,C:\Windows\system32\cleanmgr.exe,,,CHILD\Administrator,,,,,,,,,,C:\Users\ADMINI~1\AppData\Local\Temp\0E8908B0-802B-4DAE-9A66-0F0D0F2811BF\FolderProvider.dll,2026-06-03 07:30:04.522,,,,,,,,,,,,,,,,,,,,,,,,,,,,,,,,,,,,,,,DLL,C.4f04b5de911bf0cd,C.4f04b5de911bf0cd
1780491434416,,,,,,,,,,,2026-06-03 07:30:04.522," {f4ba3e13-d7f3-6a1f-a800-000000002300}",4848,C:\Windows\system32\cleanmgr.exe,,,CHILD\Administrator,,,,,,,,,,C:\Users\ADMINI~1\AppData\Local\Temp\0E8908B0-802B-4DAE-9A66-0F0D0F2811BF\GenericProvider.dll,2026-06-03 07:30:04.522,,,,,,,,,,,,,,,,,,,,,,,,,,,,,,,,,,,,,,,DLL,C.4f04b5de911bf0cd,C.4f04b5de911bf0cd
1780491434416,,,,,,,,,,,2026-06-03 07:30:04.538," {f4ba3e13-d7f3-6a1f-a800-000000002300}",4848,C:\Windows\system32\cleanmgr.exe,,,CHILD\Administrator,,,,,,,,,,C:\Users\ADMINI~1\AppData\Local\Temp\0E8908B0-802B-4DAE-9A66-0F0D0F2811BF\IBSProvider.dll,2026-06-03 07:30:04.538,,,,,,,,,,,,,,,,,,,,,,,,,,,,,,,,,,,,,,,DLL,C.4f04b5de911bf0cd,C.4f04b5de911bf0cd
1780491434416,,,,,,,,,,,2026-06-03 07:30:04.538," {f4ba3e13-d7f3-6a1f-a800-000000002300}",4848,C:\Windows\system32\cleanmgr.exe,,,CHILD\Administrator,,,,,,,,,,C:\Users\ADMINI~1\AppData\Local\Temp\0E8908B0-802B-4DAE-9A66-0F0D0F2811BF\ImagingProvider.dll,2026-06-03 07:30:04.538,,,,,,,,,,,,,,,,,,,,,,,,,,,,,,,,,,,,,,,DLL,C.4f04b5de911bf0cd,C.4f04b5de911bf0cd
1780491434416,,,,,,,,,,,2026-06-03 07:30:04.538," {f4ba3e13-d7f3-6a1f-a800-000000002300}",4848,C:\Windows\system32\cleanmgr.exe,,,CHILD\Administrator,,,,,,,,,,C:\Users\ADMINI~1\AppData\Local\Temp\0E8908B0-802B-4DAE-9A66-0F0D0F2811BF\IntlProvider.dll,2026-06-03 07:30:04.538,,,,,,,,,,,,,,,,,,,,,,,,,,,,,,,,,,,,,,,DLL,C.4f04b5de911bf0cd,C.4f04b5de911bf0cd
1780491434416,,,,,,,,,,,2026-06-03 07:30:04.538," {f4ba3e13-d7f3-6a1f-a800-000000002300}",4848,C:\Windows\system32\cleanmgr.exe,,,CHILD\Administrator,,,,,,,,,,C:\Users\ADMINI~1\AppData\Local\Temp\0E8908B0-802B-4DAE-9A66-0F0D0F2811BF\LogProvider.dll,2026-06-03 07:30:04.538,,,,,,,,,,,,,,,,,,,,,,,,,,,,,,,,,,,,,,,DLL,C.4f04b5de911bf0cd,C.4f04b5de911bf0cd
1780491434416,,,,,,,,,,,2026-06-03 07:30:04.538," {f4ba3e13-d7f3-6a1f-a800-000000002300}",4848,C:\Windows\system32\cleanmgr.exe,,,CHILD\Administrator,,,,,,,,,,C:\Users\ADMINI~1\AppData\Local\Temp\0E8908B0-802B-4DAE-9A66-0F0D0F2811BF\MsiProvider.dll,2026-06-03 07:30:04.538,,,,,,,,,,,,,,,,,,,,,,,,,,,,,,,,,,,,,,,DLL,C.4f04b5de911bf0cd,C.4f04b5de911bf0cd
1780491434416,,,,,,,,,,,2026-06-03 07:30:04.538," {f4ba3e13-d7f3-6a1f-a800-000000002300}",4848,C:\Windows\system32\cleanmgr.exe,,,CHILD\Administrator,,,,,,,,,,C:\Users\ADMINI~1\AppData\Local\Temp\0E8908B0-802B-4DAE-9A66-0F0D0F2811BF\OfflineSetupProvider.dll,2026-06-03 07:30:04.538,,,,,,,,,,,,,,,,,,,,,,,,,,,,,,,,,,,,,,,DLL,C.4f04b5de911bf0cd,C.4f04b5de911bf0cd
1780491434416,,,,,,,,,,,2026-06-03 07:30:04.538," {f4ba3e13-d7f3-6a1f-a800-000000002300}",4848,C:\Windows\system32\cleanmgr.exe,,,CHILD\Administrator,,,,,,,,,,C:\Users\ADMINI~1\AppData\Local\Temp\0E8908B0-802B-4DAE-9A66-0F0D0F2811BF\OSProvider.dll,2026-06-03 07:30:04.538,,,,,,,,,,,,,,,,,,,,,,,,,,,,,,,,,,,,,,,DLL,C.4f04b5de911bf0cd,C.4f04b5de911bf0cd
1780491434416,,,,,,,,,,,2026-06-03 07:30:04.538," {f4ba3e13-d7f3-6a1f-a800-000000002300}",4848,C:\Windows\system32\cleanmgr.exe,,,CHILD\Administrator,,,,,,,,,,C:\Users\ADMINI~1\AppData\Local\Temp\0E8908B0-802B-4DAE-9A66-0F0D0F2811BF\ProvProvider.dll,2026-06-03 07:30:04.538,,,,,,,,,,,,,,,,,,,,,,,,,,,,,,,,,,,,,,,DLL,C.4f04b5de911bf0cd,C.4f04b5de911bf0cd
1780491434416,,,,,,,,,,,2026-06-03 07:30:04.553," {f4ba3e13-d7f3-6a1f-a800-000000002300}",4848,C:\Windows\system32\cleanmgr.exe,,,CHILD\Administrator,,,,,,,,,,C:\Users\ADMINI~1\AppData\Local\Temp\0E8908B0-802B-4DAE-9A66-0F0D0F2811BF\SmiProvider.dll,2026-06-03 07:30:04.553,,,,,,,,,,,,,,,,,,,,,,,,,,,,,,,,,,,,,,,DLL,C.4f04b5de911bf0cd,C.4f04b5de911bf0cd
1780491434416,,,,,,,,,,,2026-06-03 07:30:04.553," {f4ba3e13-d7f3-6a1f-a800-000000002300}",4848,C:\Windows\system32\cleanmgr.exe,,,CHILD\Administrator,,,,,,,,,,C:\Users\ADMINI~1\AppData\Local\Temp\0E8908B0-802B-4DAE-9A66-0F0D0F2811BF\TransmogProvider.dll,2026-06-03 07:30:04.553,,,,,,,,,,,,,,,,,,,,,,,,,,,,,,,,,,,,,,,DLL,C.4f04b5de911bf0cd,C.4f04b5de911bf0cd
1780491434416,,,,,,,,,,,2026-06-03 07:30:04.553," {f4ba3e13-d7f3-6a1f-a800-000000002300}",4848,C:\Windows\system32\cleanmgr.exe,,,CHILD\Administrator,,,,,,,,,,C:\Users\ADMINI~1\AppData\Local\Temp\0E8908B0-802B-4DAE-9A66-0F0D0F2811BF\UnattendProvider.dll,2026-06-03 07:30:04.553,,,,,,,,,,,,,,,,,,,,,,,,,,,,,,,,,,,,,,,DLL,C.4f04b5de911bf0cd,C.4f04b5de911bf0cd
1780491434416,,,,,,,,,,,2026-06-03 07:30:04.553," {f4ba3e13-d7f3-6a1f-a800-000000002300}",4848,C:\Windows\system32\cleanmgr.exe,,,CHILD\Administrator,,,,,,,,,,C:\Users\ADMINI~1\AppData\Local\Temp\0E8908B0-802B-4DAE-9A66-0F0D0F2811BF\VhdProvider.dll,2026-06-03 07:30:04.553,,,,,,,,,,,,,,,,,,,,,,,,,,,,,,,,,,,,,,,DLL,C.4f04b5de911bf0cd,C.4f04b5de911bf0cd
1780491434416,,,,,,,,,,,2026-06-03 07:30:04.553," {f4ba3e13-d7f3-6a1f-a800-000000002300}",4848,C:\Windows\system32\cleanmgr.exe,,,CHILD\Administrator,,,,,,,,,,C:\Users\ADMINI~1\AppData\Local\Temp\0E8908B0-802B-4DAE-9A66-0F0D0F2811BF\WimProvider.dll,2026-06-03 07:30:04.553,,,,,,,,,,,,,,,,,,,,,,,,,,,,,,,,,,,,,,,DLL,C.4f04b5de911bf0cd,C.4f04b5de911bf0cd
1780491434416,,,,,,,,,,,2026-06-03 07:30:04.553," {f4ba3e13-d7f3-6a1f-a800-000000002300}",4848,C:\Windows\system32\cleanmgr.exe,,,CHILD\Administrator,,,,,,,,,,C:\Users\ADMINI~1\AppData\Local\Temp\0E8908B0-802B-4DAE-9A66-0F0D0F2811BF\api-ms-win-base-util-l1-1-0.dll,2026-06-03 07:30:04.553,,,,,,,,,,,,,,,,,,,,,,,,,,,,,,,,,,,,,,,DLL,C.4f04b5de911bf0cd,C.4f04b5de911bf0cd
1780491434416,,,,,,,,,,,2026-06-03 07:30:04.553," {f4ba3e13-d7f3-6a1f-a800-000000002300}",4848,C:\Windows\system32\cleanmgr.exe,,,CHILD\Administrator,,,,,,,,,,C:\Users\ADMINI~1\AppData\Local\Temp\0E8908B0-802B-4DAE-9A66-0F0D0F2811BF\api-ms-win-core-com-l1-1-0.dll,2026-06-03 07:30:04.553,,,,,,,,,,,,,,,,,,,,,,,,,,,,,,,,,,,,,,,DLL,C.4f04b5de911bf0cd,C.4f04b5de911bf0cd
1780491434416,,,,,,,,,,,2026-06-03 07:30:04.569," {f4ba3e13-d7f3-6a1f-a800-000000002300}",4848,C:\Windows\system32\cleanmgr.exe,,,CHILD\Administrator,,,,,,,,,,C:\Users\ADMINI~1\AppData\Local\Temp\0E8908B0-802B-4DAE-9A66-0F0D0F2811BF\api-ms-win-core-comm-l1-1-0.dll,2026-06-03 07:30:04.553,,,,,,,,,,,,,,,,,,,,,,,,,,,,,,,,,,,,,,,DLL,C.4f04b5de911bf0cd,C.4f04b5de911bf0cd
1780491434416,,,,,,,,,,,2026-06-03 07:30:04.569," {f4ba3e13-d7f3-6a1f-a800-000000002300}",4848,C:\Windows\system32\cleanmgr.exe,,,CHILD\Administrator,,,,,,,,,,C:\Users\ADMINI~1\AppData\Local\Temp\0E8908B0-802B-4DAE-9A66-0F0D0F2811BF\api-ms-win-core-console-l1-1-0.dll,2026-06-03 07:30:04.569,,,,,,,,,,,,,,,,,,,,,,,,,,,,,,,,,,,,,,,DLL,C.4f04b5de911bf0cd,C.4f04b5de911bf0cd
1780491434416,,,,,,,,,,,2026-06-03 07:30:04.569," {f4ba3e13-d7f3-6a1f-a800-000000002300}",4848,C:\Windows\system32\cleanmgr.exe,,,CHILD\Administrator,,,,,,,,,,C:\Users\ADMINI~1\AppData\Local\Temp\0E8908B0-802B-4DAE-9A66-0F0D0F2811BF\api-ms-win-core-datetime-l1-1-0.dll,2026-06-03 07:30:04.569,,,,,,,,,,,,,,,,,,,,,,,,,,,,,,,,,,,,,,,DLL,C.4f04b5de911bf0cd,C.4f04b5de911bf0cd
1780491434416,,,,,,,,,,,2026-06-03 07:30:04.569," {f4ba3e13-d7f3-6a1f-a800-000000002300}",4848,C:\Windows\system32\cleanmgr.exe,,,CHILD\Administrator,,,,,,,,,,C:\Users\ADMINI~1\AppData\Local\Temp\0E8908B0-802B-4DAE-9A66-0F0D0F2811BF\api-ms-win-core-datetime-l1-1-1.dll,2026-06-03 07:30:04.569,,,,,,,,,,,,,,,,,,,,,,,,,,,,,,,,,,,,,,,DLL,C.4f04b5de911bf0cd,C.4f04b5de911bf0cd
1780491434416,,,,,,,,,,,2026-06-03 07:30:04.569," {f4ba3e13-d7f3-6a1f-a800-000000002300}",4848,C:\Windows\system32\cleanmgr.exe,,,CHILD\Administrator,,,,,,,,,,C:\Users\ADMINI~1\AppData\Local\Temp\0E8908B0-802B-4DAE-9A66-0F0D0F2811BF\api-ms-win-core-debug-l1-1-0.dll,2026-06-03 07:30:04.569,,,,,,,,,,,,,,,,,,,,,,,,,,,,,,,,,,,,,,,DLL,C.4f04b5de911bf0cd,C.4f04b5de911bf0cd
1780491434416,,,,,,,,,,,2026-06-03 07:30:04.569," {f4ba3e13-d7f3-6a1f-a800-000000002300}",4848,C:\Windows\system32\cleanmgr.exe,,,CHILD\Administrator,,,,,,,,,,C:\Users\ADMINI~1\AppData\Local\Temp\0E8908B0-802B-4DAE-9A66-0F0D0F2811BF\api-ms-win-core-debug-l1-1-1.dll,2026-06-03 07:30:04.569,,,,,,,,,,,,,,,,,,,,,,,,,,,,,,,,,,,,,,,DLL,C.4f04b5de911bf0cd,C.4f04b5de911bf0cd
1780491434416,,,,,,,,,,,2026-06-03 07:30:04.600," {f4ba3e13-d7f3-6a1f-a800-000000002300}",4848,C:\Windows\system32\cleanmgr.exe,,,CHILD\Administrator,,,,,,,,,,C:\Users\ADMINI~1\AppData\Local\Temp\0E8908B0-802B-4DAE-9A66-0F0D0F2811BF\api-ms-win-core-delayload-l1-1-0.dll,2026-06-03 07:30:04.569,,,,,,,,,,,,,,,,,,,,,,,,,,,,,,,,,,,,,,,DLL,C.4f04b5de911bf0cd,C.4f04b5de911bf0cd
1780491434416,,,,,,,,,,,2026-06-03 07:30:04.600," {f4ba3e13-d7f3-6a1f-a800-000000002300}",4848,C:\Windows\system32\cleanmgr.exe,,,CHILD\Administrator,,,,,,,,,,C:\Users\ADMINI~1\AppData\Local\Temp\0E8908B0-802B-4DAE-9A66-0F0D0F2811BF\api-ms-win-core-errorhandling-l1-1-0.dll,2026-06-03 07:30:04.600,,,,,,,,,,,,,,,,,,,,,,,,,,,,,,,,,,,,,,,DLL,C.4f04b5de911bf0cd,C.4f04b5de911bf0cd
1780491434416,,,,,,,,,,,2026-06-03 07:30:04.600," {f4ba3e13-d7f3-6a1f-a800-000000002300}",4848,C:\Windows\system32\cleanmgr.exe,,,CHILD\Administrator,,,,,,,,,,C:\Users\ADMINI~1\AppData\Local\Temp\0E8908B0-802B-4DAE-9A66-0F0D0F2811BF\api-ms-win-core-errorhandling-l1-1-1.dll,2026-06-03 07:30:04.600,,,,,,,,,,,,,,,,,,,,,,,,,,,,,,,,,,,,,,,DLL,C.4f04b5de911bf0cd,C.4f04b5de911bf0cd
1780491434416,,,,,,,,,,,2026-06-03 07:30:04.600," {f4ba3e13-d7f3-6a1f-a800-000000002300}",4848,C:\Windows\system32\cleanmgr.exe,,,CHILD\Administrator,,,,,,,,,,C:\Users\ADMINI~1\AppData\Local\Temp\0E8908B0-802B-4DAE-9A66-0F0D0F2811BF\api-ms-win-core-fibers-l1-1-0.dll,2026-06-03 07:30:04.600,,,,,,,,,,,,,,,,,,,,,,,,,,,,,,,,,,,,,,,DLL,C.4f04b5de911bf0cd,C.4f04b5de911bf0cd
1780491434416,,,,,,,,,,,2026-06-03 07:30:04.600," {f4ba3e13-d7f3-6a1f-a800-000000002300}",4848,C:\Windows\system32\cleanmgr.exe,,,CHILD\Administrator,,,,,,,,,,C:\Users\ADMINI~1\AppData\Local\Temp\0E8908B0-802B-4DAE-9A66-0F0D0F2811BF\api-ms-win-core-fibers-l1-1-1.dll,2026-06-03 07:30:04.600,,,,,,,,,,,,,,,,,,,,,,,,,,,,,,,,,,,,,,,DLL,C.4f04b5de911bf0cd,C.4f04b5de911bf0cd
1780491434416,,,,,,,,,,,2026-06-03 07:30:04.600," {f4ba3e13-d7f3-6a1f-a800-000000002300}",4848,C:\Windows\system32\cleanmgr.exe,,,CHILD\Administrator,,,,,,,,,,C:\Users\ADMINI~1\AppData\Local\Temp\0E8908B0-802B-4DAE-9A66-0F0D0F2811BF\api-ms-win-core-file-l1-1-0.dll,2026-06-03 07:30:04.600,,,,,,,,,,,,,,,,,,,,,,,,,,,,,,,,,,,,,,,DLL,C.4f04b5de911bf0cd,C.4f04b5de911bf0cd
1780491434416,,,,,,,,,,,2026-06-03 07:30:04.600," {f4ba3e13-d7f3-6a1f-a800-000000002300}",4848,C:\Windows\system32\cleanmgr.exe,,,CHILD\Administrator,,,,,,,,,,C:\Users\ADMINI~1\AppData\Local\Temp\0E8908B0-802B-4DAE-9A66-0F0D0F2811BF\api-ms-win-core-file-l1-2-0.dll,2026-06-03 07:30:04.600,,,,,,,,,,,,,,,,,,,,,,,,,,,,,,,,,,,,,,,DLL,C.4f04b5de911bf0cd,C.4f04b5de911bf0cd
1780491434416,,,,,,,,,,,2026-06-03 07:30:04.600," {f4ba3e13-d7f3-6a1f-a800-000000002300}",4848,C:\Windows\system32\cleanmgr.exe,,,CHILD\Administrator,,,,,,,,,,C:\Users\ADMINI~1\AppData\Local\Temp\0E8908B0-802B-4DAE-9A66-0F0D0F2811BF\api-ms-win-core-file-l1-2-1.dll,2026-06-03 07:30:04.600,,,,,,,,,,,,,,,,,,,,,,,,,,,,,,,,,,,,,,,DLL,C.4f04b5de911bf0cd,C.4f04b5de911bf0cd
1780491434416,,,,,,,,,,,2026-06-03 07:30:04.600," {f4ba3e13-d7f3-6a1f-a800-000000002300}",4848,C:\Windows\system32\cleanmgr.exe,,,CHILD\Administrator,,,,,,,,,,C:\Users\ADMINI~1\AppData\Local\Temp\0E8908B0-802B-4DAE-9A66-0F0D0F2811BF\API-MS-Win-core-file-l2-1-0.dll,2026-06-03 07:30:04.600,,,,,,,,,,,,,,,,,,,,,,,,,,,,,,,,,,,,,,,DLL,C.4f04b5de911bf0cd,C.4f04b5de911bf0cd
1780491434416,,,,,,,,,,,2026-06-03 07:30:04.600," {f4ba3e13-d7f3-6a1f-a800-000000002300}",4848,C:\Windows\system32\cleanmgr.exe,,,CHILD\Administrator,,,,,,,,,,C:\Users\ADMINI~1\AppData\Local\Temp\0E8908B0-802B-4DAE-9A66-0F0D0F2811BF\API-MS-Win-core-file-l2-1-1.dll,2026-06-03 07:30:04.600,,,,,,,,,,,,,,,,,,,,,,,,,,,,,,,,,,,,,,,DLL,C.4f04b5de911bf0cd,C.4f04b5de911bf0cd
1780491434416,,,,,,,,,,,2026-06-03 07:30:04.616," {f4ba3e13-d7f3-6a1f-a800-000000002300}",4848,C:\Windows\system32\cleanmgr.exe,,,CHILD\Administrator,,,,,,,,,,C:\Users\ADMINI~1\AppData\Local\Temp\0E8908B0-802B-4DAE-9A66-0F0D0F2811BF\api-ms-win-core-handle-l1-1-0.dll,2026-06-03 07:30:04.616,,,,,,,,,,,,,,,,,,,,,,,,,,,,,,,,,,,,,,,DLL,C.4f04b5de911bf0cd,C.4f04b5de911bf0cd
1780491434416,,,,,,,,,,,2026-06-03 07:30:04.616," {f4ba3e13-d7f3-6a1f-a800-000000002300}",4848,C:\Windows\system32\cleanmgr.exe,,,CHILD\Administrator,,,,,,,,,,C:\Users\ADMINI~1\AppData\Local\Temp\0E8908B0-802B-4DAE-9A66-0F0D0F2811BF\api-ms-win-core-heap-l1-1-0.dll,2026-06-03 07:30:04.616,,,,,,,,,,,,,,,,,,,,,,,,,,,,,,,,,,,,,,,DLL,C.4f04b5de911bf0cd,C.4f04b5de911bf0cd
1780491434416,,,,,,,,,,,2026-06-03 07:30:04.616," {f4ba3e13-d7f3-6a1f-a800-000000002300}",4848,C:\Windows\system32\cleanmgr.exe,,,CHILD\Administrator,,,,,,,,,,C:\Users\ADMINI~1\AppData\Local\Temp\0E8908B0-802B-4DAE-9A66-0F0D0F2811BF\API-MS-Win-Core-Heap-Obsolete-L1-1-0.dll,2026-06-03 07:30:04.616,,,,,,,,,,,,,,,,,,,,,,,,,,,,,,,,,,,,,,,DLL,C.4f04b5de911bf0cd,C.4f04b5de911bf0cd
1780491434416,,,,,,,,,,,2026-06-03 07:30:04.616," {f4ba3e13-d7f3-6a1f-a800-000000002300}",4848,C:\Windows\system32\cleanmgr.exe,,,CHILD\Administrator,,,,,,,,,,C:\Users\ADMINI~1\AppData\Local\Temp\0E8908B0-802B-4DAE-9A66-0F0D0F2811BF\api-ms-win-core-interlocked-l1-1-0.dll,2026-06-03 07:30:04.616,,,,,,,,,,,,,,,,,,,,,,,,,,,,,,,,,,,,,,,DLL,C.4f04b5de911bf0cd,C.4f04b5de911bf0cd
1780491434416,,,,,,,,,,,2026-06-03 07:30:04.616," {f4ba3e13-d7f3-6a1f-a800-000000002300}",4848,C:\Windows\system32\cleanmgr.exe,,,CHILD\Administrator,,,,,,,,,,C:\Users\ADMINI~1\AppData\Local\Temp\0E8908B0-802B-4DAE-9A66-0F0D0F2811BF\api-ms-win-core-io-l1-1-0.dll,2026-06-03 07:30:04.616,,,,,,,,,,,,,,,,,,,,,,,,,,,,,,,,,,,,,,,DLL,C.4f04b5de911bf0cd,C.4f04b5de911bf0cd
1780491434416,,,,,,,,,,,2026-06-03 07:30:04.616," {f4ba3e13-d7f3-6a1f-a800-000000002300}",4848,C:\Windows\system32\cleanmgr.exe,,,CHILD\Administrator,,,,,,,,,,C:\Users\ADMINI~1\AppData\Local\Temp\0E8908B0-802B-4DAE-9A66-0F0D0F2811BF\api-ms-win-core-io-l1-1-1.dll,2026-06-03 07:30:04.616,,,,,,,,,,,,,,,,,,,,,,,,,,,,,,,,,,,,,,,DLL,C.4f04b5de911bf0cd,C.4f04b5de911bf0cd
1780491434416,,,,,,,,,,,2026-06-03 07:30:04.616," {f4ba3e13-d7f3-6a1f-a800-000000002300}",4848,C:\Windows\system32\cleanmgr.exe,,,CHILD\Administrator,,,,,,,,,,C:\Users\ADMINI~1\AppData\Local\Temp\0E8908B0-802B-4DAE-9A66-0F0D0F2811BF\api-ms-win-core-kernel32-legacy-l1-1-0.dll,2026-06-03 07:30:04.616,,,,,,,,,,,,,,,,,,,,,,,,,,,,,,,,,,,,,,,DLL,C.4f04b5de911bf0cd,C.4f04b5de911bf0cd
1780491434416,,,,,,,,,,,2026-06-03 07:30:04.616," {f4ba3e13-d7f3-6a1f-a800-000000002300}",4848,C:\Windows\system32\cleanmgr.exe,,,CHILD\Administrator,,,,,,,,,,C:\Users\ADMINI~1\AppData\Local\Temp\0E8908B0-802B-4DAE-9A66-0F0D0F2811BF\api-ms-win-core-kernel32-legacy-l1-1-1.dll,2026-06-03 07:30:04.616,,,,,,,,,,,,,,,,,,,,,,,,,,,,,,,,,,,,,,,DLL,C.4f04b5de911bf0cd,C.4f04b5de911bf0cd
1780491434416,,,,,,,,,,,2026-06-03 07:30:04.616," {f4ba3e13-d7f3-6a1f-a800-000000002300}",4848,C:\Windows\system32\cleanmgr.exe,,,CHILD\Administrator,,,,,,,,,,C:\Users\ADMINI~1\AppData\Local\Temp\0E8908B0-802B-4DAE-9A66-0F0D0F2811BF\API-MS-Win-Core-Kernel32-Private-L1-1-0.dll,2026-06-03 07:30:04.616,,,,,,,,,,,,,,,,,,,,,,,,,,,,,,,,,,,,,,,DLL,C.4f04b5de911bf0cd,C.4f04b5de911bf0cd
1780491434416,,,,,,,,,,,2026-06-03 07:30:04.616," {f4ba3e13-d7f3-6a1f-a800-000000002300}",4848,C:\Windows\system32\cleanmgr.exe,,,CHILD\Administrator,,,,,,,,,,C:\Users\ADMINI~1\AppData\Local\Temp\0E8908B0-802B-4DAE-9A66-0F0D0F2811BF\API-MS-Win-Core-Kernel32-Private-L1-1-1.dll,2026-06-03 07:30:04.616,,,,,,,,,,,,,,,,,,,,,,,,,,,,,,,,,,,,,,,DLL,C.4f04b5de911bf0cd,C.4f04b5de911bf0cd
1780491434416,,,,,,,,,,,2026-06-03 07:30:04.631," {f4ba3e13-d7f3-6a1f-a800-000000002300}",4848,C:\Windows\system32\cleanmgr.exe,,,CHILD\Administrator,,,,,,,,,,C:\Users\ADMINI~1\AppData\Local\Temp\0E8908B0-802B-4DAE-9A66-0F0D0F2811BF\api-ms-win-core-libraryloader-l1-1-0.dll,2026-06-03 07:30:04.631,,,,,,,,,,,,,,,,,,,,,,,,,,,,,,,,,,,,,,,DLL,C.4f04b5de911bf0cd,C.4f04b5de911bf0cd
1780491434416,,,,,,,,,,,2026-06-03 07:30:04.631," {f4ba3e13-d7f3-6a1f-a800-000000002300}",4848,C:\Windows\system32\cleanmgr.exe,,,CHILD\Administrator,,,,,,,,,,C:\Users\ADMINI~1\AppData\Local\Temp\0E8908B0-802B-4DAE-9A66-0F0D0F2811BF\api-ms-win-core-libraryloader-l1-1-1.dll,2026-06-03 07:30:04.631,,,,,,,,,,,,,,,,,,,,,,,,,,,,,,,,,,,,,,,DLL,C.4f04b5de911bf0cd,C.4f04b5de911bf0cd
1780491434416,,,,,,,,,,,2026-06-03 07:30:04.631," {f4ba3e13-d7f3-6a1f-a800-000000002300}",4848,C:\Windows\system32\cleanmgr.exe,,,CHILD\Administrator,,,,,,,,,,C:\Users\ADMINI~1\AppData\Local\Temp\0E8908B0-802B-4DAE-9A66-0F0D0F2811BF\api-ms-win-core-localization-l1-2-0.dll,2026-06-03 07:30:04.631,,,,,,,,,,,,,,,,,,,,,,,,,,,,,,,,,,,,,,,DLL,C.4f04b5de911bf0cd,C.4f04b5de911bf0cd
1780491434416,,,,,,,,,,,2026-06-03 07:30:04.631," {f4ba3e13-d7f3-6a1f-a800-000000002300}",4848,C:\Windows\system32\cleanmgr.exe,,,CHILD\Administrator,,,,,,,,,,C:\Users\ADMINI~1\AppData\Local\Temp\0E8908B0-802B-4DAE-9A66-0F0D0F2811BF\api-ms-win-core-localization-l1-2-1.dll,2026-06-03 07:30:04.631,,,,,,,,,,,,,,,,,,,,,,,,,,,,,,,,,,,,,,,DLL,C.4f04b5de911bf0cd,C.4f04b5de911bf0cd
1780491434416,,,,,,,,,,,2026-06-03 07:30:04.631," {f4ba3e13-d7f3-6a1f-a800-000000002300}",4848,C:\Windows\system32\cleanmgr.exe,,,CHILD\Administrator,,,,,,,,,,C:\Users\ADMINI~1\AppData\Local\Temp\0E8908B0-802B-4DAE-9A66-0F0D0F2811BF\API-MS-Win-core-localization-obsolete-l1-2-0.dll,2026-06-03 07:30:04.631,,,,,,,,,,,,,,,,,,,,,,,,,,,,,,,,,,,,,,,DLL,C.4f04b5de911bf0cd,C.4f04b5de911bf0cd
1780491434416,,,,,,,,,,,2026-06-03 07:30:04.631," {f4ba3e13-d7f3-6a1f-a800-000000002300}",4848,C:\Windows\system32\cleanmgr.exe,,,CHILD\Administrator,,,,,,,,,,C:\Users\ADMINI~1\AppData\Local\Temp\0E8908B0-802B-4DAE-9A66-0F0D0F2811BF\api-ms-win-core-memory-l1-1-0.dll,2026-06-03 07:30:04.631,,,,,,,,,,,,,,,,,,,,,,,,,,,,,,,,,,,,,,,DLL,C.4f04b5de911bf0cd,C.4f04b5de911bf0cd
1780491434416,,,,,,,,,,,2026-06-03 07:30:04.631," {f4ba3e13-d7f3-6a1f-a800-000000002300}",4848,C:\Windows\system32\cleanmgr.exe,,,CHILD\Administrator,,,,,,,,,,C:\Users\ADMINI~1\AppData\Local\Temp\0E8908B0-802B-4DAE-9A66-0F0D0F2811BF\api-ms-win-core-memory-l1-1-1.dll,2026-06-03 07:30:04.631,,,,,,,,,,,,,,,,,,,,,,,,,,,,,,,,,,,,,,,DLL,C.4f04b5de911bf0cd,C.4f04b5de911bf0cd
1780491434416,,,,,,,,,,,2026-06-03 07:30:04.631," {f4ba3e13-d7f3-6a1f-a800-000000002300}",4848,C:\Windows\system32\cleanmgr.exe,,,CHILD\Administrator,,,,,,,,,,C:\Users\ADMINI~1\AppData\Local\Temp\0E8908B0-802B-4DAE-9A66-0F0D0F2811BF\api-ms-win-core-memory-l1-1-2.dll,2026-06-03 07:30:04.631,,,,,,,,,,,,,,,,,,,,,,,,,,,,,,,,,,,,,,,DLL,C.4f04b5de911bf0cd,C.4f04b5de911bf0cd
1780491434416,,,,,,,,,,,2026-06-03 07:30:04.631," {f4ba3e13-d7f3-6a1f-a800-000000002300}",4848,C:\Windows\system32\cleanmgr.exe,,,CHILD\Administrator,,,,,,,,,,C:\Users\ADMINI~1\AppData\Local\Temp\0E8908B0-802B-4DAE-9A66-0F0D0F2811BF\api-ms-win-core-namedpipe-l1-1-0.dll,2026-06-03 07:30:04.631,,,,,,,,,,,,,,,,,,,,,,,,,,,,,,,,,,,,,,,DLL,C.4f04b5de911bf0cd,C.4f04b5de911bf0cd
1780491434416,,,,,,,,,,,2026-06-03 07:30:04.631," {f4ba3e13-d7f3-6a1f-a800-000000002300}",4848,C:\Windows\system32\cleanmgr.exe,,,CHILD\Administrator,,,,,,,,,,C:\Users\ADMINI~1\AppData\Local\Temp\0E8908B0-802B-4DAE-9A66-0F0D0F2811BF\api-ms-win-core-privateprofile-l1-1-0.dll,2026-06-03 07:30:04.631,,,,,,,,,,,,,,,,,,,,,,,,,,,,,,,,,,,,,,,DLL,C.4f04b5de911bf0cd,C.4f04b5de911bf0cd
1780491434416,,,,,,,,,,,2026-06-03 07:30:04.647," {f4ba3e13-d7f3-6a1f-a800-000000002300}",4848,C:\Windows\system32\cleanmgr.exe,,,CHILD\Administrator,,,,,,,,,,C:\Users\ADMINI~1\AppData\Local\Temp\0E8908B0-802B-4DAE-9A66-0F0D0F2811BF\api-ms-win-core-privateprofile-l1-1-1.dll,2026-06-03 07:30:04.647,,,,,,,,,,,,,,,,,,,,,,,,,,,,,,,,,,,,,,,DLL,C.4f04b5de911bf0cd,C.4f04b5de911bf0cd
1780491434416,,,,,,,,,,,2026-06-03 07:30:04.647," {f4ba3e13-d7f3-6a1f-a800-000000002300}",4848,C:\Windows\system32\cleanmgr.exe,,,CHILD\Administrator,,,,,,,,,,C:\Users\ADMINI~1\AppData\Local\Temp\0E8908B0-802B-4DAE-9A66-0F0D0F2811BF\api-ms-win-core-processenvironment-l1-1-0.dll,2026-06-03 07:30:04.647,,,,,,,,,,,,,,,,,,,,,,,,,,,,,,,,,,,,,,,DLL,C.4f04b5de911bf0cd,C.4f04b5de911bf0cd
1780491434416,,,,,,,,,,,2026-06-03 07:30:04.647," {f4ba3e13-d7f3-6a1f-a800-000000002300}",4848,C:\Windows\system32\cleanmgr.exe,,,CHILD\Administrator,,,,,,,,,,C:\Users\ADMINI~1\AppData\Local\Temp\0E8908B0-802B-4DAE-9A66-0F0D0F2811BF\api-ms-win-core-processenvironment-l1-2-0.dll,2026-06-03 07:30:04.647,,,,,,,,,,,,,,,,,,,,,,,,,,,,,,,,,,,,,,,DLL,C.4f04b5de911bf0cd,C.4f04b5de911bf0cd
1780491434416,,,,,,,,,,,2026-06-03 07:30:04.647," {f4ba3e13-d7f3-6a1f-a800-000000002300}",4848,C:\Windows\system32\cleanmgr.exe,,,CHILD\Administrator,,,,,,,,,,C:\Users\ADMINI~1\AppData\Local\Temp\0E8908B0-802B-4DAE-9A66-0F0D0F2811BF\api-ms-win-core-processthreads-l1-1-0.dll,2026-06-03 07:30:04.647,,,,,,,,,,,,,,,,,,,,,,,,,,,,,,,,,,,,,,,DLL,C.4f04b5de911bf0cd,C.4f04b5de911bf0cd
1780491434416,,,,,,,,,,,2026-06-03 07:30:04.647," {f4ba3e13-d7f3-6a1f-a800-000000002300}",4848,C:\Windows\system32\cleanmgr.exe,,,CHILD\Administrator,,,,,,,,,,C:\Users\ADMINI~1\AppData\Local\Temp\0E8908B0-802B-4DAE-9A66-0F0D0F2811BF\api-ms-win-core-processthreads-l1-1-1.dll,2026-06-03 07:30:04.647,,,,,,,,,,,,,,,,,,,,,,,,,,,,,,,,,,,,,,,DLL,C.4f04b5de911bf0cd,C.4f04b5de911bf0cd
1780491434416,,,,,,,,,,,2026-06-03 07:30:04.647," {f4ba3e13-d7f3-6a1f-a800-000000002300}",4848,C:\Windows\system32\cleanmgr.exe,,,CHILD\Administrator,,,,,,,,,,C:\Users\ADMINI~1\AppData\Local\Temp\0E8908B0-802B-4DAE-9A66-0F0D0F2811BF\api-ms-win-core-processthreads-l1-1-2.dll,2026-06-03 07:30:04.647,,,,,,,,,,,,,,,,,,,,,,,,,,,,,,,,,,,,,,,DLL,C.4f04b5de911bf0cd,C.4f04b5de911bf0cd
1780491434416,,,,,,,,,,,2026-06-03 07:30:04.647," {f4ba3e13-d7f3-6a1f-a800-000000002300}",4848,C:\Windows\system32\cleanmgr.exe,,,CHILD\Administrator,,,,,,,,,,C:\Users\ADMINI~1\AppData\Local\Temp\0E8908B0-802B-4DAE-9A66-0F0D0F2811BF\api-ms-win-core-processtopology-obsolete-l1-1-0.dll,2026-06-03 07:30:04.647,,,,,,,,,,,,,,,,,,,,,,,,,,,,,,,,,,,,,,,DLL,C.4f04b5de911bf0cd,C.4f04b5de911bf0cd
1780491434416,,,,,,,,,,,2026-06-03 07:30:04.647," {f4ba3e13-d7f3-6a1f-a800-000000002300}",4848,C:\Windows\system32\cleanmgr.exe,,,CHILD\Administrator,,,,,,,,,,C:\Users\ADMINI~1\AppData\Local\Temp\0E8908B0-802B-4DAE-9A66-0F0D0F2811BF\api-ms-win-core-profile-l1-1-0.dll,2026-06-03 07:30:04.647,,,,,,,,,,,,,,,,,,,,,,,,,,,,,,,,,,,,,,,DLL,C.4f04b5de911bf0cd,C.4f04b5de911bf0cd
1780491434416,,,,,,,,,,,2026-06-03 07:30:04.647," {f4ba3e13-d7f3-6a1f-a800-000000002300}",4848,C:\Windows\system32\cleanmgr.exe,,,CHILD\Administrator,,,,,,,,,,C:\Users\ADMINI~1\AppData\Local\Temp\0E8908B0-802B-4DAE-9A66-0F0D0F2811BF\api-ms-win-core-realtime-l1-1-0.dll,2026-06-03 07:30:04.647,,,,,,,,,,,,,,,,,,,,,,,,,,,,,,,,,,,,,,,DLL,C.4f04b5de911bf0cd,C.4f04b5de911bf0cd
1780491434416,,,,,,,,,,,2026-06-03 07:30:04.663," {f4ba3e13-d7f3-6a1f-a800-000000002300}",4848,C:\Windows\system32\cleanmgr.exe,,,CHILD\Administrator,,,,,,,,,,C:\Users\ADMINI~1\AppData\Local\Temp\0E8908B0-802B-4DAE-9A66-0F0D0F2811BF\api-ms-win-core-registry-l1-1-0.dll,2026-06-03 07:30:04.663,,,,,,,,,,,,,,,,,,,,,,,,,,,,,,,,,,,,,,,DLL,C.4f04b5de911bf0cd,C.4f04b5de911bf0cd
1780491434416,,,,,,,,,,,2026-06-03 07:30:04.663," {f4ba3e13-d7f3-6a1f-a800-000000002300}",4848,C:\Windows\system32\cleanmgr.exe,,,CHILD\Administrator,,,,,,,,,,C:\Users\ADMINI~1\AppData\Local\Temp\0E8908B0-802B-4DAE-9A66-0F0D0F2811BF\api-ms-win-core-registry-l2-1-0.dll,2026-06-03 07:30:04.663,,,,,,,,,,,,,,,,,,,,,,,,,,,,,,,,,,,,,,,DLL,C.4f04b5de911bf0cd,C.4f04b5de911bf0cd
1780491434416,,,,,,,,,,,2026-06-03 07:30:04.663," {f4ba3e13-d7f3-6a1f-a800-000000002300}",4848,C:\Windows\system32\cleanmgr.exe,,,CHILD\Administrator,,,,,,,,,,C:\Users\ADMINI~1\AppData\Local\Temp\0E8908B0-802B-4DAE-9A66-0F0D0F2811BF\api-ms-win-core-rtlsupport-l1-1-0.dll,2026-06-03 07:30:04.663,,,,,,,,,,,,,,,,,,,,,,,,,,,,,,,,,,,,,,,DLL,C.4f04b5de911bf0cd,C.4f04b5de911bf0cd
1780491434416,,,,,,,,,,,2026-06-03 07:30:04.663," {f4ba3e13-d7f3-6a1f-a800-000000002300}",4848,C:\Windows\system32\cleanmgr.exe,,,CHILD\Administrator,,,,,,,,,,C:\Users\ADMINI~1\AppData\Local\Temp\0E8908B0-802B-4DAE-9A66-0F0D0F2811BF\api-ms-win-core-shlwapi-legacy-l1-1-0.dll,2026-06-03 07:30:04.663,,,,,,,,,,,,,,,,,,,,,,,,,,,,,,,,,,,,,,,DLL,C.4f04b5de911bf0cd,C.4f04b5de911bf0cd
1780491434416,,,,,,,,,,,2026-06-03 07:30:04.663," {f4ba3e13-d7f3-6a1f-a800-000000002300}",4848,C:\Windows\system32\cleanmgr.exe,,,CHILD\Administrator,,,,,,,,,,C:\Users\ADMINI~1\AppData\Local\Temp\0E8908B0-802B-4DAE-9A66-0F0D0F2811BF\api-ms-win-core-shlwapi-obsolete-l1-1-0.dll,2026-06-03 07:30:04.663,,,,,,,,,,,,,,,,,,,,,,,,,,,,,,,,,,,,,,,DLL,C.4f04b5de911bf0cd,C.4f04b5de911bf0cd
1780491434416,,,,,,,,,,,2026-06-03 07:30:04.663," {f4ba3e13-d7f3-6a1f-a800-000000002300}",4848,C:\Windows\system32\cleanmgr.exe,,,CHILD\Administrator,,,,,,,,,,C:\Users\ADMINI~1\AppData\Local\Temp\0E8908B0-802B-4DAE-9A66-0F0D0F2811BF\api-ms-win-core-shutdown-l1-1-0.dll,2026-06-03 07:30:04.663,,,,,,,,,,,,,,,,,,,,,,,,,,,,,,,,,,,,,,,DLL,C.4f04b5de911bf0cd,C.4f04b5de911bf0cd
1780491434416,,,,,,,,,,,2026-06-03 07:30:04.663," {f4ba3e13-d7f3-6a1f-a800-000000002300}",4848,C:\Windows\system32\cleanmgr.exe,,,CHILD\Administrator,,,,,,,,,,C:\Users\ADMINI~1\AppData\Local\Temp\0E8908B0-802B-4DAE-9A66-0F0D0F2811BF\api-ms-win-core-string-l1-1-0.dll,2026-06-03 07:30:04.663,,,,,,,,,,,,,,,,,,,,,,,,,,,,,,,,,,,,,,,DLL,C.4f04b5de911bf0cd,C.4f04b5de911bf0cd
1780491434416,,,,,,,,,,,2026-06-03 07:30:04.663," {f4ba3e13-d7f3-6a1f-a800-000000002300}",4848,C:\Windows\system32\cleanmgr.exe,,,CHILD\Administrator,,,,,,,,,,C:\Users\ADMINI~1\AppData\Local\Temp\0E8908B0-802B-4DAE-9A66-0F0D0F2811BF\API-MS-Win-core-string-l2-1-0.dll,2026-06-03 07:30:04.663,,,,,,,,,,,,,,,,,,,,,,,,,,,,,,,,,,,,,,,DLL,C.4f04b5de911bf0cd,C.4f04b5de911bf0cd
1780491434416,,,,,,,,,,,2026-06-03 07:30:04.663," {f4ba3e13-d7f3-6a1f-a800-000000002300}",4848,C:\Windows\system32\cleanmgr.exe,,,CHILD\Administrator,,,,,,,,,,C:\Users\ADMINI~1\AppData\Local\Temp\0E8908B0-802B-4DAE-9A66-0F0D0F2811BF\API-MS-Win-core-string-obsolete-l1-1-0.dll,2026-06-03 07:30:04.663,,,,,,,,,,,,,,,,,,,,,,,,,,,,,,,,,,,,,,,DLL,C.4f04b5de911bf0cd,C.4f04b5de911bf0cd
1780491434416,,,,,,,,,,,2026-06-03 07:30:04.679," {f4ba3e13-d7f3-6a1f-a800-000000002300}",4848,C:\Windows\system32\cleanmgr.exe,,,CHILD\Administrator,,,,,,,,,,C:\Users\ADMINI~1\AppData\Local\Temp\0E8908B0-802B-4DAE-9A66-0F0D0F2811BF\api-ms-win-core-stringansi-l1-1-0.dll,2026-06-03 07:30:04.679,,,,,,,,,,,,,,,,,,,,,,,,,,,,,,,,,,,,,,,DLL,C.4f04b5de911bf0cd,C.4f04b5de911bf0cd
1780491434416,,,,,,,,,,,2026-06-03 07:30:04.681," {f4ba3e13-d7f3-6a1f-a800-000000002300}",4848,C:\Windows\system32\cleanmgr.exe,,,CHILD\Administrator,,,,,,,,,,C:\Users\ADMINI~1\AppData\Local\Temp\0E8908B0-802B-4DAE-9A66-0F0D0F2811BF\api-ms-win-core-stringloader-l1-1-1.dll,2026-06-03 07:30:04.680,,,,,,,,,,,,,,,,,,,,,,,,,,,,,,,,,,,,,,,DLL,C.4f04b5de911bf0cd,C.4f04b5de911bf0cd
1780491434416,,,,,,,,,,,2026-06-03 07:30:04.682," {f4ba3e13-d7f3-6a1f-a800-000000002300}",4848,C:\Windows\system32\cleanmgr.exe,,,CHILD\Administrator,,,,,,,,,,C:\Users\ADMINI~1\AppData\Local\Temp\0E8908B0-802B-4DAE-9A66-0F0D0F2811BF\api-ms-win-core-synch-l1-1-0.dll,2026-06-03 07:30:04.682,,,,,,,,,,,,,,,,,,,,,,,,,,,,,,,,,,,,,,,DLL,C.4f04b5de911bf0cd,C.4f04b5de911bf0cd
1780491434416,,,,,,,,,,,2026-06-03 07:30:04.684," {f4ba3e13-d7f3-6a1f-a800-000000002300}",4848,C:\Windows\system32\cleanmgr.exe,,,CHILD\Administrator,,,,,,,,,,C:\Users\ADMINI~1\AppData\Local\Temp\0E8908B0-802B-4DAE-9A66-0F0D0F2811BF\api-ms-win-core-synch-l1-2-0.dll,2026-06-03 07:30:04.684,,,,,,,,,,,,,,,,,,,,,,,,,,,,,,,,,,,,,,,DLL,C.4f04b5de911bf0cd,C.4f04b5de911bf0cd
1780491434416,,,,,,,,,,,2026-06-03 07:30:04.686," {f4ba3e13-d7f3-6a1f-a800-000000002300}",4848,C:\Windows\system32\cleanmgr.exe,,,CHILD\Administrator,,,,,,,,,,C:\Users\ADMINI~1\AppData\Local\Temp\0E8908B0-802B-4DAE-9A66-0F0D0F2811BF\api-ms-win-core-sysinfo-l1-1-0.dll,2026-06-03 07:30:04.685,,,,,,,,,,,,,,,,,,,,,,,,,,,,,,,,,,,,,,,DLL,C.4f04b5de911bf0cd,C.4f04b5de911bf0cd
1780491434416,,,,,,,,,,,2026-06-03 07:30:04.687," {f4ba3e13-d7f3-6a1f-a800-000000002300}",4848,C:\Windows\system32\cleanmgr.exe,,,CHILD\Administrator,,,,,,,,,,C:\Users\ADMINI~1\AppData\Local\Temp\0E8908B0-802B-4DAE-9A66-0F0D0F2811BF\api-ms-win-core-sysinfo-l1-2-0.dll,2026-06-03 07:30:04.687,,,,,,,,,,,,,,,,,,,,,,,,,,,,,,,,,,,,,,,DLL,C.4f04b5de911bf0cd,C.4f04b5de911bf0cd
1780491434416,,,,,,,,,,,2026-06-03 07:30:04.689," {f4ba3e13-d7f3-6a1f-a800-000000002300}",4848,C:\Windows\system32\cleanmgr.exe,,,CHILD\Administrator,,,,,,,,,,C:\Users\ADMINI~1\AppData\Local\Temp\0E8908B0-802B-4DAE-9A66-0F0D0F2811BF\api-ms-win-core-sysinfo-l1-2-1.dll,2026-06-03 07:30:04.689,,,,,,,,,,,,,,,,,,,,,,,,,,,,,,,,,,,,,,,DLL,C.4f04b5de911bf0cd,C.4f04b5de911bf0cd
1780491434416,,,,,,,,,,,2026-06-03 07:30:04.689," {f4ba3e13-d7f3-6a1f-a800-000000002300}",4848,C:\Windows\system32\cleanmgr.exe,,,CHILD\Administrator,,,,,,,,,,C:\Users\ADMINI~1\AppData\Local\Temp\0E8908B0-802B-4DAE-9A66-0F0D0F2811BF\api-ms-win-core-threadpool-l1-2-0.dll,2026-06-03 07:30:04.689,,,,,,,,,,,,,,,,,,,,,,,,,,,,,,,,,,,,,,,DLL,C.4f04b5de911bf0cd,C.4f04b5de911bf0cd
1780491434416,,,,,,,,,,,2026-06-03 07:30:04.689," {f4ba3e13-d7f3-6a1f-a800-000000002300}",4848,C:\Windows\system32\cleanmgr.exe,,,CHILD\Administrator,,,,,,,,,,C:\Users\ADMINI~1\AppData\Local\Temp\0E8908B0-802B-4DAE-9A66-0F0D0F2811BF\api-ms-win-core-threadpool-legacy-l1-1-0.dll,2026-06-03 07:30:04.689,,,,,,,,,,,,,,,,,,,,,,,,,,,,,,,,,,,,,,,DLL,C.4f04b5de911bf0cd,C.4f04b5de911bf0cd
1780491434416,,,,,,,,,,,2026-06-03 07:30:04.689," {f4ba3e13-d7f3-6a1f-a800-000000002300}",4848,C:\Windows\system32\cleanmgr.exe,,,CHILD\Administrator,,,,,,,,,,C:\Users\ADMINI~1\AppData\Local\Temp\0E8908B0-802B-4DAE-9A66-0F0D0F2811BF\api-ms-win-core-threadpool-private-l1-1-0.dll,2026-06-03 07:30:04.689,,,,,,,,,,,,,,,,,,,,,,,,,,,,,,,,,,,,,,,DLL,C.4f04b5de911bf0cd,C.4f04b5de911bf0cd
1780491434416,,,,,,,,,,,2026-06-03 07:30:04.689," {f4ba3e13-d7f3-6a1f-a800-000000002300}",4848,C:\Windows\system32\cleanmgr.exe,,,CHILD\Administrator,,,,,,,,,,C:\Users\ADMINI~1\AppData\Local\Temp\0E8908B0-802B-4DAE-9A66-0F0D0F2811BF\api-ms-win-core-timezone-l1-1-0.dll,2026-06-03 07:30:04.689,,,,,,,,,,,,,,,,,,,,,,,,,,,,,,,,,,,,,,,DLL,C.4f04b5de911bf0cd,C.4f04b5de911bf0cd
1780491434416,,,,,,,,,,,2026-06-03 07:30:04.689," {f4ba3e13-d7f3-6a1f-a800-000000002300}",4848,C:\Windows\system32\cleanmgr.exe,,,CHILD\Administrator,,,,,,,,,,C:\Users\ADMINI~1\AppData\Local\Temp\0E8908B0-802B-4DAE-9A66-0F0D0F2811BF\api-ms-win-core-url-l1-1-0.dll,2026-06-03 07:30:04.689,,,,,,,,,,,,,,,,,,,,,,,,,,,,,,,,,,,,,,,DLL,C.4f04b5de911bf0cd,C.4f04b5de911bf0cd
1780491434416,,,,,,,,,,,2026-06-03 07:30:04.689," {f4ba3e13-d7f3-6a1f-a800-000000002300}",4848,C:\Windows\system32\cleanmgr.exe,,,CHILD\Administrator,,,,,,,,,,C:\Users\ADMINI~1\AppData\Local\Temp\0E8908B0-802B-4DAE-9A66-0F0D0F2811BF\api-ms-win-core-util-l1-1-0.dll,2026-06-03 07:30:04.689,,,,,,,,,,,,,,,,,,,,,,,,,,,,,,,,,,,,,,,DLL,C.4f04b5de911bf0cd,C.4f04b5de911bf0cd
1780491434416,,,,,,,,,,,2026-06-03 07:30:04.720," {f4ba3e13-d7f3-6a1f-a800-000000002300}",4848,C:\Windows\system32\cleanmgr.exe,,,CHILD\Administrator,,,,,,,,,,C:\Users\ADMINI~1\AppData\Local\Temp\0E8908B0-802B-4DAE-9A66-0F0D0F2811BF\api-ms-win-core-version-l1-1-0.dll,2026-06-03 07:30:04.689,,,,,,,,,,,,,,,,,,,,,,,,,,,,,,,,,,,,,,,DLL,C.4f04b5de911bf0cd,C.4f04b5de911bf0cd
1780491434416,,,,,,,,,,,2026-06-03 07:30:04.720," {f4ba3e13-d7f3-6a1f-a800-000000002300}",4848,C:\Windows\system32\cleanmgr.exe,,,CHILD\Administrator,,,,,,,,,,C:\Users\ADMINI~1\AppData\Local\Temp\0E8908B0-802B-4DAE-9A66-0F0D0F2811BF\api-ms-win-core-wow64-l1-1-0.dll,2026-06-03 07:30:04.720,,,,,,,,,,,,,,,,,,,,,,,,,,,,,,,,,,,,,,,DLL,C.4f04b5de911bf0cd,C.4f04b5de911bf0cd
1780491434416,,,,,,,,,,,2026-06-03 07:30:04.720," {f4ba3e13-d7f3-6a1f-a800-000000002300}",4848,C:\Windows\system32\cleanmgr.exe,,,CHILD\Administrator,,,,,,,,,,C:\Users\ADMINI~1\AppData\Local\Temp\0E8908B0-802B-4DAE-9A66-0F0D0F2811BF\api-ms-win-core-xstate-l1-1-0.dll,2026-06-03 07:30:04.720,,,,,,,,,,,,,,,,,,,,,,,,,,,,,,,,,,,,,,,DLL,C.4f04b5de911bf0cd,C.4f04b5de911bf0cd
1780491434416,,,,,,,,,,,2026-06-03 07:30:04.720," {f4ba3e13-d7f3-6a1f-a800-000000002300}",4848,C:\Windows\system32\cleanmgr.exe,,,CHILD\Administrator,,,,,,,,,,C:\Users\ADMINI~1\AppData\Local\Temp\0E8908B0-802B-4DAE-9A66-0F0D0F2811BF\API-MS-Win-core-xstate-l2-1-0.dll,2026-06-03 07:30:04.720,,,,,,,,,,,,,,,,,,,,,,,,,,,,,,,,,,,,,,,DLL,C.4f04b5de911bf0cd,C.4f04b5de911bf0cd
1780491434416,,,,,,,,,,,2026-06-03 07:30:04.720," {f4ba3e13-d7f3-6a1f-a800-000000002300}",4848,C:\Windows\system32\cleanmgr.exe,,,CHILD\Administrator,,,,,,,,,,C:\Users\ADMINI~1\AppData\Local\Temp\0E8908B0-802B-4DAE-9A66-0F0D0F2811BF\API-MS-Win-devices-config-L1-1-0.dll,2026-06-03 07:30:04.720,,,,,,,,,,,,,,,,,,,,,,,,,,,,,,,,,,,,,,,DLL,C.4f04b5de911bf0cd,C.4f04b5de911bf0cd
1780491434416,,,,,,,,,,,2026-06-03 07:30:04.720," {f4ba3e13-d7f3-6a1f-a800-000000002300}",4848,C:\Windows\system32\cleanmgr.exe,,,CHILD\Administrator,,,,,,,,,,C:\Users\ADMINI~1\AppData\Local\Temp\0E8908B0-802B-4DAE-9A66-0F0D0F2811BF\API-MS-Win-devices-config-L1-1-1.dll,2026-06-03 07:30:04.720,,,,,,,,,,,,,,,,,,,,,,,,,,,,,,,,,,,,,,,DLL,C.4f04b5de911bf0cd,C.4f04b5de911bf0cd
1780491434416,,,,,,,,,,,2026-06-03 07:30:04.720," {f4ba3e13-d7f3-6a1f-a800-000000002300}",4848,C:\Windows\system32\cleanmgr.exe,,,CHILD\Administrator,,,,,,,,,,C:\Users\ADMINI~1\AppData\Local\Temp\0E8908B0-802B-4DAE-9A66-0F0D0F2811BF\API-MS-Win-Eventing-ClassicProvider-L1-1-0.dll,2026-06-03 07:30:04.720,,,,,,,,,,,,,,,,,,,,,,,,,,,,,,,,,,,,,,,DLL,C.4f04b5de911bf0cd,C.4f04b5de911bf0cd
1780491434416,,,,,,,,,,,2026-06-03 07:30:04.720," {f4ba3e13-d7f3-6a1f-a800-000000002300}",4848,C:\Windows\system32\cleanmgr.exe,,,CHILD\Administrator,,,,,,,,,,C:\Users\ADMINI~1\AppData\Local\Temp\0E8908B0-802B-4DAE-9A66-0F0D0F2811BF\api-ms-win-eventing-consumer-l1-1-0.dll,2026-06-03 07:30:04.720,,,,,,,,,,,,,,,,,,,,,,,,,,,,,,,,,,,,,,,DLL,C.4f04b5de911bf0cd,C.4f04b5de911bf0cd
1780491434416,,,,,,,,,,,2026-06-03 07:30:04.720," {f4ba3e13-d7f3-6a1f-a800-000000002300}",4848,C:\Windows\system32\cleanmgr.exe,,,CHILD\Administrator,,,,,,,,,,C:\Users\ADMINI~1\AppData\Local\Temp\0E8908B0-802B-4DAE-9A66-0F0D0F2811BF\API-MS-Win-Eventing-Controller-L1-1-0.dll,2026-06-03 07:30:04.720,,,,,,,,,,,,,,,,,,,,,,,,,,,,,,,,,,,,,,,DLL,C.4f04b5de911bf0cd,C.4f04b5de911bf0cd
1780491434416,,,,,,,,,,,2026-06-03 07:30:04.736," {f4ba3e13-d7f3-6a1f-a800-000000002300}",4848,C:\Windows\system32\cleanmgr.exe,,,CHILD\Administrator,,,,,,,,,,C:\Users\ADMINI~1\AppData\Local\Temp\0E8908B0-802B-4DAE-9A66-0F0D0F2811BF\API-MS-Win-Eventing-Legacy-L1-1-0.dll,2026-06-03 07:30:04.736,,,,,,,,,,,,,,,,,,,,,,,,,,,,,,,,,,,,,,,DLL,C.4f04b5de911bf0cd,C.4f04b5de911bf0cd
1780491434416,,,,,,,,,,,2026-06-03 07:30:04.736," {f4ba3e13-d7f3-6a1f-a800-000000002300}",4848,C:\Windows\system32\cleanmgr.exe,,,CHILD\Administrator,,,,,,,,,,C:\Users\ADMINI~1\AppData\Local\Temp\0E8908B0-802B-4DAE-9A66-0F0D0F2811BF\API-MS-Win-Eventing-Provider-L1-1-0.dll,2026-06-03 07:30:04.736,,,,,,,,,,,,,,,,,,,,,,,,,,,,,,,,,,,,,,,DLL,C.4f04b5de911bf0cd,C.4f04b5de911bf0cd
1780491434416,,,,,,,,,,,2026-06-03 07:30:04.736," {f4ba3e13-d7f3-6a1f-a800-000000002300}",4848,C:\Windows\system32\cleanmgr.exe,,,CHILD\Administrator,,,,,,,,,,C:\Users\ADMINI~1\AppData\Local\Temp\0E8908B0-802B-4DAE-9A66-0F0D0F2811BF\API-MS-Win-EventLog-Legacy-L1-1-0.dll,2026-06-03 07:30:04.736,,,,,,,,,,,,,,,,,,,,,,,,,,,,,,,,,,,,,,,DLL,C.4f04b5de911bf0cd,C.4f04b5de911bf0cd
1780491434416,,,,,,,,,,,2026-06-03 07:30:04.736," {f4ba3e13-d7f3-6a1f-a800-000000002300}",4848,C:\Windows\system32\cleanmgr.exe,,,CHILD\Administrator,,,,,,,,,,C:\Users\ADMINI~1\AppData\Local\Temp\0E8908B0-802B-4DAE-9A66-0F0D0F2811BF\api-ms-win-security-base-l1-1-0.dll,2026-06-03 07:30:04.736,,,,,,,,,,,,,,,,,,,,,,,,,,,,,,,,,,,,,,,DLL,C.4f04b5de911bf0cd,C.4f04b5de911bf0cd
1780491434416,,,,,,,,,,,2026-06-03 07:30:04.736," {f4ba3e13-d7f3-6a1f-a800-000000002300}",4848,C:\Windows\system32\cleanmgr.exe,,,CHILD\Administrator,,,,,,,,,,C:\Users\ADMINI~1\AppData\Local\Temp\0E8908B0-802B-4DAE-9A66-0F0D0F2811BF\api-ms-win-security-cryptoapi-l1-1-0.dll,2026-06-03 07:30:04.736,,,,,,,,,,,,,,,,,,,,,,,,,,,,,,,,,,,,,,,DLL,C.4f04b5de911bf0cd,C.4f04b5de911bf0cd
1780491434416,,,,,,,,,,,2026-06-03 07:30:04.736," {f4ba3e13-d7f3-6a1f-a800-000000002300}",4848,C:\Windows\system32\cleanmgr.exe,,,CHILD\Administrator,,,,,,,,,,C:\Users\ADMINI~1\AppData\Local\Temp\0E8908B0-802B-4DAE-9A66-0F0D0F2811BF\API-MS-Win-Security-Lsalookup-L2-1-0.dll,2026-06-03 07:30:04.736,,,,,,,,,,,,,,,,,,,,,,,,,,,,,,,,,,,,,,,DLL,C.4f04b5de911bf0cd,C.4f04b5de911bf0cd
1780491434416,,,,,,,,,,,2026-06-03 07:30:04.736," {f4ba3e13-d7f3-6a1f-a800-000000002300}",4848,C:\Windows\system32\cleanmgr.exe,,,CHILD\Administrator,,,,,,,,,,C:\Users\ADMINI~1\AppData\Local\Temp\0E8908B0-802B-4DAE-9A66-0F0D0F2811BF\API-MS-Win-Security-Lsalookup-L2-1-1.dll,2026-06-03 07:30:04.736,,,,,,,,,,,,,,,,,,,,,,,,,,,,,,,,,,,,,,,DLL,C.4f04b5de911bf0cd,C.4f04b5de911bf0cd
1780491434416,,,,,,,,,,,2026-06-03 07:30:04.736," {f4ba3e13-d7f3-6a1f-a800-000000002300}",4848,C:\Windows\system32\cleanmgr.exe,,,CHILD\Administrator,,,,,,,,,,C:\Users\ADMINI~1\AppData\Local\Temp\0E8908B0-802B-4DAE-9A66-0F0D0F2811BF\API-MS-Win-security-lsapolicy-l1-1-0.dll,2026-06-03 07:30:04.736,,,,,,,,,,,,,,,,,,,,,,,,,,,,,,,,,,,,,,,DLL,C.4f04b5de911bf0cd,C.4f04b5de911bf0cd
1780491434416,,,,,,,,,,,2026-06-03 07:30:04.736," {f4ba3e13-d7f3-6a1f-a800-000000002300}",4848,C:\Windows\system32\cleanmgr.exe,,,CHILD\Administrator,,,,,,,,,,C:\Users\ADMINI~1\AppData\Local\Temp\0E8908B0-802B-4DAE-9A66-0F0D0F2811BF\API-MS-Win-security-provider-L1-1-0.dll,2026-06-03 07:30:04.736,,,,,,,,,,,,,,,,,,,,,,,,,,,,,,,,,,,,,,,DLL,C.4f04b5de911bf0cd,C.4f04b5de911bf0cd
1780491434416,,,,,,,,,,,2026-06-03 07:30:04.752," {f4ba3e13-d7f3-6a1f-a800-000000002300}",4848,C:\Windows\system32\cleanmgr.exe,,,CHILD\Administrator,,,,,,,,,,C:\Users\ADMINI~1\AppData\Local\Temp\0E8908B0-802B-4DAE-9A66-0F0D0F2811BF\api-ms-win-security-sddl-l1-1-0.dll,2026-06-03 07:30:04.752,,,,,,,,,,,,,,,,,,,,,,,,,,,,,,,,,,,,,,,DLL,C.4f04b5de911bf0cd,C.4f04b5de911bf0cd
1780491434416,,,,,,,,,,,2026-06-03 07:30:04.752," {f4ba3e13-d7f3-6a1f-a800-000000002300}",4848,C:\Windows\system32\cleanmgr.exe,,,CHILD\Administrator,,,,,,,,,,C:\Users\ADMINI~1\AppData\Local\Temp\0E8908B0-802B-4DAE-9A66-0F0D0F2811BF\api-ms-win-service-core-l1-1-0.dll,2026-06-03 07:30:04.752,,,,,,,,,,,,,,,,,,,,,,,,,,,,,,,,,,,,,,,DLL,C.4f04b5de911bf0cd,C.4f04b5de911bf0cd
1780491434416,,,,,,,,,,,2026-06-03 07:30:04.752," {f4ba3e13-d7f3-6a1f-a800-000000002300}",4848,C:\Windows\system32\cleanmgr.exe,,,CHILD\Administrator,,,,,,,,,,C:\Users\ADMINI~1\AppData\Local\Temp\0E8908B0-802B-4DAE-9A66-0F0D0F2811BF\api-ms-win-service-core-l1-1-1.dll,2026-06-03 07:30:04.752,,,,,,,,,,,,,,,,,,,,,,,,,,,,,,,,,,,,,,,DLL,C.4f04b5de911bf0cd,C.4f04b5de911bf0cd
1780491434416,,,,,,,,,,,2026-06-03 07:30:04.752," {f4ba3e13-d7f3-6a1f-a800-000000002300}",4848,C:\Windows\system32\cleanmgr.exe,,,CHILD\Administrator,,,,,,,,,,C:\Users\ADMINI~1\AppData\Local\Temp\0E8908B0-802B-4DAE-9A66-0F0D0F2811BF\api-ms-win-service-management-l1-1-0.dll,2026-06-03 07:30:04.752,,,,,,,,,,,,,,,,,,,,,,,,,,,,,,,,,,,,,,,DLL,C.4f04b5de911bf0cd,C.4f04b5de911bf0cd
1780491434416,,,,,,,,,,,2026-06-03 07:30:04.752," {f4ba3e13-d7f3-6a1f-a800-000000002300}",4848,C:\Windows\system32\cleanmgr.exe,,,CHILD\Administrator,,,,,,,,,,C:\Users\ADMINI~1\AppData\Local\Temp\0E8908B0-802B-4DAE-9A66-0F0D0F2811BF\api-ms-win-service-management-l2-1-0.dll,2026-06-03 07:30:04.752,,,,,,,,,,,,,,,,,,,,,,,,,,,,,,,,,,,,,,,DLL,C.4f04b5de911bf0cd,C.4f04b5de911bf0cd
1780491434416,,,,,,,,,,,2026-06-03 07:30:04.752," {f4ba3e13-d7f3-6a1f-a800-000000002300}",4848,C:\Windows\system32\cleanmgr.exe,,,CHILD\Administrator,,,,,,,,,,C:\Users\ADMINI~1\AppData\Local\Temp\0E8908B0-802B-4DAE-9A66-0F0D0F2811BF\api-ms-win-service-private-l1-1-0.dll,2026-06-03 07:30:04.752,,,,,,,,,,,,,,,,,,,,,,,,,,,,,,,,,,,,,,,DLL,C.4f04b5de911bf0cd,C.4f04b5de911bf0cd
1780491434416,,,,,,,,,,,2026-06-03 07:30:04.752," {f4ba3e13-d7f3-6a1f-a800-000000002300}",4848,C:\Windows\system32\cleanmgr.exe,,,CHILD\Administrator,,,,,,,,,,C:\Users\ADMINI~1\AppData\Local\Temp\0E8908B0-802B-4DAE-9A66-0F0D0F2811BF\api-ms-win-service-private-l1-1-1.dll,2026-06-03 07:30:04.752,,,,,,,,,,,,,,,,,,,,,,,,,,,,,,,,,,,,,,,DLL,C.4f04b5de911bf0cd,C.4f04b5de911bf0cd
1780491434416,,,,,,,,,,,2026-06-03 07:30:04.752," {f4ba3e13-d7f3-6a1f-a800-000000002300}",4848,C:\Windows\system32\cleanmgr.exe,,,CHILD\Administrator,,,,,,,,,,C:\Users\ADMINI~1\AppData\Local\Temp\0E8908B0-802B-4DAE-9A66-0F0D0F2811BF\api-ms-win-service-winsvc-l1-1-0.dll,2026-06-03 07:30:04.752,,,,,,,,,,,,,,,,,,,,,,,,,,,,,,,,,,,,,,,DLL,C.4f04b5de911bf0cd,C.4f04b5de911bf0cd
1780491434416,,,,,,,,,,,2026-06-03 07:30:04.778," {f4ba3e13-d7fc-6a1f-bc00-000000002300}",5972,C:\Users\ADMINI~1\AppData\Local\Temp\0E8908B0-802B-4DAE-9A66-0F0D0F2811BF\DismHost.exe,C:\Users\ADMINI~1\AppData\Local\Temp\0E8908B0-802B-4DAE-9A66-0F0D0F2811BF\dismhost.exe {A821ABC5-4800-4153-8B78-730E6D988687},C:\Windows\system32\,CHILD\Administrator,"MD5=418299F70B35752CB048ED773C59002E,SHA256=D8C41210EC8CDEC379E66D28DDCA2F5AB07041B1132F83DC5C763EAE116E995F,IMPHASH=59079A6A0DE48AE920EE7A10682DA2F3"," {f4ba3e13-d7f3-6a1f-a800-000000002300}"," 4848",C:\Windows\System32\cleanmgr.exe,C:\Windows\system32\cleanmgr.exe /autoclean /d C:,High,0x45940," {f4ba3e13-d610-6a1f-4059-040000000000}"," 1",,,,,,,,,,,,,,,,,,,,,,,Microsoft Corporation,Microsoft® Windows® Operating System,Dism Host Servicing Process,10.0.14393.0 (rs1_release.160715-1616),DismHost.exe,,,,,,,,,,,,,,-,C.4f04b5de911bf0cd,C.4f04b5de911bf0cd
1780491434416,,,,,,,,,,,2026-06-03 07:30:24.009," {f4ba3e13-d810-6a1f-bf00-000000002300}",5568,C:\Program Files\Windows Defender\MpCmdRun.exe,"""C:\Program Files\Windows Defender\\MpCmdRun.exe"" SignatureUpdate -ScheduleJob -RestrictPrivileges",C:\Windows\system32\,NT AUTHORITY\SYSTEM,"MD5=C37ADF3801F599EDF3180354BBAB2560,SHA256=1C90A322F55D574EF703B9CB0ADFB379CEFA33A2B5D72F04A6E9AAA2F209F6B5,IMPHASH=5F980D25420E31451E189C1082EF5045"," {f4ba3e13-d5b3-6a1f-3200-000000002300}"," 3056",C:\Program Files\Windows Defender\MsMpEng.exe,"""C:\Program Files\Windows Defender\MsMpEng.exe""",System,0x3E7," {f4ba3e13-d594-6a1f-e703-000000000000}"," 0",,,,,,,,,,,,,,,,,,,,,,,Microsoft Corporation,Microsoft® Windows® Operating System,Microsoft Malware Protection Command Line Utility,4.10.14393.0 (rs1_release.160715-1616),MpCmdRun.exe,,,,,,,,,,,,,,-,C.4f04b5de911bf0cd,C.4f04b5de911bf0cd
1780491434416,,,,,,,,,,,2026-06-03 07:30:24.012," {f4ba3e13-d810-6a1f-c000-000000002300}",5572,C:\Program Files\Windows Defender\MpCmdRun.exe,"""C:\Program Files\Windows Defender\\MpCmdRun.exe"" SignatureUpdate -ScheduleJob -RestrictPrivileges",C:\Windows\system32\,NT AUTHORITY\SYSTEM,"MD5=C37ADF3801F599EDF3180354BBAB2560,SHA256=1C90A322F55D574EF703B9CB0ADFB379CEFA33A2B5D72F04A6E9AAA2F209F6B5,IMPHASH=5F980D25420E31451E189C1082EF5045"," {f4ba3e13-d5b3-6a1f-3200-000000002300}"," 3056",C:\Program Files\Windows Defender\MsMpEng.exe,"""C:\Program Files\Windows Defender\MsMpEng.exe""",System,0x3E7," {f4ba3e13-d594-6a1f-e703-000000000000}"," 0",,,,,,,,,,,,,,,,,,,,,,,Microsoft Corporation,Microsoft® Windows® Operating System,Microsoft Malware Protection Command Line Utility,4.10.14393.0 (rs1_release.160715-1616),MpCmdRun.exe,,,,,,,,,,,,,,-,C.4f04b5de911bf0cd,C.4f04b5de911bf0cd
1780491434416,,,,,,,,,,,2026-06-03 07:30:24.051," {f4ba3e13-d810-6a1f-c300-000000002300}",2360,C:\Program Files\Windows Defender\MpCmdRun.exe,"""C:\Program Files\Windows Defender\\MpCmdRun.exe"" SignatureUpdate -ScheduleJob -RestrictPrivileges -Reinvoke",C:\Windows\system32\,NT AUTHORITY\NETWORK SERVICE,"MD5=C37ADF3801F599EDF3180354BBAB2560,SHA256=1C90A322F55D574EF703B9CB0ADFB379CEFA33A2B5D72F04A6E9AAA2F209F6B5,IMPHASH=5F980D25420E31451E189C1082EF5045"," {f4ba3e13-d810-6a1f-bf00-000000002300}"," 5568",C:\Program Files\Windows Defender\MpCmdRun.exe,"""C:\Program Files\Windows Defender\\MpCmdRun.exe"" SignatureUpdate -ScheduleJob -RestrictPrivileges",System,0x3E4," {f4ba3e13-d597-6a1f-e403-000000000000}"," 0",,,,,,,,,,,,,,,,,,,,,,,Microsoft Corporation,Microsoft® Windows® Operating System,Microsoft Malware Protection Command Line Utility,4.10.14393.0 (rs1_release.160715-1616),MpCmdRun.exe,,,,,,,,,,,,,,-,C.4f04b5de911bf0cd,C.4f04b5de911bf0cd
1780491434416,,,,,,,,,,,2026-06-03 07:30:24.057," {f4ba3e13-d810-6a1f-c400-000000002300}",872,C:\Program Files\Windows Defender\MpCmdRun.exe,"""C:\Program Files\Windows Defender\\MpCmdRun.exe"" SignatureUpdate -ScheduleJob -RestrictPrivileges -Reinvoke",C:\Windows\system32\,NT AUTHORITY\NETWORK SERVICE,"MD5=C37ADF3801F599EDF3180354BBAB2560,SHA256=1C90A322F55D574EF703B9CB0ADFB379CEFA33A2B5D72F04A6E9AAA2F209F6B5,IMPHASH=5F980D25420E31451E189C1082EF5045"," {f4ba3e13-d810-6a1f-c000-000000002300}"," 5572",C:\Program Files\Windows Defender\MpCmdRun.exe,"""C:\Program Files\Windows Defender\\MpCmdRun.exe"" SignatureUpdate -ScheduleJob -RestrictPrivileges",System,0x3E4," {f4ba3e13-d597-6a1f-e403-000000000000}"," 0",,,,,,,,,,,,,,,,,,,,,,,Microsoft Corporation,Microsoft® Windows® Operating System,Microsoft Malware Protection Command Line Utility,4.10.14393.0 (rs1_release.160715-1616),MpCmdRun.exe,,,,,,,,,,,,,,-,C.4f04b5de911bf0cd,C.4f04b5de911bf0cd
1780491434416,,,,,,,,,,,2026-06-03 07:30:24.084," {f4ba3e13-d810-6a1f-c500-000000002300}",5532,C:\Program Files\Windows Defender\MpCmdRun.exe,"""C:\Program Files\Windows Defender\\MpCmdRun.exe"" SignaturesUpdateService -ScheduleJob -UnmanagedUpdate",C:\Windows\system32\,NT AUTHORITY\SYSTEM,"MD5=C37ADF3801F599EDF3180354BBAB2560,SHA256=1C90A322F55D574EF703B9CB0ADFB379CEFA33A2B5D72F04A6E9AAA2F209F6B5,IMPHASH=5F980D25420E31451E189C1082EF5045"," {f4ba3e13-d5b3-6a1f-3200-000000002300}"," 3056",C:\Program Files\Windows Defender\MsMpEng.exe,"""C:\Program Files\Windows Defender\MsMpEng.exe""",System,0x3E7," {f4ba3e13-d594-6a1f-e703-000000000000}"," 0",,,,,,,,,,,,,,,,,,,,,,,Microsoft Corporation,Microsoft® Windows® Operating System,Microsoft Malware Protection Command Line Utility,4.10.14393.0 (rs1_release.160715-1616),MpCmdRun.exe,,,,,,,,,,,,,,-,C.4f04b5de911bf0cd,C.4f04b5de911bf0cd
1780491434416,,,,,,,,,,,2026-06-03 07:30:35.996," {f4ba3e13-d810-6a1f-c300-000000002300}",2360,C:\Program Files\Windows Defender\MpCmdRun.exe,,,NT AUTHORITY\NETWORK SERVICE,,,,,,,,,,C:\Windows\SERVIC~2\NETWOR~1\AppData\Local\Temp\mpam-6c26014f.exe,2026-06-03 07:30:35.996,,,,,,,,,,,,,,,,,,,,,,,,,,,,,,,,,,,,,,,EXE,C.4f04b5de911bf0cd,C.4f04b5de911bf0cd
1780491434416,,,,,,,,,,,2026-06-03 07:30:36.046," {f4ba3e13-d810-6a1f-c300-000000002300}",2360,C:\Program Files\Windows Defender\MpCmdRun.exe,,,NT AUTHORITY\NETWORK SERVICE,,,,,,,,,,C:\Windows\SERVIC~2\NETWOR~1\AppData\Local\Temp\mpam-95151459.exe,2026-06-03 07:30:36.045,,,,,,,,,,,,,,,,,,,,,,,,,,,,,,,,,,,,,,,EXE,C.4f04b5de911bf0cd,C.4f04b5de911bf0cd
1780491434416,,,,,,,,,,,2026-06-03 07:31:02.447," {f4ba3e13-d7fc-6a1f-bc00-000000002300}",5972,C:\Users\ADMINI~1\AppData\Local\Temp\0E8908B0-802B-4DAE-9A66-0F0D0F2811BF\DismHost.exe,,,CHILD\Administrator,,,,,,,,,,,,,,,,,,,,,,,,,,,,,,,,,,,,,,,,,,,,,,,,,,-,C.4f04b5de911bf0cd,C.4f04b5de911bf0cd
1780491562369,,,,,,,,,,,2026-06-03 07:31:48.184," {f4ba3e13-d864-6a1f-c900-000000002300}",4700,C:\Program Files\7-Zip\7zG.exe,"""C:\Program Files\7-Zip\7zG.exe"" x -o""C:\Users\Administrator\Desktop\"" -an -ai#7zMap24256:202:7zEvent11337",C:\Windows\system32\,CHILD\Administrator,"MD5=B6B6C202C49C8BB6B94F0FD2FC9FA449,SHA256=90F1E6DAF118831F3A1A7C77E3B05E13F9F344337AB349719D116BC722F4A6C8,IMPHASH=688580EAC1DC158B5824AC306CD1402C"," {f4ba3e13-d612-6a1f-5400-000000002300}"," 2748",C:\Windows\explorer.exe,C:\Windows\Explorer.EXE /NOUACCHECK,High,0x45940," {f4ba3e13-d610-6a1f-4059-040000000000}"," 1",,,,,,,,,,,,,,,,,,,,,,,Igor Pavlov,7-Zip,7-Zip GUI," 26.00",7zg.exe,,,,,,,,,,,,,,-,C.4f04b5de911bf0cd,C.4f04b5de911bf0cd
1780491562369,,,,,,,,,,,2026-06-03 07:31:48.208," {f4ba3e13-d864-6a1f-c900-000000002300}",4700,C:\Program Files\7-Zip\7zG.exe,,,CHILD\Administrator,,,,,,,,,,C:\Users\Administrator\Desktop\2026년 상반기 국내대학원 석사야간과정 위탁교육생 선발관련 서류 (1).hwpx.jse,2026-06-03 07:31:48.208,,,,,,,,,,,,,,,,,,,,,,,,,,,,,,,,,,,,,,,-,C.4f04b5de911bf0cd,C.4f04b5de911bf0cd
1780491562369,,,,,,,,,,,2026-06-03 07:31:48.224," {f4ba3e13-d864-6a1f-c900-000000002300}",4700,C:\Program Files\7-Zip\7zG.exe,,,CHILD\Administrator,,,,,,,,,,C:\Users\Administrator\Desktop\2026년 상반기 국내대학원 석사야간과정 위탁교육생 선발관련 서류.hwpx.jse,2026-06-03 07:31:48.224,,,,,,,,,,,,,,,,,,,,,,,,,,,,,,,,,,,,,,,-,C.4f04b5de911bf0cd,C.4f04b5de911bf0cd
1780491562369,,,,,,,,,,,2026-06-03 07:32:22.445," {f4ba3e13-d886-6a1f-ca00-000000002300}",6036,C:\Windows\System32\wscript.exe,"""C:\Windows\System32\WScript.exe"" ""C:\Users\Administrator\Desktop\2026년 상반기 국내대학원 석사야간과정 위탁교육생 선발관련 서류.hwpx.jse"" ",C:\Users\Administrator\Desktop\,CHILD\Administrator,"MD5=AF5C4AA89DF62F369E529A9587E2BE1F,SHA256=10D84F6CE8CC5C7F2F91A6CB663EEC263FBAAAA81F2E68B4F11A0817D3DCFF55,IMPHASH=D996387C5368DCAAC3D28791F2E2A68D"," {f4ba3e13-d612-6a1f-5400-000000002300}"," 2748",C:\Windows\explorer.exe,C:\Windows\Explorer.EXE /NOUACCHECK,High,0x45940," {f4ba3e13-d610-6a1f-4059-040000000000}"," 1",,,,,,,,,,,,,,,,,,,,,,,Microsoft Corporation,Microsoft ® Windows Script Host,Microsoft ® Windows Based Script Host,5.812.10240.16384,wscript.exe,,,,,,,,,,,,,,-,C.4f04b5de911bf0cd,C.4f04b5de911bf0cd
1780491562369,,,,,,,,,,,2026-06-03 07:32:23.542," {f4ba3e13-d887-6a1f-cb00-000000002300}",6128,C:\Windows\System32\OpenWith.exe,C:\Windows\system32\OpenWith.exe -Embedding,C:\Windows\system32\,CHILD\Administrator,"MD5=FEAEEC585FEA59A316DDDD6C8505DA8D,SHA256=E9F8EBA1F42F60AACEC65BC346AF51A649F8C9BF625AB9493F17D98F4C6C22D9,IMPHASH=3DC53F3258E7C5C7131E7C13F7BD06C9"," {f4ba3e13-d597-6a1f-0c00-000000002300}"," 864",C:\Windows\System32\svchost.exe,C:\Windows\system32\svchost.exe -k DcomLaunch,High,0x45940," {f4ba3e13-d610-6a1f-4059-040000000000}"," 1",,,,,,,,,,,,,,,,,,,,,,,Microsoft Corporation,Microsoft® Windows® Operating System,Pick an app,10.0.14393.0 (rs1_release.160715-1616),OpenWith.exe,,,,,,,,,,,,,,-,C.4f04b5de911bf0cd,C.4f04b5de911bf0cd
1780491562369,,,,,,,,,,,2026-06-03 07:32:24.239," {f4ba3e13-d888-6a1f-cc00-000000002300}",4404,C:\Windows\System32\WindowsPowerShell\v1.0\powershell.exe,"""C:\Windows\System32\WindowsPowerShell\v1.0\powershell.exe"" -windowstyle hidden certutil -decode C:\Windows\..\ProgramData\iIdypWi.zgyY C:\Windows\..\ProgramData\kE2I3TP.crqn",C:\Users\Administrator\Desktop\,CHILD\Administrator,"MD5=097CE5761C89434367598B34FE32893B,SHA256=BA4038FD20E474C047BE8AAD5BFACDB1BFC1DDBE12F803F473B7918D8D819436,IMPHASH=CAEE994F79D85E47C06E5FA9CDEAE453"," {f4ba3e13-d886-6a1f-ca00-000000002300}"," 6036",C:\Windows\System32\wscript.exe,"""C:\Windows\System32\WScript.exe"" ""C:\Users\Administrator\Desktop\2026년 상반기 국내대학원 석사야간과정 위탁교육생 선발관련 서류.hwpx.jse"" ",High,0x45940," {f4ba3e13-d610-6a1f-4059-040000000000}"," 1",,,,,,,,,,,,,,,,,,,,,,,Microsoft Corporation,Microsoft® Windows® Operating System,Windows PowerShell,10.0.14393.206 (rs1_release.160915-0644),PowerShell.EXE,,,,,,,,,,,,,,-,C.4f04b5de911bf0cd,C.4f04b5de911bf0cd
1780491562369,,,,,,,,,,,2026-06-03 07:32:24.656," {f4ba3e13-d888-6a1f-cc00-000000002300}",4404,C:\Windows\System32\WindowsPowerShell\v1.0\powershell.exe,,,CHILD\Administrator,,,,,,,,,,C:\Users\Administrator\AppData\Local\Temp\5ld4xbit.4kv.ps1,2026-06-03 07:32:24.656,,,,,,,,,,,,,,,,,,,,,,,,,,,,,,,,,,,,,,,-,C.4f04b5de911bf0cd,C.4f04b5de911bf0cd
1780491562369,,,,,,,,,,,2026-06-03 07:32:24.739," {f4ba3e13-d888-6a1f-ce00-000000002300}",3680,C:\Windows\System32\certutil.exe,"""C:\Windows\system32\certutil.exe"" -decode C:\Windows\..\ProgramData\iIdypWi.zgyY C:\Windows\..\ProgramData\kE2I3TP.crqn",C:\Users\Administrator\Desktop\,CHILD\Administrator,"MD5=59D4D2F844B213D717A2A752D4FCE2F8,SHA256=DA4D2E163CF3EC81877F0F8501EC04BEBE04A4C0C1EAACAF5451007D7D8B016E,IMPHASH=EA2AA64078C88072FCD6C3835362AD54"," {f4ba3e13-d888-6a1f-cc00-000000002300}"," 4404",C:\Windows\System32\WindowsPowerShell\v1.0\powershell.exe,"""C:\Windows\System32\WindowsPowerShell\v1.0\powershell.exe"" -windowstyle hidden certutil -decode C:\Windows\..\ProgramData\iIdypWi.zgyY C:\Windows\..\ProgramData\kE2I3TP.crqn",High,0x45940," {f4ba3e13-d610-6a1f-4059-040000000000}"," 1",,,,,,,,,,,,,,,,,,,,,,,Microsoft Corporation,Microsoft® Windows® Operating System,CertUtil.exe,10.0.14393.0 (rs1_release.160715-1616),CertUtil.exe,,,,,,,,,,,,,,-,C.4f04b5de911bf0cd,C.4f04b5de911bf0cd
1780491562369,,,,,,,,,,,2026-06-03 07:32:25.423," {f4ba3e13-d889-6a1f-cf00-000000002300}",5452,C:\Program Files\Windows Defender\MpCmdRun.exe,"""C:\Program Files\Windows Defender\\MpCmdRun.exe"" GetDeviceTicket -AccessKey 85D3BA52-CC86-BDF5-3F74-B4EC7EBE791A ",C:\Windows\system32\,NT AUTHORITY\NETWORK SERVICE,"MD5=C37ADF3801F599EDF3180354BBAB2560,SHA256=1C90A322F55D574EF703B9CB0ADFB379CEFA33A2B5D72F04A6E9AAA2F209F6B5,IMPHASH=5F980D25420E31451E189C1082EF5045"," {f4ba3e13-d5b3-6a1f-3200-000000002300}"," 3056",C:\Program Files\Windows Defender\MsMpEng.exe,"""C:\Program Files\Windows Defender\MsMpEng.exe""",System,0x3E4," {f4ba3e13-d597-6a1f-e403-000000000000}"," 0",,,,,,,,,,,,,,,,,,,,,,,Microsoft Corporation,Microsoft® Windows® Operating System,Microsoft Malware Protection Command Line Utility,4.10.14393.0 (rs1_release.160715-1616),MpCmdRun.exe,,,,,,,,,,,,,,-,C.4f04b5de911bf0cd,C.4f04b5de911bf0cd
1780491562369,,,,,,,,,,,2026-06-03 07:32:25.605," {f4ba3e13-d889-6a1f-d000-000000002300}",5616,C:\Program Files\Windows Defender\MpCmdRun.exe,"""C:\Program Files\Windows Defender\\MpCmdRun.exe"" GetDeviceTicket -AccessKey B770C5A0-DCB8-4DC3-A46E-EC4E30B8BB19 ",C:\Windows\system32\,NT AUTHORITY\NETWORK SERVICE,"MD5=C37ADF3801F599EDF3180354BBAB2560,SHA256=1C90A322F55D574EF703B9CB0ADFB379CEFA33A2B5D72F04A6E9AAA2F209F6B5,IMPHASH=5F980D25420E31451E189C1082EF5045"," {f4ba3e13-d5b3-6a1f-3200-000000002300}"," 3056",C:\Program Files\Windows Defender\MsMpEng.exe,"""C:\Program Files\Windows Defender\MsMpEng.exe""",System,0x3E4," {f4ba3e13-d597-6a1f-e403-000000000000}"," 0",,,,,,,,,,,,,,,,,,,,,,,Microsoft Corporation,Microsoft® Windows® Operating System,Microsoft Malware Protection Command Line Utility,4.10.14393.0 (rs1_release.160715-1616),MpCmdRun.exe,,,,,,,,,,,,,,-,C.4f04b5de911bf0cd,C.4f04b5de911bf0cd
1780491562369,,,,,,,,,,,2026-06-03 07:32:27.352," {f4ba3e13-d88b-6a1f-d100-000000002300}",4892,C:\Program Files\Internet Explorer\iexplore.exe,"""C:\Program Files\Internet Explorer\iexplore.exe"" C:\ProgramData\2026³â »ó¹Ý±â ±¹³»´ëÇÐ¿ø ¼®»ç¾ß°£°úÁ¤ À§Å¹±³À°»ý ¼±¹ß°ü·Ã ¼­·ù.hwpx",C:\Windows\system32\,CHILD\Administrator,"MD5=0AAC13CDEF3602BAB8544FE51DF2641D,SHA256=1C4166658B35BD8EE61B8F23E13F629149B1B6ACAF499B741C7B96FC051A1C7B,IMPHASH=0C11172F26410EEA34F2F3888548B293"," {f4ba3e13-d887-6a1f-cb00-000000002300}"," 6128",C:\Windows\System32\OpenWith.exe,C:\Windows\system32\OpenWith.exe -Embedding,High,0x45940," {f4ba3e13-d610-6a1f-4059-040000000000}"," 1",,,,,,,,,,,,,,,,,,,,,,,Microsoft Corporation,Internet Explorer,Internet Explorer,11.00.14393.0 (rs1_release.160715-1616),IEXPLORE.EXE,,,,,,,,,,,,,,-,C.4f04b5de911bf0cd,C.4f04b5de911bf0cd
1780491562369,,,,,,,,,,,2026-06-03 07:32:27.477," {f4ba3e13-d88b-6a1f-d100-000000002300}",4892,C:\Program Files\Internet Explorer\iexplore.exe,,,CHILD\Administrator,,,,,,,,,,,,SetValue,HKU\S-1-5-21-1708988400-3611681687-2257486301-500\SOFTWARE\Microsoft\Windows\CurrentVersion\Internet Settings\ProxyEnable,DWORD (0x00000000),,,,,,,,,,,,,,,,,,,,,,,,,,,,,,,,,,,,-,C.4f04b5de911bf0cd,C.4f04b5de911bf0cd
1780491562369,,,,,,,,,,,2026-06-03 07:32:27.504," {f4ba3e13-d88b-6a1f-d200-000000002300}",2372,C:\Program Files (x86)\Internet Explorer\iexplore.exe,"""C:\Program Files (x86)\Internet Explorer\IEXPLORE.EXE"" SCODEF:4892 CREDAT:82945 /prefetch:2",C:\Users\Administrator\Desktop\,CHILD\Administrator,"MD5=AD09A75E04A6F259F7A94D9D3BFAF2BD,SHA256=346061315F31F0697727AC96E8CC83A7EE36B42D95D190FBECCCA2D1D288A394,IMPHASH=924665B8202A7049BE45596FA4AE5F8F"," {f4ba3e13-d88b-6a1f-d100-000000002300}"," 4892",C:\Program Files\Internet Explorer\iexplore.exe,"""C:\Program Files\Internet Explorer\iexplore.exe"" C:\ProgramData\2026³â »ó¹Ý±â ±¹³»´ëÇÐ¿ø ¼®»ç¾ß°£°úÁ¤ À§Å¹±³À°»ý ¼±¹ß°ü·Ã ¼­·ù.hwpx",High,0x45940," {f4ba3e13-d610-6a1f-4059-040000000000}"," 1",,,,,,,,,,,,,,,,,,,,,,,Microsoft Corporation,Internet Explorer,Internet Explorer,11.00.14393.0 (rs1_release.160715-1616),IEXPLORE.EXE,,,,,,,,,,,,,,-,C.4f04b5de911bf0cd,C.4f04b5de911bf0cd
1780491562369,,,,,,,,,,,2026-06-03 07:32:27.651," {f4ba3e13-d88b-6a1f-d200-000000002300}",2372,C:\Program Files (x86)\Internet Explorer\IEXPLORE.EXE,,,CHILD\Administrator,,,,,,,,,,,,SetValue,HKU\S-1-5-21-1708988400-3611681687-2257486301-500\SOFTWARE\Microsoft\Windows\CurrentVersion\Internet Settings\ProxyEnable,DWORD (0x00000000),,,,,,,,,,,,,,,,,,,,,,,,,,,,,,,,,,,,-,C.4f04b5de911bf0cd,C.4f04b5de911bf0cd
1780491562369,,,,,,,,,,,2026-06-03 07:32:35.145," {f4ba3e13-d893-6a1f-d300-000000002300}",5472,C:\Windows\System32\WindowsPowerShell\v1.0\powershell.exe,"""C:\Windows\System32\WindowsPowerShell\v1.0\powershell.exe"" -windowstyle hidden Start-Process rundll32.exe -argumentlist 'C:\Windows\..\ProgramData\kE2I3TP.crqn load' -NoNewWindow",C:\Users\Administrator\Desktop\,CHILD\Administrator,"MD5=097CE5761C89434367598B34FE32893B,SHA256=BA4038FD20E474C047BE8AAD5BFACDB1BFC1DDBE12F803F473B7918D8D819436,IMPHASH=CAEE994F79D85E47C06E5FA9CDEAE453"," {f4ba3e13-d886-6a1f-ca00-000000002300}"," 6036",C:\Windows\System32\wscript.exe,"""C:\Windows\System32\WScript.exe"" ""C:\Users\Administrator\Desktop\2026년 상반기 국내대학원 석사야간과정 위탁교육생 선발관련 서류.hwpx.jse"" ",High,0x45940," {f4ba3e13-d610-6a1f-4059-040000000000}"," 1",,,,,,,,,,,,,,,,,,,,,,,Microsoft Corporation,Microsoft® Windows® Operating System,Windows PowerShell,10.0.14393.206 (rs1_release.160915-0644),PowerShell.EXE,,,,,,,,,,,,,,-,C.4f04b5de911bf0cd,C.4f04b5de911bf0cd
1780491562369,,,,,,,,,,,2026-06-03 07:32:35.304," {f4ba3e13-d893-6a1f-d300-000000002300}",5472,C:\Windows\System32\WindowsPowerShell\v1.0\powershell.exe,,,CHILD\Administrator,,,,,,,,,,C:\Users\Administrator\AppData\Local\Temp\zj5fursf.15e.ps1,2026-06-03 07:32:35.304,,,,,,,,,,,,,,,,,,,,,,,,,,,,,,,,,,,,,,,-,C.4f04b5de911bf0cd,C.4f04b5de911bf0cd
1780491562369,,,,,,,,,,,2026-06-03 07:32:35.477," {f4ba3e13-d893-6a1f-d500-000000002300}",5648,C:\Windows\System32\wscript.exe,"""C:\Windows\System32\WScript.exe"" ""C:\Users\Administrator\Desktop\2026년 상반기 국내대학원 석사야간과정 위탁교육생 선발관련 서류 (1).hwpx.jse"" ",C:\Users\Administrator\Desktop\,CHILD\Administrator,"MD5=AF5C4AA89DF62F369E529A9587E2BE1F,SHA256=10D84F6CE8CC5C7F2F91A6CB663EEC263FBAAAA81F2E68B4F11A0817D3DCFF55,IMPHASH=D996387C5368DCAAC3D28791F2E2A68D"," {f4ba3e13-d612-6a1f-5400-000000002300}"," 2748",C:\Windows\explorer.exe,C:\Windows\Explorer.EXE /NOUACCHECK,High,0x45940," {f4ba3e13-d610-6a1f-4059-040000000000}"," 1",,,,,,,,,,,,,,,,,,,,,,,Microsoft Corporation,Microsoft ® Windows Script Host,Microsoft ® Windows Based Script Host,5.812.10240.16384,wscript.exe,,,,,,,,,,,,,,-,C.4f04b5de911bf0cd,C.4f04b5de911bf0cd
1780491562369,,,,,,,,,,,2026-06-03 07:32:35.801," {f4ba3e13-d893-6a1f-d600-000000002300}",5704,C:\Windows\System32\OpenWith.exe,C:\Windows\system32\OpenWith.exe -Embedding,C:\Windows\system32\,CHILD\Administrator,"MD5=FEAEEC585FEA59A316DDDD6C8505DA8D,SHA256=E9F8EBA1F42F60AACEC65BC346AF51A649F8C9BF625AB9493F17D98F4C6C22D9,IMPHASH=3DC53F3258E7C5C7131E7C13F7BD06C9"," {f4ba3e13-d597-6a1f-0c00-000000002300}"," 864",C:\Windows\System32\svchost.exe,C:\Windows\system32\svchost.exe -k DcomLaunch,High,0x45940," {f4ba3e13-d610-6a1f-4059-040000000000}"," 1",,,,,,,,,,,,,,,,,,,,,,,Microsoft Corporation,Microsoft® Windows® Operating System,Pick an app,10.0.14393.0 (rs1_release.160715-1616),OpenWith.exe,,,,,,,,,,,,,,-,C.4f04b5de911bf0cd,C.4f04b5de911bf0cd
1780491562369,,,,,,,,,,,2026-06-03 07:32:35.916," {f4ba3e13-d893-6a1f-d700-000000002300}",2360,C:\Windows\System32\rundll32.exe,"""C:\Windows\system32\rundll32.exe"" C:\Windows\..\ProgramData\kE2I3TP.crqn load ",C:\Users\Administrator\Desktop\,CHILD\Administrator,"MD5=C7645D43451C6D94D87F4D07BDE59C89,SHA256=495BBA47FC43EE23054FCD419F2F00457162D1C04296900C6AEA551102A810F3,IMPHASH=7D1CE1BAFE48B63D9D19E8E0E5DF3E6C"," {f4ba3e13-d893-6a1f-d300-000000002300}"," 5472",C:\Windows\System32\WindowsPowerShell\v1.0\powershell.exe,"""C:\Windows\System32\WindowsPowerShell\v1.0\powershell.exe"" -windowstyle hidden Start-Process rundll32.exe -argumentlist 'C:\Windows\..\ProgramData\kE2I3TP.crqn load' -NoNewWindow",High,0x45940," {f4ba3e13-d610-6a1f-4059-040000000000}"," 1",,,,,,,,,,,,,,,,,,,,,,,Microsoft Corporation,Microsoft® Windows® Operating System,Windows host process (Rundll32),10.0.14393.0 (rs1_release.160715-1616),RUNDLL32.EXE,,,,,,,,,,,,,,-,C.4f04b5de911bf0cd,C.4f04b5de911bf0cd
1780491562369,,,,,,,,,,,2026-06-03 07:32:35.911," {f4ba3e13-d893-6a1f-d500-000000002300}",5648,C:\Windows\System32\WScript.exe,,,CHILD\Administrator,,,,,,,,,,,,SetValue,HKU\S-1-5-21-1708988400-3611681687-2257486301-500\SOFTWARE\Microsoft\Windows\CurrentVersion\Internet Settings\ProxyEnable,DWORD (0x00000000),,,,,,,,,,,,,,,,,,,,,,,,,,,,,,,,,,,,-,C.4f04b5de911bf0cd,C.4f04b5de911bf0cd
1780491562369,,,,,,,,,,,2026-06-03 07:32:37.386," {f4ba3e13-d593-6a1f-0a00-000000002300}",644,C:\Windows\system32\services.exe,,,NT AUTHORITY\SYSTEM,,,,,,,,,,,,SetValue,HKLM\System\CurrentControlSet\Services\CacheDB\Start,DWORD (0x00000002),,,,,,,,,,,,,,,,,,,,,,,,,,,,,,,,,,,,"T1031,T1050",C.4f04b5de911bf0cd,C.4f04b5de911bf0cd
1780491562369,,,,,,,,,,,2026-06-03 07:32:37.386," {f4ba3e13-d593-6a1f-0a00-000000002300}",644,C:\Windows\system32\services.exe,,,NT AUTHORITY\SYSTEM,,,,,,,,,,,,SetValue,HKLM\System\CurrentControlSet\Services\CacheDB\ImagePath,"cmd.exe /c ""rundll32.exe C:\ProgramData\kE2I3TP.crqn,load""",,,,,,,,,,,,,,,,,,,,,,,,,,,,,,,,,,,,"T1031,T1050",C.4f04b5de911bf0cd,C.4f04b5de911bf0cd
1780491562369,,,,,,,,,,,2026-06-03 07:32:37.397," {f4ba3e13-d895-6a1f-d800-000000002300}",5664,C:\Windows\System32\cmd.exe,"cmd.exe /c ""rundll32.exe C:\ProgramData\kE2I3TP.crqn,load""",C:\Windows\system32\,NT AUTHORITY\SYSTEM,"MD5=F4F684066175B77E0C3A000549D2922C,SHA256=935C1861DF1F4018D698E8B65ABFA02D7E9037D8F68CA3C2065B6CA165D44AD2,IMPHASH=3062ED732D4B25D1C64F084DAC97D37A"," {f4ba3e13-d593-6a1f-0a00-000000002300}"," 644",C:\Windows\System32\services.exe,C:\Windows\system32\services.exe,System,0x3E7," {f4ba3e13-d594-6a1f-e703-000000000000}"," 0",,,,,,,,,,,,,,,,,,,,,,,Microsoft Corporation,Microsoft® Windows® Operating System,Windows Command Processor,10.0.14393.0 (rs1_release.160715-1616),Cmd.Exe,,,,,,,,,,,,,,-,C.4f04b5de911bf0cd,C.4f04b5de911bf0cd
1780491562369,,,,,,,,,,,2026-06-03 07:32:37.405," {f4ba3e13-d895-6a1f-d900-000000002300}",4500,C:\Windows\System32\rundll32.exe,"rundll32.exe  C:\ProgramData\kE2I3TP.crqn,load",C:\Windows\system32\,NT AUTHORITY\SYSTEM,"MD5=C7645D43451C6D94D87F4D07BDE59C89,SHA256=495BBA47FC43EE23054FCD419F2F00457162D1C04296900C6AEA551102A810F3,IMPHASH=7D1CE1BAFE48B63D9D19E8E0E5DF3E6C"," {f4ba3e13-d895-6a1f-d800-000000002300}"," 5664",C:\Windows\System32\cmd.exe,"cmd.exe /c ""rundll32.exe C:\ProgramData\kE2I3TP.crqn,load""",System,0x3E7," {f4ba3e13-d594-6a1f-e703-000000000000}"," 0",,,,,,,,,,,,,,,,,,,,,,,Microsoft Corporation,Microsoft® Windows® Operating System,Windows host process (Rundll32),10.0.14393.0 (rs1_release.160715-1616),RUNDLL32.EXE,,,,,,,,,,,,,,-,C.4f04b5de911bf0cd,C.4f04b5de911bf0cd
1780491562369,,,,,,,,,,,2026-06-03 07:32:37.802," {f4ba3e13-d895-6a1f-da00-000000002300}",3936,C:\Windows\System32\cmd.exe,"cmd.exe /c chcp 949|(powershell Get-CimInstance -Namespace root/SecurityCenter2 -Classname AntivirusProduct & dir C:\ & dir C:\programdata & dir C:\Users & tasklist & dir ""C:\program files"" & dir ""%%USERPROFILE%%\Desktop"" & ipconfig /all & route print & net user & netstat -nao & systeminfo) & reg query HKEY_CURRENT_USER\Software\Microsoft\Windows\CurrentVersion\Run > ""C:\Windows\TEMP\2At681D.tmp""",C:\Windows\system32\,NT AUTHORITY\SYSTEM,"MD5=F4F684066175B77E0C3A000549D2922C,SHA256=935C1861DF1F4018D698E8B65ABFA02D7E9037D8F68CA3C2065B6CA165D44AD2,IMPHASH=3062ED732D4B25D1C64F084DAC97D37A"," {f4ba3e13-d895-6a1f-d900-000000002300}"," 4500",C:\Windows\System32\rundll32.exe,"rundll32.exe  C:\ProgramData\kE2I3TP.crqn,load",System,0x3E7," {f4ba3e13-d594-6a1f-e703-000000000000}"," 0",,,,,,,,,,,,,,,,,,,,,,,Microsoft Corporation,Microsoft® Windows® Operating System,Windows Command Processor,10.0.14393.0 (rs1_release.160715-1616),Cmd.Exe,,,,,,,,,,,,,,-,C.4f04b5de911bf0cd,C.4f04b5de911bf0cd
1780491562369,,,,,,,,,,,2026-06-03 07:32:37.831," {f4ba3e13-d895-6a1f-dc00-000000002300}",5876,C:\Windows\System32\chcp.com,chcp  949,C:\Windows\system32\,NT AUTHORITY\SYSTEM,"MD5=BA6FD5B883C0899785D17CEBE66A25F6,SHA256=9FDBDF88CF2BB2794C416E3083553F2898AC9DC92DFAC2478B4C1DF667DF7C74,IMPHASH=4FB30D6E330F3FB3DB61550BD7FA7CCD"," {f4ba3e13-d895-6a1f-da00-000000002300}"," 3936",C:\Windows\System32\cmd.exe,"cmd.exe /c chcp 949|(powershell Get-CimInstance -Namespace root/SecurityCenter2 -Classname AntivirusProduct & dir C:\ & dir C:\programdata & dir C:\Users & tasklist & dir ""C:\program files"" & dir ""%USERPROFILE%\Desktop"" & ipconfig /all & route print & net user & netstat -nao & systeminfo) & reg query HKEY_CURRENT_USER\Software\Microsoft\Windows\CurrentVersion\Run > ""C:\Windows\TEMP\2At681D.tmp""",System,0x3E7," {f4ba3e13-d594-6a1f-e703-000000000000}"," 0",,,,,,,,,,,,,,,,,,,,,,,Microsoft Corporation,Microsoft® Windows® Operating System,Change CodePage Utility,10.0.14393.0 (rs1_release.160715-1616),CHCP.COM,,,,,,,,,,,,,,-,C.4f04b5de911bf0cd,C.4f04b5de911bf0cd
1780491562369,,,,,,,,,,,2026-06-03 07:32:37.835," {f4ba3e13-d895-6a1f-dd00-000000002300}",5920,C:\Windows\System32\cmd.exe,"C:\Windows\system32\cmd.exe  /S /D /c"" ( powershell Get-CimInstance -Namespace root/SecurityCenter2 -Classname AntivirusProduct & dir C:\ & dir C:\programdata & dir C:\Users & tasklist & dir ""C:\program files"" & dir ""C:\Windows\system32\config\systemprofile\Desktop"" & ipconfig /all & route print & net user & netstat -nao & systeminfo )""",C:\Windows\system32\,NT AUTHORITY\SYSTEM,"MD5=F4F684066175B77E0C3A000549D2922C,SHA256=935C1861DF1F4018D698E8B65ABFA02D7E9037D8F68CA3C2065B6CA165D44AD2,IMPHASH=3062ED732D4B25D1C64F084DAC97D37A"," {f4ba3e13-d895-6a1f-da00-000000002300}"," 3936",C:\Windows\System32\cmd.exe,"cmd.exe /c chcp 949|(powershell Get-CimInstance -Namespace root/SecurityCenter2 -Classname AntivirusProduct & dir C:\ & dir C:\programdata & dir C:\Users & tasklist & dir ""C:\program files"" & dir ""%USERPROFILE%\Desktop"" & ipconfig /all & route print & net user & netstat -nao & systeminfo) & reg query HKEY_CURRENT_USER\Software\Microsoft\Windows\CurrentVersion\Run > ""C:\Windows\TEMP\2At681D.tmp""",System,0x3E7," {f4ba3e13-d594-6a1f-e703-000000000000}"," 0",,,,,,,,,,,,,,,,,,,,,,,Microsoft Corporation,Microsoft® Windows® Operating System,Windows Command Processor,10.0.14393.0 (rs1_release.160715-1616),Cmd.Exe,,,,,,,,,,,,,,-,C.4f04b5de911bf0cd,C.4f04b5de911bf0cd
1780491562369,,,,,,,,,,,2026-06-03 07:32:37.843," {f4ba3e13-d895-6a1f-de00-000000002300}",5200,C:\Windows\System32\WindowsPowerShell\v1.0\powershell.exe,powershell  Get-CimInstance -Namespace root/SecurityCenter2 -Classname AntivirusProduct ,C:\Windows\system32\,NT AUTHORITY\SYSTEM,"MD5=097CE5761C89434367598B34FE32893B,SHA256=BA4038FD20E474C047BE8AAD5BFACDB1BFC1DDBE12F803F473B7918D8D819436,IMPHASH=CAEE994F79D85E47C06E5FA9CDEAE453"," {f4ba3e13-d895-6a1f-dd00-000000002300}"," 5920",C:\Windows\System32\cmd.exe,"C:\Windows\system32\cmd.exe  /S /D /c"" ( powershell Get-CimInstance -Namespace root/SecurityCenter2 -Classname AntivirusProduct & dir C:\ & dir C:\programdata & dir C:\Users & tasklist & dir ""C:\program files"" & dir ""C:\Windows\system32\config\systemprofile\Desktop"" & ipconfig /all & route print & net user & netstat -nao & systeminfo )""",System,0x3E7," {f4ba3e13-d594-6a1f-e703-000000000000}"," 0",,,,,,,,,,,,,,,,,,,,,,,Microsoft Corporation,Microsoft® Windows® Operating System,Windows PowerShell,10.0.14393.206 (rs1_release.160915-0644),PowerShell.EXE,,,,,,,,,,,,,,-,C.4f04b5de911bf0cd,C.4f04b5de911bf0cd
1780491562369,,,,,,,,,,,2026-06-03 07:32:37.964," {f4ba3e13-d895-6a1f-de00-000000002300}",5200,C:\Windows\System32\WindowsPowerShell\v1.0\powershell.exe,,,NT AUTHORITY\SYSTEM,,,,,,,,,,C:\Windows\Temp\3gyc1gaz.olv.ps1,2026-06-03 07:32:37.964,,,,,,,,,,,,,,,,,,,,,,,,,,,,,,,,,,,,,,,-,C.4f04b5de911bf0cd,C.4f04b5de911bf0cd
1780491562369,,,,,,,,,,,2026-06-03 07:32:36.428," {f4ba3e13-d893-6a1f-d700-000000002300}",2360,C:\Windows\System32\rundll32.exe,,,CHILD\Administrator,,,,,,,,,,,,,,,,,,,,,,,,,,,,,,,,,,,,,,,,,,,,,,,www.pyrotech.co.kr," 0",::ffff:192.169.34.199;,-,C.4f04b5de911bf0cd,C.4f04b5de911bf0cd
1780491562369,,,,,,,,,,,2026-06-03 07:32:39.735," {f4ba3e13-d897-6a1f-df00-000000002300}",5560,C:\Windows\System32\tasklist.exe,tasklist  ,C:\Windows\system32\,NT AUTHORITY\SYSTEM,"MD5=6F2FDCF651A1650FC7B4FC5A860E4D9D,SHA256=27EDDAC6A2E5A74DF67C534393B0B025B03D61310748BE016DCE348A02D30A22,IMPHASH=9C5CFDDF3336412B8046D54234415205"," {f4ba3e13-d895-6a1f-dd00-000000002300}"," 5920",C:\Windows\System32\cmd.exe,"C:\Windows\system32\cmd.exe  /S /D /c"" ( powershell Get-CimInstance -Namespace root/SecurityCenter2 -Classname AntivirusProduct & dir C:\ & dir C:\programdata & dir C:\Users & tasklist & dir ""C:\program files"" & dir ""C:\Windows\system32\config\systemprofile\Desktop"" & ipconfig /all & route print & net user & netstat -nao & systeminfo )""",System,0x3E7," {f4ba3e13-d594-6a1f-e703-000000000000}"," 0",,,,,,,,,,,,,,,,,,,,,,,Microsoft Corporation,Microsoft® Windows® Operating System,Lists the current running tasks,10.0.14393.0 (rs1_release.160715-1616),tasklist.exe,,,,,,,,,,,,,,-,C.4f04b5de911bf0cd,C.4f04b5de911bf0cd
1780491562369,,,,,,,,,,,2026-06-03 07:32:39.989," {f4ba3e13-d897-6a1f-e100-000000002300}",4476,C:\Windows\System32\ipconfig.exe,ipconfig  /all ,C:\Windows\system32\,NT AUTHORITY\SYSTEM,"MD5=29916DCEA5377C19996B417D9235F42F,SHA256=5EE3FD7CA1AC876D0DE539D469BFC333594FCA3DF9F377CC96C756D9648697F1,IMPHASH=3636F50089F8190E3308E8AEA8F2043A"," {f4ba3e13-d895-6a1f-dd00-000000002300}"," 5920",C:\Windows\System32\cmd.exe,"C:\Windows\system32\cmd.exe  /S /D /c"" ( powershell Get-CimInstance -Namespace root/SecurityCenter2 -Classname AntivirusProduct & dir C:\ & dir C:\programdata & dir C:\Users & tasklist & dir ""C:\program files"" & dir ""C:\Windows\system32\config\systemprofile\Desktop"" & ipconfig /all & route print & net user & netstat -nao & systeminfo )""",System,0x3E7," {f4ba3e13-d594-6a1f-e703-000000000000}"," 0",,,,,,,,,,,,,,,,,,,,,,,Microsoft Corporation,Microsoft® Windows® Operating System,IP Configuration Utility,10.0.14393.0 (rs1_release.160715-1616),ipconfig.exe,,,,,,,,,,,,,,-,C.4f04b5de911bf0cd,C.4f04b5de911bf0cd
1780491562369,,,,,,,,,,,2026-06-03 07:32:40.155," {f4ba3e13-d898-6a1f-e200-000000002300}",3108,C:\Windows\System32\ROUTE.EXE,route  print ,C:\Windows\system32\,NT AUTHORITY\SYSTEM,"MD5=56AA12B243152DF359E79D143F248F1D,SHA256=BFE7A626BF3B9080997401969954AE0376476FD220E80CC52707FF31CE827D53,IMPHASH=B4266771AA756897B5C9C266177A6A5E"," {f4ba3e13-d895-6a1f-dd00-000000002300}"," 5920",C:\Windows\System32\cmd.exe,"C:\Windows\system32\cmd.exe  /S /D /c"" ( powershell Get-CimInstance -Namespace root/SecurityCenter2 -Classname AntivirusProduct & dir C:\ & dir C:\programdata & dir C:\Users & tasklist & dir ""C:\program files"" & dir ""C:\Windows\system32\config\systemprofile\Desktop"" & ipconfig /all & route print & net user & netstat -nao & systeminfo )""",System,0x3E7," {f4ba3e13-d594-6a1f-e703-000000000000}"," 0",,,,,,,,,,,,,,,,,,,,,,,Microsoft Corporation,Microsoft® Windows® Operating System,TCP/IP Route Command,10.0.14393.0 (rs1_release.160715-1616),route.exe,,,,,,,,,,,,,,-,C.4f04b5de911bf0cd,C.4f04b5de911bf0cd
1780491562369,,,,,,,,,,,2026-06-03 07:32:40.277," {f4ba3e13-d898-6a1f-e300-000000002300}",4524,C:\Windows\System32\net.exe,net  user ,C:\Windows\system32\,NT AUTHORITY\SYSTEM,"MD5=9B1E2A711EA151F766EA24389E2D4442,SHA256=7D76325D4092C9C9FE48B36C275C0255E461D8197A7960DF35DFBC270A9C6613,IMPHASH=C41B15F592DE4589047CE5119CE87468"," {f4ba3e13-d895-6a1f-dd00-000000002300}"," 5920",C:\Windows\System32\cmd.exe,"C:\Windows\system32\cmd.exe  /S /D /c"" ( powershell Get-CimInstance -Namespace root/SecurityCenter2 -Classname AntivirusProduct & dir C:\ & dir C:\programdata & dir C:\Users & tasklist & dir ""C:\program files"" & dir ""C:\Windows\system32\config\systemprofile\Desktop"" & ipconfig /all & route print & net user & netstat -nao & systeminfo )""",System,0x3E7," {f4ba3e13-d594-6a1f-e703-000000000000}"," 0",,,,,,,,,,,,,,,,,,,,,,,Microsoft Corporation,Microsoft® Windows® Operating System,Net Command,10.0.14393.0 (rs1_release.160715-1616),net.exe,,,,,,,,,,,,,,-,C.4f04b5de911bf0cd,C.4f04b5de911bf0cd
1780491562369,,,,,,,,,,,2026-06-03 07:32:40.294," {f4ba3e13-d898-6a1f-e400-000000002300}",4512,C:\Windows\System32\net1.exe,C:\Windows\system32\net1  user ,C:\Windows\system32\,NT AUTHORITY\SYSTEM,"MD5=946383ED00F5CD92DBCB7CDB878ED819,SHA256=E92A2FA67AD2F7367ABA1ABF237D245B5E36291C5A4A9F0FC04B3A0E32FF618E,IMPHASH=E2F26A4CA577CF6DBACE937727934F80"," {f4ba3e13-d898-6a1f-e300-000000002300}"," 4524",C:\Windows\System32\net.exe,net  user ,System,0x3E7," {f4ba3e13-d594-6a1f-e703-000000000000}"," 0",,,,,,,,,,,,,,,,,,,,,,,Microsoft Corporation,Microsoft® Windows® Operating System,Net Command,10.0.14393.0 (rs1_release.160715-1616),net1.exe,,,,,,,,,,,,,,-,C.4f04b5de911bf0cd,C.4f04b5de911bf0cd
1780491562369,,,,,,,,,,,2026-06-03 07:32:40.324," {f4ba3e13-d898-6a1f-e500-000000002300}",4448,C:\Windows\System32\NETSTAT.EXE,netstat  -nao ,C:\Windows\system32\,NT AUTHORITY\SYSTEM,"MD5=A96209882B0B2B29424E0F637D40A054,SHA256=9F070E1F4AA9AE0A5EA084FEBBD5983293E5748D0A5CC5D46098CB9271D2D508,IMPHASH=1CF0C01BB1C384844DD29F2A64D4E73F"," {f4ba3e13-d895-6a1f-dd00-000000002300}"," 5920",C:\Windows\System32\cmd.exe,"C:\Windows\system32\cmd.exe  /S /D /c"" ( powershell Get-CimInstance -Namespace root/SecurityCenter2 -Classname AntivirusProduct & dir C:\ & dir C:\programdata & dir C:\Users & tasklist & dir ""C:\program files"" & dir ""C:\Windows\system32\config\systemprofile\Desktop"" & ipconfig /all & route print & net user & netstat -nao & systeminfo )""",System,0x3E7," {f4ba3e13-d594-6a1f-e703-000000000000}"," 0",,,,,,,,,,,,,,,,,,,,,,,Microsoft Corporation,Microsoft® Windows® Operating System,TCP/IP Netstat Command,10.0.14393.0 (rs1_release.160715-1616),netstat.exe,,,,,,,,,,,,,,-,C.4f04b5de911bf0cd,C.4f04b5de911bf0cd
1780491562369,,,,,,,,,,,2026-06-03 07:32:40.624," {f4ba3e13-d893-6a1f-d600-000000002300}",5704,C:\Windows\system32\OpenWith.exe,,,CHILD\Administrator,,,,,,,,,,,,SetValue,HKU\S-1-5-21-1708988400-3611681687-2257486301-500_Classes\hwpx_auto_file\shell\open\command\(Default),"""C:\Program Files\Internet Explorer\iexplore.exe"" %%1",,,,,,,,,,,,,,,,,,,,,,,,,,,,,,,,,,,,T1042,C.4f04b5de911bf0cd,C.4f04b5de911bf0cd
1780491562369,,,,,,,,,,,2026-06-03 07:32:40.624," {f4ba3e13-d893-6a1f-d600-000000002300}",5704,C:\Windows\system32\OpenWith.exe,,,CHILD\Administrator,,,,,,,,,,,,SetValue,HKU\S-1-5-21-1708988400-3611681687-2257486301-500_Classes\hwpx_auto_file\shell\open\command\DelegateExecute," {17FE9752-0B5A-4665-84CD-569794602F5C}",,,,,,,,,,,,,,,,,,,,,,,,,,,,,,,,,,,,T1042,C.4f04b5de911bf0cd,C.4f04b5de911bf0cd
1780491562369,,,,,,,,,,,2026-06-03 07:32:40.662," {f4ba3e13-d898-6a1f-e600-000000002300}",4520,C:\Windows\System32\OpenWith.exe,C:\Windows\system32\OpenWith.exe -Embedding,C:\Windows\system32\,CHILD\Administrator,"MD5=FEAEEC585FEA59A316DDDD6C8505DA8D,SHA256=E9F8EBA1F42F60AACEC65BC346AF51A649F8C9BF625AB9493F17D98F4C6C22D9,IMPHASH=3DC53F3258E7C5C7131E7C13F7BD06C9"," {f4ba3e13-d597-6a1f-0c00-000000002300}"," 864",C:\Windows\System32\svchost.exe,C:\Windows\system32\svchost.exe -k DcomLaunch,High,0x45940," {f4ba3e13-d610-6a1f-4059-040000000000}"," 1",,,,,,,,,,,,,,,,,,,,,,,Microsoft Corporation,Microsoft® Windows® Operating System,Pick an app,10.0.14393.0 (rs1_release.160715-1616),OpenWith.exe,,,,,,,,,,,,,,-,C.4f04b5de911bf0cd,C.4f04b5de911bf0cd
1780491562369,,,,,,,,,,,2026-06-03 07:32:41.049," {f4ba3e13-d899-6a1f-e700-000000002300}",5176,C:\Program Files\Windows Defender\MpCmdRun.exe,"""C:\Program Files\Windows Defender\\MpCmdRun.exe"" GetDeviceTicket -AccessKey 7C6DDC61-BDBA-250A-DA63-0C00028788FE ",C:\Windows\system32\,NT AUTHORITY\NETWORK SERVICE,"MD5=C37ADF3801F599EDF3180354BBAB2560,SHA256=1C90A322F55D574EF703B9CB0ADFB379CEFA33A2B5D72F04A6E9AAA2F209F6B5,IMPHASH=5F980D25420E31451E189C1082EF5045"," {f4ba3e13-d5b3-6a1f-3200-000000002300}"," 3056",C:\Program Files\Windows Defender\MsMpEng.exe,"""C:\Program Files\Windows Defender\MsMpEng.exe""",System,0x3E4," {f4ba3e13-d597-6a1f-e403-000000000000}"," 0",,,,,,,,,,,,,,,,,,,,,,,Microsoft Corporation,Microsoft® Windows® Operating System,Microsoft Malware Protection Command Line Utility,4.10.14393.0 (rs1_release.160715-1616),MpCmdRun.exe,,,,,,,,,,,,,,-,C.4f04b5de911bf0cd,C.4f04b5de911bf0cd
1780491562369,,,,,,,,,,,2026-06-03 07:32:45.975," {f4ba3e13-d89d-6a1f-e800-000000002300}",5952,C:\Program Files\Internet Explorer\iexplore.exe,"""C:\Program Files\Internet Explorer\iexplore.exe"" C:\ProgramData\2026³â »ó¹Ý±â ±¹³»´ëÇÐ¿ø ¼®»ç¾ß°£°úÁ¤ À§Å¹±³À°»ý ¼±¹ß°ü·Ã ¼­·ù (1).hwpx",C:\Windows\system32\,CHILD\Administrator,"MD5=0AAC13CDEF3602BAB8544FE51DF2641D,SHA256=1C4166658B35BD8EE61B8F23E13F629149B1B6ACAF499B741C7B96FC051A1C7B,IMPHASH=0C11172F26410EEA34F2F3888548B293"," {f4ba3e13-d898-6a1f-e600-000000002300}"," 4520",C:\Windows\System32\OpenWith.exe,C:\Windows\system32\OpenWith.exe -Embedding,High,0x45940," {f4ba3e13-d610-6a1f-4059-040000000000}"," 1",,,,,,,,,,,,,,,,,,,,,,,Microsoft Corporation,Internet Explorer,Internet Explorer,11.00.14393.0 (rs1_release.160715-1616),IEXPLORE.EXE,,,,,,,,,,,,,,-,C.4f04b5de911bf0cd,C.4f04b5de911bf0cd
1780491562369,,,,,,,,,,,2026-06-03 07:32:49.109," {f4ba3e13-d8a1-6a1f-e900-000000002300}",5940,C:\Windows\System32\systeminfo.exe,systeminfo  ,C:\Windows\system32\,NT AUTHORITY\SYSTEM,"MD5=AA2FEF178C8252E8669F1F2BCE0C65CB,SHA256=C1C3436B2D55D7F7D75B9620A9FD0A911CD8573C67115AEBF25F474A69E61862,IMPHASH=84688563F9D77DB3E05516C07FBF43A3"," {f4ba3e13-d895-6a1f-dd00-000000002300}"," 5920",C:\Windows\System32\cmd.exe,"C:\Windows\system32\cmd.exe  /S /D /c"" ( powershell Get-CimInstance -Namespace root/SecurityCenter2 -Classname AntivirusProduct & dir C:\ & dir C:\programdata & dir C:\Users & tasklist & dir ""C:\program files"" & dir ""C:\Windows\system32\config\systemprofile\Desktop"" & ipconfig /all & route print & net user & netstat -nao & systeminfo )""",System,0x3E7," {f4ba3e13-d594-6a1f-e703-000000000000}"," 0",,,,,,,,,,,,,,,,,,,,,,,Microsoft Corporation,Microsoft® Windows® Operating System,Displays system information,10.0.14393.0 (rs1_release.160715-1616),sysinfo.exe,,,,,,,,,,,,,,-,C.4f04b5de911bf0cd,C.4f04b5de911bf0cd
1780491562369,,,,,,,,,,,2026-06-03 07:32:50.544," {f4ba3e13-d88b-6a1f-d100-000000002300}",4892,C:\Program Files\Internet Explorer\iexplore.exe,,,CHILD\Administrator,,,,,,,,,,C:\Users\Administrator\Downloads\2026³â »ó¹Ý±â ±¹³»´ëÇÐ¿ø ¼®»ç¾ß°£°úÁ¤ À§Å¹±³À°»ý ¼±¹ß°ü·Ã ¼­·ù (1).hwpx.3rc01wf.partial,2026-06-03 07:32:50.544,,,,,,,,,,,,,,,,,,,,,,,,,,,,,,,,,,,,,,,Downloads,C.4f04b5de911bf0cd,C.4f04b5de911bf0cd
1780491562369,,,,,,,,,,,2026-06-03 07:32:50.649," {f4ba3e13-d88b-6a1f-d100-000000002300}",4892,C:\Program Files\Internet Explorer\iexplore.exe,,,CHILD\Administrator,,,,,,,,,,C:\Users\Administrator\Downloads\2026³â »ó¹Ý±â ±¹³»´ëÇÐ¿ø ¼®»ç¾ß°£°úÁ¤ À§Å¹±³À°»ý ¼±¹ß°ü·Ã ¼­·ù (1).hwpx.3rc01wf.partial,2026-06-03 07:32:50.544,,,,,,,,,,,,,,,,,,,,,,,,,,,,,,,,,,,,,,,Downloads,C.4f04b5de911bf0cd,C.4f04b5de911bf0cd
1780491562369,,,,,,,,,,,2026-06-03 07:32:47.820," {f4ba3e13-d895-6a1f-d900-000000002300}",4500,C:\Windows\System32\rundll32.exe,,,NT AUTHORITY\SYSTEM,,,,,,,,,,,,,,,,,,,,,,,,,,,,,,,,,,,,,,,,,,,,,,,www.pyrotech.co.kr," 0",::ffff:192.169.34.199;,-,C.4f04b5de911bf0cd,C.4f04b5de911bf0cd
1780491562369,,,,,,,,,,,2026-06-03 07:32:51.163," {f4ba3e13-d8a3-6a1f-ea00-000000002300}",5840,C:\Program Files\Windows Defender\MpCmdRun.exe,"""C:\Program Files\Windows Defender\\MpCmdRun.exe"" GetDeviceTicket -AccessKey C0EC016C-E08B-3E7E-410F-C80506776437 ",C:\Windows\system32\,NT AUTHORITY\NETWORK SERVICE,"MD5=C37ADF3801F599EDF3180354BBAB2560,SHA256=1C90A322F55D574EF703B9CB0ADFB379CEFA33A2B5D72F04A6E9AAA2F209F6B5,IMPHASH=5F980D25420E31451E189C1082EF5045"," {f4ba3e13-d5b3-6a1f-3200-000000002300}"," 3056",C:\Program Files\Windows Defender\MsMpEng.exe,"""C:\Program Files\Windows Defender\MsMpEng.exe""",System,0x3E4," {f4ba3e13-d597-6a1f-e403-000000000000}"," 0",,,,,,,,,,,,,,,,,,,,,,,Microsoft Corporation,Microsoft® Windows® Operating System,Microsoft Malware Protection Command Line Utility,4.10.14393.0 (rs1_release.160715-1616),MpCmdRun.exe,,,,,,,,,,,,,,-,C.4f04b5de911bf0cd,C.4f04b5de911bf0cd
1780491562369,,,,,,,,,,,2026-06-03 07:32:57.592," {f4ba3e13-d8a9-6a1f-eb00-000000002300}",3064,C:\Program Files\Internet Explorer\iexplore.exe,"""C:\Program Files\Internet Explorer\iexplore.exe"" C:\Users\Administrator\Downloads\2026³â »ó¹Ý±â ±¹³»´ëÇÐ¿ø ¼®»ç¾ß°£°úÁ¤ À§Å¹±³À°»ý ¼±¹ß°ü·Ã ¼­·ù (1).hwpx",C:\Users\Administrator\Downloads\,CHILD\Administrator,"MD5=0AAC13CDEF3602BAB8544FE51DF2641D,SHA256=1C4166658B35BD8EE61B8F23E13F629149B1B6ACAF499B741C7B96FC051A1C7B,IMPHASH=0C11172F26410EEA34F2F3888548B293"," {f4ba3e13-d612-6a1f-5400-000000002300}"," 2748",C:\Windows\explorer.exe,C:\Windows\Explorer.EXE /NOUACCHECK,High,0x45940," {f4ba3e13-d610-6a1f-4059-040000000000}"," 1",,,,,,,,,,,,,,,,,,,,,,,Microsoft Corporation,Internet Explorer,Internet Explorer,11.00.14393.0 (rs1_release.160715-1616),IEXPLORE.EXE,,,,,,,,,,,,,,-,C.4f04b5de911bf0cd,C.4f04b5de911bf0cd
1780491562369,,,,,,,,,,,2026-06-03 07:32:58.085," {f4ba3e13-d5b3-6a1f-3300-000000002300}",1456,C:\Windows\System32\dfssvc.exe,,,NT AUTHORITY\SYSTEM,,,,,,,,,,,,,,,,,,,,,,,,,,,,,,,,,,,,,,,,,,,,,,,WIN-AREA23PG7FQ.CHILD.APT.LOCAL," 0",fe80::8fd:1fd8:3f56:dd44;2001:0:c0a9:22c7:8fd:1fd8:3f56:dd44;fe80::200:5efe:192.169.34.187;::ffff:192.169.34.187;,-,C.4f04b5de911bf0cd,C.4f04b5de911bf0cd
1780491562369,,,,,,,,,,,2026-06-03 07:33:03.903," {f4ba3e13-d8af-6a1f-ed00-000000002300}",4136,C:\Windows\System32\rundll32.exe,"C:\Windows\system32\rundll32.exe C:\Windows\system32\inetcpl.cpl,ClearMyTracksByProcess Flags:8388616 WinX:0 WinY:0 IEFrame:0000000000000000",C:\Users\Administrator\Desktop\,CHILD\Administrator,"MD5=C7645D43451C6D94D87F4D07BDE59C89,SHA256=495BBA47FC43EE23054FCD419F2F00457162D1C04296900C6AEA551102A810F3,IMPHASH=7D1CE1BAFE48B63D9D19E8E0E5DF3E6C"," {f4ba3e13-d88b-6a1f-d100-000000002300}"," 4892",C:\Program Files\Internet Explorer\iexplore.exe,"""C:\Program Files\Internet Explorer\iexplore.exe"" C:\ProgramData\2026³â »ó¹Ý±â ±¹³»´ëÇÐ¿ø ¼®»ç¾ß°£°úÁ¤ À§Å¹±³À°»ý ¼±¹ß°ü·Ã ¼­·ù.hwpx",Low,0x45940," {f4ba3e13-d610-6a1f-4059-040000000000}"," 1",,,,,,,,,,,,,,,,,,,,,,,Microsoft Corporation,Microsoft® Windows® Operating System,Windows host process (Rundll32),10.0.14393.0 (rs1_release.160715-1616),RUNDLL32.EXE,,,,,,,,,,,,,,-,C.4f04b5de911bf0cd,C.4f04b5de911bf0cd
1780491562369,,,,,,,,,,,2026-06-03 07:33:03.907," {f4ba3e13-d8af-6a1f-ee00-000000002300}",4116,C:\Windows\System32\rundll32.exe,"C:\Windows\system32\rundll32.exe C:\Windows\system32\inetcpl.cpl,ClearMyTracksByProcess Flags:276824072 WinX:0 WinY:0 IEFrame:0000000000000000",C:\Users\Administrator\Desktop\,CHILD\Administrator,"MD5=C7645D43451C6D94D87F4D07BDE59C89,SHA256=495BBA47FC43EE23054FCD419F2F00457162D1C04296900C6AEA551102A810F3,IMPHASH=7D1CE1BAFE48B63D9D19E8E0E5DF3E6C"," {f4ba3e13-d88b-6a1f-d100-000000002300}"," 4892",C:\Program Files\Internet Explorer\iexplore.exe,"""C:\Program Files\Internet Explorer\iexplore.exe"" C:\ProgramData\2026³â »ó¹Ý±â ±¹³»´ëÇÐ¿ø ¼®»ç¾ß°£°úÁ¤ À§Å¹±³À°»ý ¼±¹ß°ü·Ã ¼­·ù.hwpx",Medium,0x45940," {f4ba3e13-d610-6a1f-4059-040000000000}"," 1",,,,,,,,,,,,,,,,,,,,,,,Microsoft Corporation,Microsoft® Windows® Operating System,Windows host process (Rundll32),10.0.14393.0 (rs1_release.160715-1616),RUNDLL32.EXE,,,,,,,,,,,,,,-,C.4f04b5de911bf0cd,C.4f04b5de911bf0cd
1780491562369,,,,,,,,,,,2026-06-03 07:33:03.911," {f4ba3e13-d8af-6a1f-ef00-000000002300}",5288,C:\Windows\System32\rundll32.exe,"C:\Windows\system32\rundll32.exe C:\Windows\system32\inetcpl.cpl,ClearMyTracksByProcess Flags:276824072 WinX:0 WinY:0 IEFrame:0000000000000000",C:\Users\Administrator\Desktop\,CHILD\Administrator,"MD5=C7645D43451C6D94D87F4D07BDE59C89,SHA256=495BBA47FC43EE23054FCD419F2F00457162D1C04296900C6AEA551102A810F3,IMPHASH=7D1CE1BAFE48B63D9D19E8E0E5DF3E6C"," {f4ba3e13-d88b-6a1f-d100-000000002300}"," 4892",C:\Program Files\Internet Explorer\iexplore.exe,"""C:\Program Files\Internet Explorer\iexplore.exe"" C:\ProgramData\2026³â »ó¹Ý±â ±¹³»´ëÇÐ¿ø ¼®»ç¾ß°£°úÁ¤ À§Å¹±³À°»ý ¼±¹ß°ü·Ã ¼­·ù.hwpx",High,0x45940," {f4ba3e13-d610-6a1f-4059-040000000000}"," 1",,,,,,,,,,,,,,,,,,,,,,,Microsoft Corporation,Microsoft® Windows® Operating System,Windows host process (Rundll32),10.0.14393.0 (rs1_release.160715-1616),RUNDLL32.EXE,,,,,,,,,,,,,,-,C.4f04b5de911bf0cd,C.4f04b5de911bf0cd
1780491562369,,,,,,,,,,,2026-06-03 07:33:06.685," {f4ba3e13-d8b2-6a1f-f000-000000002300}",5644,C:\Program Files\Windows Defender\MpCmdRun.exe,"""C:\Program Files\Windows Defender\\MpCmdRun.exe"" GetDeviceTicket -AccessKey 674EF6EA-78F3-B282-FFF1-F00F8400D735 ",C:\Windows\system32\,NT AUTHORITY\NETWORK SERVICE,"MD5=C37ADF3801F599EDF3180354BBAB2560,SHA256=1C90A322F55D574EF703B9CB0ADFB379CEFA33A2B5D72F04A6E9AAA2F209F6B5,IMPHASH=5F980D25420E31451E189C1082EF5045"," {f4ba3e13-d5b3-6a1f-3200-000000002300}"," 3056",C:\Program Files\Windows Defender\MsMpEng.exe,"""C:\Program Files\Windows Defender\MsMpEng.exe""",System,0x3E4," {f4ba3e13-d597-6a1f-e403-000000000000}"," 0",,,,,,,,,,,,,,,,,,,,,,,Microsoft Corporation,Microsoft® Windows® Operating System,Microsoft Malware Protection Command Line Utility,4.10.14393.0 (rs1_release.160715-1616),MpCmdRun.exe,,,,,,,,,,,,,,-,C.4f04b5de911bf0cd,C.4f04b5de911bf0cd
1780491562369,,,,,,,,,,,2026-06-03 07:33:07.389," {f4ba3e13-d8b3-6a1f-f100-000000002300}",4524,C:\Windows\System32\cmd.exe,"cmd.exe /c chcp 949|(powershell Get-CimInstance -Namespace root/SecurityCenter2 -Classname AntivirusProduct & dir C:\ & dir C:\programdata & dir C:\Users & tasklist & dir ""C:\program files"" & dir ""%%USERPROFILE%%\Desktop"" & ipconfig /all & route print & net user & netstat -nao & systeminfo) & reg query HKEY_CURRENT_USER\Software\Microsoft\Windows\CurrentVersion\Run > ""C:\Users\ADMINI~1\AppData\Local\Temp\2At687F.tmp""",C:\Users\Administrator\Desktop\,CHILD\Administrator,"MD5=F4F684066175B77E0C3A000549D2922C,SHA256=935C1861DF1F4018D698E8B65ABFA02D7E9037D8F68CA3C2065B6CA165D44AD2,IMPHASH=3062ED732D4B25D1C64F084DAC97D37A"," {f4ba3e13-d893-6a1f-d700-000000002300}"," 2360",C:\Windows\System32\rundll32.exe,"""C:\Windows\system32\rundll32.exe"" C:\Windows\..\ProgramData\kE2I3TP.crqn load ",High,0x45940," {f4ba3e13-d610-6a1f-4059-040000000000}"," 1",,,,,,,,,,,,,,,,,,,,,,,Microsoft Corporation,Microsoft® Windows® Operating System,Windows Command Processor,10.0.14393.0 (rs1_release.160715-1616),Cmd.Exe,,,,,,,,,,,,,,-,C.4f04b5de911bf0cd,C.4f04b5de911bf0cd
1780491562369,,,,,,,,,,,2026-06-03 07:33:07.416," {f4ba3e13-d8b3-6a1f-f300-000000002300}",1328,C:\Windows\System32\chcp.com,chcp  949,C:\Users\Administrator\Desktop\,CHILD\Administrator,"MD5=BA6FD5B883C0899785D17CEBE66A25F6,SHA256=9FDBDF88CF2BB2794C416E3083553F2898AC9DC92DFAC2478B4C1DF667DF7C74,IMPHASH=4FB30D6E330F3FB3DB61550BD7FA7CCD"," {f4ba3e13-d8b3-6a1f-f100-000000002300}"," 4524",C:\Windows\System32\cmd.exe,"cmd.exe /c chcp 949|(powershell Get-CimInstance -Namespace root/SecurityCenter2 -Classname AntivirusProduct & dir C:\ & dir C:\programdata & dir C:\Users & tasklist & dir ""C:\program files"" & dir ""%USERPROFILE%\Desktop"" & ipconfig /all & route print & net user & netstat -nao & systeminfo) & reg query HKEY_CURRENT_USER\Software\Microsoft\Windows\CurrentVersion\Run > ""C:\Users\ADMINI~1\AppData\Local\Temp\2At687F.tmp""",High,0x45940," {f4ba3e13-d610-6a1f-4059-040000000000}"," 1",,,,,,,,,,,,,,,,,,,,,,,Microsoft Corporation,Microsoft® Windows® Operating System,Change CodePage Utility,10.0.14393.0 (rs1_release.160715-1616),CHCP.COM,,,,,,,,,,,,,,-,C.4f04b5de911bf0cd,C.4f04b5de911bf0cd
1780491562369,,,,,,,,,,,2026-06-03 07:33:07.420," {f4ba3e13-d8b3-6a1f-f400-000000002300}",4120,C:\Windows\System32\cmd.exe,"C:\Windows\system32\cmd.exe  /S /D /c"" ( powershell Get-CimInstance -Namespace root/SecurityCenter2 -Classname AntivirusProduct & dir C:\ & dir C:\programdata & dir C:\Users & tasklist & dir ""C:\program files"" & dir ""C:\Users\Administrator\Desktop"" & ipconfig /all & route print & net user & netstat -nao & systeminfo )""",C:\Users\Administrator\Desktop\,CHILD\Administrator,"MD5=F4F684066175B77E0C3A000549D2922C,SHA256=935C1861DF1F4018D698E8B65ABFA02D7E9037D8F68CA3C2065B6CA165D44AD2,IMPHASH=3062ED732D4B25D1C64F084DAC97D37A"," {f4ba3e13-d8b3-6a1f-f100-000000002300}"," 4524",C:\Windows\System32\cmd.exe,"cmd.exe /c chcp 949|(powershell Get-CimInstance -Namespace root/SecurityCenter2 -Classname AntivirusProduct & dir C:\ & dir C:\programdata & dir C:\Users & tasklist & dir ""C:\program files"" & dir ""%USERPROFILE%\Desktop"" & ipconfig /all & route print & net user & netstat -nao & systeminfo) & reg query HKEY_CURRENT_USER\Software\Microsoft\Windows\CurrentVersion\Run > ""C:\Users\ADMINI~1\AppData\Local\Temp\2At687F.tmp""",High,0x45940," {f4ba3e13-d610-6a1f-4059-040000000000}"," 1",,,,,,,,,,,,,,,,,,,,,,,Microsoft Corporation,Microsoft® Windows® Operating System,Windows Command Processor,10.0.14393.0 (rs1_release.160715-1616),Cmd.Exe,,,,,,,,,,,,,,-,C.4f04b5de911bf0cd,C.4f04b5de911bf0cd
1780491562369,,,,,,,,,,,2026-06-03 07:33:07.428," {f4ba3e13-d8b3-6a1f-f500-000000002300}",4532,C:\Windows\System32\WindowsPowerShell\v1.0\powershell.exe,powershell  Get-CimInstance -Namespace root/SecurityCenter2 -Classname AntivirusProduct ,C:\Users\Administrator\Desktop\,CHILD\Administrator,"MD5=097CE5761C89434367598B34FE32893B,SHA256=BA4038FD20E474C047BE8AAD5BFACDB1BFC1DDBE12F803F473B7918D8D819436,IMPHASH=CAEE994F79D85E47C06E5FA9CDEAE453"," {f4ba3e13-d8b3-6a1f-f400-000000002300}"," 4120",C:\Windows\System32\cmd.exe,"C:\Windows\system32\cmd.exe  /S /D /c"" ( powershell Get-CimInstance -Namespace root/SecurityCenter2 -Classname AntivirusProduct & dir C:\ & dir C:\programdata & dir C:\Users & tasklist & dir ""C:\program files"" & dir ""C:\Users\Administrator\Desktop"" & ipconfig /all & route print & net user & netstat -nao & systeminfo )""",High,0x45940," {f4ba3e13-d610-6a1f-4059-040000000000}"," 1",,,,,,,,,,,,,,,,,,,,,,,Microsoft Corporation,Microsoft® Windows® Operating System,Windows PowerShell,10.0.14393.206 (rs1_release.160915-0644),PowerShell.EXE,,,,,,,,,,,,,,-,C.4f04b5de911bf0cd,C.4f04b5de911bf0cd
1780491562369,,,,,,,,,,,2026-06-03 07:33:07.560," {f4ba3e13-d8b3-6a1f-f500-000000002300}",4532,C:\Windows\System32\WindowsPowerShell\v1.0\powershell.exe,,,CHILD\Administrator,,,,,,,,,,C:\Users\Administrator\AppData\Local\Temp\e0dorwzg.tow.ps1,2026-06-03 07:33:07.560,,,,,,,,,,,,,,,,,,,,,,,,,,,,,,,,,,,,,,,-,C.4f04b5de911bf0cd,C.4f04b5de911bf0cd
1780491562369,,,,,,,,,,,2026-06-03 07:33:08.035," {f4ba3e13-d8b4-6a1f-f600-000000002300}",6000,C:\Windows\System32\tasklist.exe,tasklist  ,C:\Users\Administrator\Desktop\,CHILD\Administrator,"MD5=6F2FDCF651A1650FC7B4FC5A860E4D9D,SHA256=27EDDAC6A2E5A74DF67C534393B0B025B03D61310748BE016DCE348A02D30A22,IMPHASH=9C5CFDDF3336412B8046D54234415205"," {f4ba3e13-d8b3-6a1f-f400-000000002300}"," 4120",C:\Windows\System32\cmd.exe,"C:\Windows\system32\cmd.exe  /S /D /c"" ( powershell Get-CimInstance -Namespace root/SecurityCenter2 -Classname AntivirusProduct & dir C:\ & dir C:\programdata & dir C:\Users & tasklist & dir ""C:\program files"" & dir ""C:\Users\Administrator\Desktop"" & ipconfig /all & route print & net user & netstat -nao & systeminfo )""",High,0x45940," {f4ba3e13-d610-6a1f-4059-040000000000}"," 1",,,,,,,,,,,,,,,,,,,,,,,Microsoft Corporation,Microsoft® Windows® Operating System,Lists the current running tasks,10.0.14393.0 (rs1_release.160715-1616),tasklist.exe,,,,,,,,,,,,,,-,C.4f04b5de911bf0cd,C.4f04b5de911bf0cd
1780491562369,,,,,,,,,,,2026-06-03 07:33:08.174," {f4ba3e13-d8b4-6a1f-f700-000000002300}",5948,C:\Windows\System32\ipconfig.exe,ipconfig  /all ,C:\Users\Administrator\Desktop\,CHILD\Administrator,"MD5=29916DCEA5377C19996B417D9235F42F,SHA256=5EE3FD7CA1AC876D0DE539D469BFC333594FCA3DF9F377CC96C756D9648697F1,IMPHASH=3636F50089F8190E3308E8AEA8F2043A"," {f4ba3e13-d8b3-6a1f-f400-000000002300}"," 4120",C:\Windows\System32\cmd.exe,"C:\Windows\system32\cmd.exe  /S /D /c"" ( powershell Get-CimInstance -Namespace root/SecurityCenter2 -Classname AntivirusProduct & dir C:\ & dir C:\programdata & dir C:\Users & tasklist & dir ""C:\program files"" & dir ""C:\Users\Administrator\Desktop"" & ipconfig /all & route print & net user & netstat -nao & systeminfo )""",High,0x45940," {f4ba3e13-d610-6a1f-4059-040000000000}"," 1",,,,,,,,,,,,,,,,,,,,,,,Microsoft Corporation,Microsoft® Windows® Operating System,IP Configuration Utility,10.0.14393.0 (rs1_release.160715-1616),ipconfig.exe,,,,,,,,,,,,,,-,C.4f04b5de911bf0cd,C.4f04b5de911bf0cd
1780491562369,,,,,,,,,,,2026-06-03 07:33:08.255," {f4ba3e13-d8b4-6a1f-f800-000000002300}",5828,C:\Windows\System32\ROUTE.EXE,route  print ,C:\Users\Administrator\Desktop\,CHILD\Administrator,"MD5=56AA12B243152DF359E79D143F248F1D,SHA256=BFE7A626BF3B9080997401969954AE0376476FD220E80CC52707FF31CE827D53,IMPHASH=B4266771AA756897B5C9C266177A6A5E"," {f4ba3e13-d8b3-6a1f-f400-000000002300}"," 4120",C:\Windows\System32\cmd.exe,"C:\Windows\system32\cmd.exe  /S /D /c"" ( powershell Get-CimInstance -Namespace root/SecurityCenter2 -Classname AntivirusProduct & dir C:\ & dir C:\programdata & dir C:\Users & tasklist & dir ""C:\program files"" & dir ""C:\Users\Administrator\Desktop"" & ipconfig /all & route print & net user & netstat -nao & systeminfo )""",High,0x45940," {f4ba3e13-d610-6a1f-4059-040000000000}"," 1",,,,,,,,,,,,,,,,,,,,,,,Microsoft Corporation,Microsoft® Windows® Operating System,TCP/IP Route Command,10.0.14393.0 (rs1_release.160715-1616),route.exe,,,,,,,,,,,,,,-,C.4f04b5de911bf0cd,C.4f04b5de911bf0cd
1780491562369,,,,,,,,,,,2026-06-03 07:33:08.285," {f4ba3e13-d8b4-6a1f-f900-000000002300}",5988,C:\Windows\System32\net.exe,net  user ,C:\Users\Administrator\Desktop\,CHILD\Administrator,"MD5=9B1E2A711EA151F766EA24389E2D4442,SHA256=7D76325D4092C9C9FE48B36C275C0255E461D8197A7960DF35DFBC270A9C6613,IMPHASH=C41B15F592DE4589047CE5119CE87468"," {f4ba3e13-d8b3-6a1f-f400-000000002300}"," 4120",C:\Windows\System32\cmd.exe,"C:\Windows\system32\cmd.exe  /S /D /c"" ( powershell Get-CimInstance -Namespace root/SecurityCenter2 -Classname AntivirusProduct & dir C:\ & dir C:\programdata & dir C:\Users & tasklist & dir ""C:\program files"" & dir ""C:\Users\Administrator\Desktop"" & ipconfig /all & route print & net user & netstat -nao & systeminfo )""",High,0x45940," {f4ba3e13-d610-6a1f-4059-040000000000}"," 1",,,,,,,,,,,,,,,,,,,,,,,Microsoft Corporation,Microsoft® Windows® Operating System,Net Command,10.0.14393.0 (rs1_release.160715-1616),net.exe,,,,,,,,,,,,,,-,C.4f04b5de911bf0cd,C.4f04b5de911bf0cd
1780491562369,,,,,,,,,,,2026-06-03 07:33:08.294," {f4ba3e13-d8b4-6a1f-fa00-000000002300}",5508,C:\Windows\System32\net1.exe,C:\Windows\system32\net1  user ,C:\Users\Administrator\Desktop\,CHILD\Administrator,"MD5=946383ED00F5CD92DBCB7CDB878ED819,SHA256=E92A2FA67AD2F7367ABA1ABF237D245B5E36291C5A4A9F0FC04B3A0E32FF618E,IMPHASH=E2F26A4CA577CF6DBACE937727934F80"," {f4ba3e13-d8b4-6a1f-f900-000000002300}"," 5988",C:\Windows\System32\net.exe,net  user ,High,0x45940," {f4ba3e13-d610-6a1f-4059-040000000000}"," 1",,,,,,,,,,,,,,,,,,,,,,,Microsoft Corporation,Microsoft® Windows® Operating System,Net Command,10.0.14393.0 (rs1_release.160715-1616),net1.exe,,,,,,,,,,,,,,-,C.4f04b5de911bf0cd,C.4f04b5de911bf0cd
1780491562369,,,,,,,,,,,2026-06-03 07:33:08.370," {f4ba3e13-d8b4-6a1f-fb00-000000002300}",2968,C:\Windows\System32\NETSTAT.EXE,netstat  -nao ,C:\Users\Administrator\Desktop\,CHILD\Administrator,"MD5=A96209882B0B2B29424E0F637D40A054,SHA256=9F070E1F4AA9AE0A5EA084FEBBD5983293E5748D0A5CC5D46098CB9271D2D508,IMPHASH=1CF0C01BB1C384844DD29F2A64D4E73F"," {f4ba3e13-d8b3-6a1f-f400-000000002300}"," 4120",C:\Windows\System32\cmd.exe,"C:\Windows\system32\cmd.exe  /S /D /c"" ( powershell Get-CimInstance -Namespace root/SecurityCenter2 -Classname AntivirusProduct & dir C:\ & dir C:\programdata & dir C:\Users & tasklist & dir ""C:\program files"" & dir ""C:\Users\Administrator\Desktop"" & ipconfig /all & route print & net user & netstat -nao & systeminfo )""",High,0x45940," {f4ba3e13-d610-6a1f-4059-040000000000}"," 1",,,,,,,,,,,,,,,,,,,,,,,Microsoft Corporation,Microsoft® Windows® Operating System,TCP/IP Netstat Command,10.0.14393.0 (rs1_release.160715-1616),netstat.exe,,,,,,,,,,,,,,-,C.4f04b5de911bf0cd,C.4f04b5de911bf0cd
1780491562369,,,,,,,,,,,2026-06-03 07:33:09.978," {f4ba3e13-d612-6a1f-5400-000000002300}",2748,C:\Windows\Explorer.EXE,,,CHILD\Administrator,,,,,,,,,,,,SetValue,HKU\S-1-5-21-1708988400-3611681687-2257486301-500\SOFTWARE\Microsoft\Windows\CurrentVersion\Shell Extensions\Cached\{60254CA5-953B-11CF-8C96-00AA00B8708C} {00000122-0000-0000-C000-000000000046} 0xFFFF,Binary Data,,,,,,,,,,,,,,,,,,,,,,,,,,,,,,,,,,,,-,C.4f04b5de911bf0cd,C.4f04b5de911bf0cd
1780491562369,,,,,,,,,,,2026-06-03 07:33:17.360," {f4ba3e13-d8bd-6a1f-fd00-000000002300}",4616,C:\Windows\System32\systeminfo.exe,systeminfo  ,C:\Users\Administrator\Desktop\,CHILD\Administrator,"MD5=AA2FEF178C8252E8669F1F2BCE0C65CB,SHA256=C1C3436B2D55D7F7D75B9620A9FD0A911CD8573C67115AEBF25F474A69E61862,IMPHASH=84688563F9D77DB3E05516C07FBF43A3"," {f4ba3e13-d8b3-6a1f-f400-000000002300}"," 4120",C:\Windows\System32\cmd.exe,"C:\Windows\system32\cmd.exe  /S /D /c"" ( powershell Get-CimInstance -Namespace root/SecurityCenter2 -Classname AntivirusProduct & dir C:\ & dir C:\programdata & dir C:\Users & tasklist & dir ""C:\program files"" & dir ""C:\Users\Administrator\Desktop"" & ipconfig /all & route print & net user & netstat -nao & systeminfo )""",High,0x45940," {f4ba3e13-d610-6a1f-4059-040000000000}"," 1",,,,,,,,,,,,,,,,,,,,,,,Microsoft Corporation,Microsoft® Windows® Operating System,Displays system information,10.0.14393.0 (rs1_release.160715-1616),sysinfo.exe,,,,,,,,,,,,,,-,C.4f04b5de911bf0cd,C.4f04b5de911bf0cd
1780491691025,,,,,,,,,,,2026-06-03 07:33:57.054," {f4ba3e13-d8e5-6a1f-fe00-000000002300}",5036,C:\Users\Administrator\Desktop\f6827dc5af661fbb4bf64bc625c78283ef836c6985bb2bfb836bd0c8d5397332.exe,"""C:\Users\Administrator\Desktop\f6827dc5af661fbb4bf64bc625c78283ef836c6985bb2bfb836bd0c8d5397332.exe"" ",C:\Users\Administrator\Desktop\,CHILD\Administrator,"MD5=B4C9B903DFD18BD67A3824B0109F955B,SHA256=F6827DC5AF661FBB4BF64BC625C78283EF836C6985BB2BFB836BD0C8D5397332,IMPHASH=207A191CA5A5ECECAB300A9BAA69D115"," {f4ba3e13-d612-6a1f-5400-000000002300}"," 2748",C:\Windows\explorer.exe,C:\Windows\Explorer.EXE /NOUACCHECK,High,0x45940," {f4ba3e13-d610-6a1f-4059-040000000000}"," 1",,,,,,,,,,,,,,,,,,,,,,,-,-,-,-,-,,,,,,,,,,,,,,-,C.4f04b5de911bf0cd,C.4f04b5de911bf0cd
1780491691025,,,,,,,,,,,2026-06-03 07:33:57.247," {f4ba3e13-d598-6a1f-1100-000000002300}",460,C:\Windows\System32\svchost.exe,,,NT AUTHORITY\SYSTEM,,,,,,,,,,,,SetValue,HKU\S-1-5-21-1708988400-3611681687-2257486301-500\SOFTWARE\Microsoft\Windows NT\CurrentVersion\AppCompatFlags\Compatibility Assistant\Store\C:\Users\Administrator\Desktop\f6827dc5af661fbb4bf64bc625c78283ef836c6985bb2bfb836bd0c8d5397332.exe,Binary Data,,,,,,,,,,,,,,,,,,,,,,,,,,,,,,,,,,,,InvDB,C.4f04b5de911bf0cd,C.4f04b5de911bf0cd
1780491691025,,,,,,,,,,,2026-06-03 07:34:17.329," {f4ba3e13-d8f9-6a1f-ff00-000000002300}",4208,C:\Windows\System32\cmd.exe,cmd.exe  /c bcdedit,C:\Users\Administrator\Desktop\,CHILD\Administrator,"MD5=F4F684066175B77E0C3A000549D2922C,SHA256=935C1861DF1F4018D698E8B65ABFA02D7E9037D8F68CA3C2065B6CA165D44AD2,IMPHASH=3062ED732D4B25D1C64F084DAC97D37A"," {f4ba3e13-d8e5-6a1f-fe00-000000002300}"," 5036",C:\Users\Administrator\Desktop\f6827dc5af661fbb4bf64bc625c78283ef836c6985bb2bfb836bd0c8d5397332.exe,"""C:\Users\Administrator\Desktop\f6827dc5af661fbb4bf64bc625c78283ef836c6985bb2bfb836bd0c8d5397332.exe"" ",High,0x45940," {f4ba3e13-d610-6a1f-4059-040000000000}"," 1",,,,,,,,,,,,,,,,,,,,,,,Microsoft Corporation,Microsoft® Windows® Operating System,Windows Command Processor,10.0.14393.0 (rs1_release.160715-1616),Cmd.Exe,,,,,,,,,,,,,,-,C.4f04b5de911bf0cd,C.4f04b5de911bf0cd
1780491691025,,,,,,,,,,,2026-06-03 07:34:17.494," {f4ba3e13-d8f9-6a1f-0101-000000002300}",5684,C:\Windows\System32\bcdedit.exe,bcdedit,C:\Users\Administrator\Desktop\,CHILD\Administrator,"MD5=72669C6C0B70C7617B32D123C72EF41C,SHA256=880C305081BCFAD00300D409ADEEC9D334FCF164263B749DBFEAAAE118065FDE,IMPHASH=640CFCF7F00029D52EF0C4D45E2E87A6"," {f4ba3e13-d8f9-6a1f-ff00-000000002300}"," 4208",C:\Windows\System32\cmd.exe,cmd.exe  /c bcdedit,High,0x45940," {f4ba3e13-d610-6a1f-4059-040000000000}"," 1",,,,,,,,,,,,,,,,,,,,,,,Microsoft Corporation,Microsoft® Windows® Operating System,Boot Configuration Data Editor,10.0.14393.321 (rs1_release_inmarket.161004-2338),bcdedit.exe,,,,,,,,,,,,,,-,C.4f04b5de911bf0cd,C.4f04b5de911bf0cd
1780491691025,,,,,,,,,,,2026-06-03 07:34:17.603," {f4ba3e13-d8f9-6a1f-0201-000000002300}",4136,C:\Windows\System32\cmd.exe,"cmd.exe  /c schtasks /create /tn ""Microsoft\Windows\light Service Manager"" /tr C:/Users/Administrator/Desktop/f6827dc5af661fbb4bf64bc625c78283ef836c6985bb2bfb836bd0c8d5397332.exe /sc onstart /ru SYSTEM",C:\Users\Administrator\Desktop\,CHILD\Administrator,"MD5=F4F684066175B77E0C3A000549D2922C,SHA256=935C1861DF1F4018D698E8B65ABFA02D7E9037D8F68CA3C2065B6CA165D44AD2,IMPHASH=3062ED732D4B25D1C64F084DAC97D37A"," {f4ba3e13-d8e5-6a1f-fe00-000000002300}"," 5036",C:\Users\Administrator\Desktop\f6827dc5af661fbb4bf64bc625c78283ef836c6985bb2bfb836bd0c8d5397332.exe,"""C:\Users\Administrator\Desktop\f6827dc5af661fbb4bf64bc625c78283ef836c6985bb2bfb836bd0c8d5397332.exe"" ",High,0x45940," {f4ba3e13-d610-6a1f-4059-040000000000}"," 1",,,,,,,,,,,,,,,,,,,,,,,Microsoft Corporation,Microsoft® Windows® Operating System,Windows Command Processor,10.0.14393.0 (rs1_release.160715-1616),Cmd.Exe,,,,,,,,,,,,,,-,C.4f04b5de911bf0cd,C.4f04b5de911bf0cd
1780491691025,,,,,,,,,,,2026-06-03 07:34:17.647," {f4ba3e13-d8f9-6a1f-0401-000000002300}",2648,C:\Windows\System32\schtasks.exe,"schtasks  /create /tn ""Microsoft\Windows\light Service Manager"" /tr C:/Users/Administrator/Desktop/f6827dc5af661fbb4bf64bc625c78283ef836c6985bb2bfb836bd0c8d5397332.exe /sc onstart /ru SYSTEM",C:\Users\Administrator\Desktop\,CHILD\Administrator,"MD5=EEB7A2162E4DBE32B56BEB84658483AE,SHA256=A9A4FD9C1BB7C5CF8F77F761CAE60F4AC4AFB8DAEEBB46B3AD6983D5E599CDC1,IMPHASH=8AC94113AD25518D369E4EE37BEDAB4F"," {f4ba3e13-d8f9-6a1f-0201-000000002300}"," 4136",C:\Windows\System32\cmd.exe,"cmd.exe  /c schtasks /create /tn ""Microsoft\Windows\light Service Manager"" /tr C:/Users/Administrator/Desktop/f6827dc5af661fbb4bf64bc625c78283ef836c6985bb2bfb836bd0c8d5397332.exe /sc onstart /ru SYSTEM",High,0x45940," {f4ba3e13-d610-6a1f-4059-040000000000}"," 1",,,,,,,,,,,,,,,,,,,,,,,Microsoft Corporation,Microsoft® Windows® Operating System,Task Scheduler Configuration Tool,10.0.14393.0 (rs1_release.160715-1616),sctasks.exe,,,,,,,,,,,,,,-,C.4f04b5de911bf0cd,C.4f04b5de911bf0cd
1780491691025,,,,,,,,,,,2026-06-03 07:34:17.689," {f4ba3e13-d598-6a1f-1000-000000002300}",384,C:\Windows\system32\svchost.exe,,,NT AUTHORITY\SYSTEM,,,,,,,,,,C:\Windows\System32\Tasks\Microsoft\Windows\light Service Manager,2026-06-03 07:34:17.689,,,,,,,,,,,,,,,,,,,,,,,,,,,,,,,,,,,,,,,T1053,C.4f04b5de911bf0cd,C.4f04b5de911bf0cd
1780491691025,,,,,,,,,,,2026-06-03 07:34:17.309," {f4ba3e13-d8e5-6a1f-fe00-000000002300}",5036,C:\Users\Administrator\Desktop\f6827dc5af661fbb4bf64bc625c78283ef836c6985bb2bfb836bd0c8d5397332.exe,,,CHILD\Administrator,,,,,,,,,,,,,,,,tcp," true"," false",192.169.34.187,WIN-AREA23PG7FQ.CHILD.APT.LOCAL," 51297",-," false",192.169.34.199,-," 80",http,,,,,,,,,,,,,,,,,,,,,,,Usermode,C.4f04b5de911bf0cd,C.4f04b5de911bf0cd
1780491691025,,,,,,,,,,,2026-06-03 07:34:17.321," {f4ba3e13-d8e5-6a1f-fe00-000000002300}",5036,C:\Users\Administrator\Desktop\f6827dc5af661fbb4bf64bc625c78283ef836c6985bb2bfb836bd0c8d5397332.exe,,,CHILD\Administrator,,,,,,,,,,,,,,,,,,,,,,,,,,,,,,,,,,,,,,,,,,,,,,,gendoraduragonkgp126.com," 0",::ffff:192.169.34.199;,-,C.4f04b5de911bf0cd,C.4f04b5de911bf0cd
1780491691025,,,,,,,,,,,2026-06-03 07:34:37.683," {f4ba3e13-d8e5-6a1f-fe00-000000002300}",5036,C:\Users\Administrator\Desktop\f6827dc5af661fbb4bf64bc625c78283ef836c6985bb2bfb836bd0c8d5397332.exe,,,CHILD\Administrator,,,,,,,,,,,,,,,,tcp," true"," false",192.169.34.187,WIN-AREA23PG7FQ.CHILD.APT.LOCAL," 51303",-," false",192.169.34.199,-," 80",http,,,,,,,,,,,,,,,,,,,,,,,Usermode,C.4f04b5de911bf0cd,C.4f04b5de911bf0cd
1780491691025,,,,,,,,,,,2026-06-03 07:34:51.929," {f4ba3e13-d91b-6a1f-0501-000000002300}",5152,C:\Windows\System32\cmd.exe,"cmd.exe /c chcp 949|(powershell Get-CimInstance -Namespace root/SecurityCenter2 -Classname AntivirusProduct & dir C:\ & dir C:\programdata & dir C:\Users & tasklist & dir ""C:\program files"" & dir ""%%USERPROFILE%%\Desktop"" & ipconfig /all & route print & net user & netstat -nao & systeminfo) & reg query HKEY_CURRENT_USER\Software\Microsoft\Windows\CurrentVersion\Run > ""C:\Windows\TEMP\2At69D3.tmp""",C:\Windows\system32\,NT AUTHORITY\SYSTEM,"MD5=F4F684066175B77E0C3A000549D2922C,SHA256=935C1861DF1F4018D698E8B65ABFA02D7E9037D8F68CA3C2065B6CA165D44AD2,IMPHASH=3062ED732D4B25D1C64F084DAC97D37A"," {f4ba3e13-d895-6a1f-d900-000000002300}"," 4500",C:\Windows\System32\rundll32.exe,"rundll32.exe  C:\ProgramData\kE2I3TP.crqn,load",System,0x3E7," {f4ba3e13-d594-6a1f-e703-000000000000}"," 0",,,,,,,,,,,,,,,,,,,,,,,Microsoft Corporation,Microsoft® Windows® Operating System,Windows Command Processor,10.0.14393.0 (rs1_release.160715-1616),Cmd.Exe,,,,,,,,,,,,,,-,C.4f04b5de911bf0cd,C.4f04b5de911bf0cd
1780491691025,,,,,,,,,,,2026-06-03 07:34:51.952," {f4ba3e13-d91b-6a1f-0701-000000002300}",4544,C:\Windows\System32\chcp.com,chcp  949,C:\Windows\system32\,NT AUTHORITY\SYSTEM,"MD5=BA6FD5B883C0899785D17CEBE66A25F6,SHA256=9FDBDF88CF2BB2794C416E3083553F2898AC9DC92DFAC2478B4C1DF667DF7C74,IMPHASH=4FB30D6E330F3FB3DB61550BD7FA7CCD"," {f4ba3e13-d91b-6a1f-0501-000000002300}"," 5152",C:\Windows\System32\cmd.exe,"cmd.exe /c chcp 949|(powershell Get-CimInstance -Namespace root/SecurityCenter2 -Classname AntivirusProduct & dir C:\ & dir C:\programdata & dir C:\Users & tasklist & dir ""C:\program files"" & dir ""%USERPROFILE%\Desktop"" & ipconfig /all & route print & net user & netstat -nao & systeminfo) & reg query HKEY_CURRENT_USER\Software\Microsoft\Windows\CurrentVersion\Run > ""C:\Windows\TEMP\2At69D3.tmp""",System,0x3E7," {f4ba3e13-d594-6a1f-e703-000000000000}"," 0",,,,,,,,,,,,,,,,,,,,,,,Microsoft Corporation,Microsoft® Windows® Operating System,Change CodePage Utility,10.0.14393.0 (rs1_release.160715-1616),CHCP.COM,,,,,,,,,,,,,,-,C.4f04b5de911bf0cd,C.4f04b5de911bf0cd
1780491691025,,,,,,,,,,,2026-06-03 07:34:51.955," {f4ba3e13-d91b-6a1f-0801-000000002300}",2332,C:\Windows\System32\cmd.exe,"C:\Windows\system32\cmd.exe  /S /D /c"" ( powershell Get-CimInstance -Namespace root/SecurityCenter2 -Classname AntivirusProduct & dir C:\ & dir C:\programdata & dir C:\Users & tasklist & dir ""C:\program files"" & dir ""C:\Windows\system32\config\systemprofile\Desktop"" & ipconfig /all & route print & net user & netstat -nao & systeminfo )""",C:\Windows\system32\,NT AUTHORITY\SYSTEM,"MD5=F4F684066175B77E0C3A000549D2922C,SHA256=935C1861DF1F4018D698E8B65ABFA02D7E9037D8F68CA3C2065B6CA165D44AD2,IMPHASH=3062ED732D4B25D1C64F084DAC97D37A"," {f4ba3e13-d91b-6a1f-0501-000000002300}"," 5152",C:\Windows\System32\cmd.exe,"cmd.exe /c chcp 949|(powershell Get-CimInstance -Namespace root/SecurityCenter2 -Classname AntivirusProduct & dir C:\ & dir C:\programdata & dir C:\Users & tasklist & dir ""C:\program files"" & dir ""%USERPROFILE%\Desktop"" & ipconfig /all & route print & net user & netstat -nao & systeminfo) & reg query HKEY_CURRENT_USER\Software\Microsoft\Windows\CurrentVersion\Run > ""C:\Windows\TEMP\2At69D3.tmp""",System,0x3E7," {f4ba3e13-d594-6a1f-e703-000000000000}"," 0",,,,,,,,,,,,,,,,,,,,,,,Microsoft Corporation,Microsoft® Windows® Operating System,Windows Command Processor,10.0.14393.0 (rs1_release.160715-1616),Cmd.Exe,,,,,,,,,,,,,,-,C.4f04b5de911bf0cd,C.4f04b5de911bf0cd
1780491691025,,,,,,,,,,,2026-06-03 07:34:51.963," {f4ba3e13-d91b-6a1f-0901-000000002300}",5168,C:\Windows\System32\WindowsPowerShell\v1.0\powershell.exe,powershell  Get-CimInstance -Namespace root/SecurityCenter2 -Classname AntivirusProduct ,C:\Windows\system32\,NT AUTHORITY\SYSTEM,"MD5=097CE5761C89434367598B34FE32893B,SHA256=BA4038FD20E474C047BE8AAD5BFACDB1BFC1DDBE12F803F473B7918D8D819436,IMPHASH=CAEE994F79D85E47C06E5FA9CDEAE453"," {f4ba3e13-d91b-6a1f-0801-000000002300}"," 2332",C:\Windows\System32\cmd.exe,"C:\Windows\system32\cmd.exe  /S /D /c"" ( powershell Get-CimInstance -Namespace root/SecurityCenter2 -Classname AntivirusProduct & dir C:\ & dir C:\programdata & dir C:\Users & tasklist & dir ""C:\program files"" & dir ""C:\Windows\system32\config\systemprofile\Desktop"" & ipconfig /all & route print & net user & netstat -nao & systeminfo )""",System,0x3E7," {f4ba3e13-d594-6a1f-e703-000000000000}"," 0",,,,,,,,,,,,,,,,,,,,,,,Microsoft Corporation,Microsoft® Windows® Operating System,Windows PowerShell,10.0.14393.206 (rs1_release.160915-0644),PowerShell.EXE,,,,,,,,,,,,,,-,C.4f04b5de911bf0cd,C.4f04b5de911bf0cd
1780491691025,,,,,,,,,,,2026-06-03 07:34:52.094," {f4ba3e13-d91b-6a1f-0901-000000002300}",5168,C:\Windows\System32\WindowsPowerShell\v1.0\powershell.exe,,,NT AUTHORITY\SYSTEM,,,,,,,,,,C:\Windows\Temp\yi2oagkj.cwe.ps1,2026-06-03 07:34:52.094,,,,,,,,,,,,,,,,,,,,,,,,,,,,,,,,,,,,,,,-,C.4f04b5de911bf0cd,C.4f04b5de911bf0cd
1780491691025,,,,,,,,,,,2026-06-03 07:34:52.811," {f4ba3e13-d91c-6a1f-0a01-000000002300}",5128,C:\Windows\System32\tasklist.exe,tasklist  ,C:\Windows\system32\,NT AUTHORITY\SYSTEM,"MD5=6F2FDCF651A1650FC7B4FC5A860E4D9D,SHA256=27EDDAC6A2E5A74DF67C534393B0B025B03D61310748BE016DCE348A02D30A22,IMPHASH=9C5CFDDF3336412B8046D54234415205"," {f4ba3e13-d91b-6a1f-0801-000000002300}"," 2332",C:\Windows\System32\cmd.exe,"C:\Windows\system32\cmd.exe  /S /D /c"" ( powershell Get-CimInstance -Namespace root/SecurityCenter2 -Classname AntivirusProduct & dir C:\ & dir C:\programdata & dir C:\Users & tasklist & dir ""C:\program files"" & dir ""C:\Windows\system32\config\systemprofile\Desktop"" & ipconfig /all & route print & net user & netstat -nao & systeminfo )""",System,0x3E7," {f4ba3e13-d594-6a1f-e703-000000000000}"," 0",,,,,,,,,,,,,,,,,,,,,,,Microsoft Corporation,Microsoft® Windows® Operating System,Lists the current running tasks,10.0.14393.0 (rs1_release.160715-1616),tasklist.exe,,,,,,,,,,,,,,-,C.4f04b5de911bf0cd,C.4f04b5de911bf0cd
1780491691025,,,,,,,,,,,2026-06-03 07:34:52.949," {f4ba3e13-d91c-6a1f-0b01-000000002300}",5508,C:\Windows\System32\ipconfig.exe,ipconfig  /all ,C:\Windows\system32\,NT AUTHORITY\SYSTEM,"MD5=29916DCEA5377C19996B417D9235F42F,SHA256=5EE3FD7CA1AC876D0DE539D469BFC333594FCA3DF9F377CC96C756D9648697F1,IMPHASH=3636F50089F8190E3308E8AEA8F2043A"," {f4ba3e13-d91b-6a1f-0801-000000002300}"," 2332",C:\Windows\System32\cmd.exe,"C:\Windows\system32\cmd.exe  /S /D /c"" ( powershell Get-CimInstance -Namespace root/SecurityCenter2 -Classname AntivirusProduct & dir C:\ & dir C:\programdata & dir C:\Users & tasklist & dir ""C:\program files"" & dir ""C:\Windows\system32\config\systemprofile\Desktop"" & ipconfig /all & route print & net user & netstat -nao & systeminfo )""",System,0x3E7," {f4ba3e13-d594-6a1f-e703-000000000000}"," 0",,,,,,,,,,,,,,,,,,,,,,,Microsoft Corporation,Microsoft® Windows® Operating System,IP Configuration Utility,10.0.14393.0 (rs1_release.160715-1616),ipconfig.exe,,,,,,,,,,,,,,-,C.4f04b5de911bf0cd,C.4f04b5de911bf0cd
1780491691025,,,,,,,,,,,2026-06-03 07:34:53.029," {f4ba3e13-d91d-6a1f-0c01-000000002300}",5840,C:\Windows\System32\ROUTE.EXE,route  print ,C:\Windows\system32\,NT AUTHORITY\SYSTEM,"MD5=56AA12B243152DF359E79D143F248F1D,SHA256=BFE7A626BF3B9080997401969954AE0376476FD220E80CC52707FF31CE827D53,IMPHASH=B4266771AA756897B5C9C266177A6A5E"," {f4ba3e13-d91b-6a1f-0801-000000002300}"," 2332",C:\Windows\System32\cmd.exe,"C:\Windows\system32\cmd.exe  /S /D /c"" ( powershell Get-CimInstance -Namespace root/SecurityCenter2 -Classname AntivirusProduct & dir C:\ & dir C:\programdata & dir C:\Users & tasklist & dir ""C:\program files"" & dir ""C:\Windows\system32\config\systemprofile\Desktop"" & ipconfig /all & route print & net user & netstat -nao & systeminfo )""",System,0x3E7," {f4ba3e13-d594-6a1f-e703-000000000000}"," 0",,,,,,,,,,,,,,,,,,,,,,,Microsoft Corporation,Microsoft® Windows® Operating System,TCP/IP Route Command,10.0.14393.0 (rs1_release.160715-1616),route.exe,,,,,,,,,,,,,,-,C.4f04b5de911bf0cd,C.4f04b5de911bf0cd
1780491691025,,,,,,,,,,,2026-06-03 07:34:53.058," {f4ba3e13-d91d-6a1f-0d01-000000002300}",4448,C:\Windows\System32\net.exe,net  user ,C:\Windows\system32\,NT AUTHORITY\SYSTEM,"MD5=9B1E2A711EA151F766EA24389E2D4442,SHA256=7D76325D4092C9C9FE48B36C275C0255E461D8197A7960DF35DFBC270A9C6613,IMPHASH=C41B15F592DE4589047CE5119CE87468"," {f4ba3e13-d91b-6a1f-0801-000000002300}"," 2332",C:\Windows\System32\cmd.exe,"C:\Windows\system32\cmd.exe  /S /D /c"" ( powershell Get-CimInstance -Namespace root/SecurityCenter2 -Classname AntivirusProduct & dir C:\ & dir C:\programdata & dir C:\Users & tasklist & dir ""C:\program files"" & dir ""C:\Windows\system32\config\systemprofile\Desktop"" & ipconfig /all & route print & net user & netstat -nao & systeminfo )""",System,0x3E7," {f4ba3e13-d594-6a1f-e703-000000000000}"," 0",,,,,,,,,,,,,,,,,,,,,,,Microsoft Corporation,Microsoft® Windows® Operating System,Net Command,10.0.14393.0 (rs1_release.160715-1616),net.exe,,,,,,,,,,,,,,-,C.4f04b5de911bf0cd,C.4f04b5de911bf0cd
1780491691025,,,,,,,,,,,2026-06-03 07:34:53.067," {f4ba3e13-d91d-6a1f-0e01-000000002300}",5804,C:\Windows\System32\net1.exe,C:\Windows\system32\net1  user ,C:\Windows\system32\,NT AUTHORITY\SYSTEM,"MD5=946383ED00F5CD92DBCB7CDB878ED819,SHA256=E92A2FA67AD2F7367ABA1ABF237D245B5E36291C5A4A9F0FC04B3A0E32FF618E,IMPHASH=E2F26A4CA577CF6DBACE937727934F80"," {f4ba3e13-d91d-6a1f-0d01-000000002300}"," 4448",C:\Windows\System32\net.exe,net  user ,System,0x3E7," {f4ba3e13-d594-6a1f-e703-000000000000}"," 0",,,,,,,,,,,,,,,,,,,,,,,Microsoft Corporation,Microsoft® Windows® Operating System,Net Command,10.0.14393.0 (rs1_release.160715-1616),net1.exe,,,,,,,,,,,,,,-,C.4f04b5de911bf0cd,C.4f04b5de911bf0cd
1780491691025,,,,,,,,,,,2026-06-03 07:34:53.083," {f4ba3e13-d91d-6a1f-0f01-000000002300}",5812,C:\Windows\System32\NETSTAT.EXE,netstat  -nao ,C:\Windows\system32\,NT AUTHORITY\SYSTEM,"MD5=A96209882B0B2B29424E0F637D40A054,SHA256=9F070E1F4AA9AE0A5EA084FEBBD5983293E5748D0A5CC5D46098CB9271D2D508,IMPHASH=1CF0C01BB1C384844DD29F2A64D4E73F"," {f4ba3e13-d91b-6a1f-0801-000000002300}"," 2332",C:\Windows\System32\cmd.exe,"C:\Windows\system32\cmd.exe  /S /D /c"" ( powershell Get-CimInstance -Namespace root/SecurityCenter2 -Classname AntivirusProduct & dir C:\ & dir C:\programdata & dir C:\Users & tasklist & dir ""C:\program files"" & dir ""C:\Windows\system32\config\systemprofile\Desktop"" & ipconfig /all & route print & net user & netstat -nao & systeminfo )""",System,0x3E7," {f4ba3e13-d594-6a1f-e703-000000000000}"," 0",,,,,,,,,,,,,,,,,,,,,,,Microsoft Corporation,Microsoft® Windows® Operating System,TCP/IP Netstat Command,10.0.14393.0 (rs1_release.160715-1616),netstat.exe,,,,,,,,,,,,,,-,C.4f04b5de911bf0cd,C.4f04b5de911bf0cd
1780491691025,,,,,,,,,,,2026-06-03 07:35:01.340," {f4ba3e13-d925-6a1f-1001-000000002300}",4420,C:\Windows\System32\systeminfo.exe,systeminfo  ,C:\Windows\system32\,NT AUTHORITY\SYSTEM,"MD5=AA2FEF178C8252E8669F1F2BCE0C65CB,SHA256=C1C3436B2D55D7F7D75B9620A9FD0A911CD8573C67115AEBF25F474A69E61862,IMPHASH=84688563F9D77DB3E05516C07FBF43A3"," {f4ba3e13-d91b-6a1f-0801-000000002300}"," 2332",C:\Windows\System32\cmd.exe,"C:\Windows\system32\cmd.exe  /S /D /c"" ( powershell Get-CimInstance -Namespace root/SecurityCenter2 -Classname AntivirusProduct & dir C:\ & dir C:\programdata & dir C:\Users & tasklist & dir ""C:\program files"" & dir ""C:\Windows\system32\config\systemprofile\Desktop"" & ipconfig /all & route print & net user & netstat -nao & systeminfo )""",System,0x3E7," {f4ba3e13-d594-6a1f-e703-000000000000}"," 0",,,,,,,,,,,,,,,,,,,,,,,Microsoft Corporation,Microsoft® Windows® Operating System,Displays system information,10.0.14393.0 (rs1_release.160715-1616),sysinfo.exe,,,,,,,,,,,,,,-,C.4f04b5de911bf0cd,C.4f04b5de911bf0cd
1780491691025,,,,,,,,,,,2026-06-03 07:35:02.060," {f4ba3e13-d594-6a1f-0b00-000000002300}",652,C:\Windows\System32\lsass.exe,,,NT AUTHORITY\SYSTEM,,,,,,,,,,,,,,,,,,,,,,,,,,,,,,,,,,,,,,,,,,,,,,,WIN-AREA23PG7FQ.CHILD.APT.LOCAL," 0",fe80::8fd:1fd8:3f56:dd44;2001:0:c0a9:22c7:8fd:1fd8:3f56:dd44;fe80::200:5efe:192.169.34.187;,-,C.4f04b5de911bf0cd,C.4f04b5de911bf0cd
1780491691025,,,,,,,,,,,2026-06-03 07:35:02.060," {f4ba3e13-d594-6a1f-0b00-000000002300}",652,C:\Windows\System32\lsass.exe,,,NT AUTHORITY\SYSTEM,,,,,,,,,,,,,,,,,,,,,,,,,,,,,,,,,,,,,,,,,,,,,,,WIN-AREA23PG7FQ.CHILD.APT.LOCAL," 0",192.169.34.187;,-,C.4f04b5de911bf0cd,C.4f04b5de911bf0cd
1780491691025,,,,,,,,,,,2026-06-03 07:35:21.493," {f4ba3e13-d939-6a1f-1101-000000002300}",6004,C:\Windows\System32\cmd.exe,"cmd.exe /c chcp 949|(powershell Get-CimInstance -Namespace root/SecurityCenter2 -Classname AntivirusProduct & dir C:\ & dir C:\programdata & dir C:\Users & tasklist & dir ""C:\program files"" & dir ""%%USERPROFILE%%\Desktop"" & ipconfig /all & route print & net user & netstat -nao & systeminfo) & reg query HKEY_CURRENT_USER\Software\Microsoft\Windows\CurrentVersion\Run > ""C:\Users\ADMINI~1\AppData\Local\Temp\2At6A35.tmp""",C:\Users\Administrator\Desktop\,CHILD\Administrator,"MD5=F4F684066175B77E0C3A000549D2922C,SHA256=935C1861DF1F4018D698E8B65ABFA02D7E9037D8F68CA3C2065B6CA165D44AD2,IMPHASH=3062ED732D4B25D1C64F084DAC97D37A"," {f4ba3e13-d893-6a1f-d700-000000002300}"," 2360",C:\Windows\System32\rundll32.exe,"""C:\Windows\system32\rundll32.exe"" C:\Windows\..\ProgramData\kE2I3TP.crqn load ",High,0x45940," {f4ba3e13-d610-6a1f-4059-040000000000}"," 1",,,,,,,,,,,,,,,,,,,,,,,Microsoft Corporation,Microsoft® Windows® Operating System,Windows Command Processor,10.0.14393.0 (rs1_release.160715-1616),Cmd.Exe,,,,,,,,,,,,,,-,C.4f04b5de911bf0cd,C.4f04b5de911bf0cd
1780491691025,,,,,,,,,,,2026-06-03 07:35:21.521," {f4ba3e13-d939-6a1f-1301-000000002300}",4572,C:\Windows\System32\chcp.com,chcp  949,C:\Users\Administrator\Desktop\,CHILD\Administrator,"MD5=BA6FD5B883C0899785D17CEBE66A25F6,SHA256=9FDBDF88CF2BB2794C416E3083553F2898AC9DC92DFAC2478B4C1DF667DF7C74,IMPHASH=4FB30D6E330F3FB3DB61550BD7FA7CCD"," {f4ba3e13-d939-6a1f-1101-000000002300}"," 6004",C:\Windows\System32\cmd.exe,"cmd.exe /c chcp 949|(powershell Get-CimInstance -Namespace root/SecurityCenter2 -Classname AntivirusProduct & dir C:\ & dir C:\programdata & dir C:\Users & tasklist & dir ""C:\program files"" & dir ""%USERPROFILE%\Desktop"" & ipconfig /all & route print & net user & netstat -nao & systeminfo) & reg query HKEY_CURRENT_USER\Software\Microsoft\Windows\CurrentVersion\Run > ""C:\Users\ADMINI~1\AppData\Local\Temp\2At6A35.tmp""",High,0x45940," {f4ba3e13-d610-6a1f-4059-040000000000}"," 1",,,,,,,,,,,,,,,,,,,,,,,Microsoft Corporation,Microsoft® Windows® Operating System,Change CodePage Utility,10.0.14393.0 (rs1_release.160715-1616),CHCP.COM,,,,,,,,,,,,,,-,C.4f04b5de911bf0cd,C.4f04b5de911bf0cd
1780491691025,,,,,,,,,,,2026-06-03 07:35:21.525," {f4ba3e13-d939-6a1f-1401-000000002300}",4624,C:\Windows\System32\cmd.exe,"C:\Windows\system32\cmd.exe  /S /D /c"" ( powershell Get-CimInstance -Namespace root/SecurityCenter2 -Classname AntivirusProduct & dir C:\ & dir C:\programdata & dir C:\Users & tasklist & dir ""C:\program files"" & dir ""C:\Users\Administrator\Desktop"" & ipconfig /all & route print & net user & netstat -nao & systeminfo )""",C:\Users\Administrator\Desktop\,CHILD\Administrator,"MD5=F4F684066175B77E0C3A000549D2922C,SHA256=935C1861DF1F4018D698E8B65ABFA02D7E9037D8F68CA3C2065B6CA165D44AD2,IMPHASH=3062ED732D4B25D1C64F084DAC97D37A"," {f4ba3e13-d939-6a1f-1101-000000002300}"," 6004",C:\Windows\System32\cmd.exe,"cmd.exe /c chcp 949|(powershell Get-CimInstance -Namespace root/SecurityCenter2 -Classname AntivirusProduct & dir C:\ & dir C:\programdata & dir C:\Users & tasklist & dir ""C:\program files"" & dir ""%USERPROFILE%\Desktop"" & ipconfig /all & route print & net user & netstat -nao & systeminfo) & reg query HKEY_CURRENT_USER\Software\Microsoft\Windows\CurrentVersion\Run > ""C:\Users\ADMINI~1\AppData\Local\Temp\2At6A35.tmp""",High,0x45940," {f4ba3e13-d610-6a1f-4059-040000000000}"," 1",,,,,,,,,,,,,,,,,,,,,,,Microsoft Corporation,Microsoft® Windows® Operating System,Windows Command Processor,10.0.14393.0 (rs1_release.160715-1616),Cmd.Exe,,,,,,,,,,,,,,-,C.4f04b5de911bf0cd,C.4f04b5de911bf0cd
1780491691025,,,,,,,,,,,2026-06-03 07:35:21.533," {f4ba3e13-d939-6a1f-1501-000000002300}",5108,C:\Windows\System32\WindowsPowerShell\v1.0\powershell.exe,powershell  Get-CimInstance -Namespace root/SecurityCenter2 -Classname AntivirusProduct ,C:\Users\Administrator\Desktop\,CHILD\Administrator,"MD5=097CE5761C89434367598B34FE32893B,SHA256=BA4038FD20E474C047BE8AAD5BFACDB1BFC1DDBE12F803F473B7918D8D819436,IMPHASH=CAEE994F79D85E47C06E5FA9CDEAE453"," {f4ba3e13-d939-6a1f-1401-000000002300}"," 4624",C:\Windows\System32\cmd.exe,"C:\Windows\system32\cmd.exe  /S /D /c"" ( powershell Get-CimInstance -Namespace root/SecurityCenter2 -Classname AntivirusProduct & dir C:\ & dir C:\programdata & dir C:\Users & tasklist & dir ""C:\program files"" & dir ""C:\Users\Administrator\Desktop"" & ipconfig /all & route print & net user & netstat -nao & systeminfo )""",High,0x45940," {f4ba3e13-d610-6a1f-4059-040000000000}"," 1",,,,,,,,,,,,,,,,,,,,,,,Microsoft Corporation,Microsoft® Windows® Operating System,Windows PowerShell,10.0.14393.206 (rs1_release.160915-0644),PowerShell.EXE,,,,,,,,,,,,,,-,C.4f04b5de911bf0cd,C.4f04b5de911bf0cd
1780491691025,,,,,,,,,,,2026-06-03 07:35:21.710," {f4ba3e13-d939-6a1f-1501-000000002300}",5108,C:\Windows\System32\WindowsPowerShell\v1.0\powershell.exe,,,CHILD\Administrator,,,,,,,,,,C:\Users\Administrator\AppData\Local\Temp\enfrdxpd.wem.ps1,2026-06-03 07:35:21.710,,,,,,,,,,,,,,,,,,,,,,,,,,,,,,,,,,,,,,,-,C.4f04b5de911bf0cd,C.4f04b5de911bf0cd
1780491691025,,,,,,,,,,,2026-06-03 07:35:22.082," {f4ba3e13-d93a-6a1f-1601-000000002300}",2532,C:\Windows\System32\tasklist.exe,tasklist  ,C:\Users\Administrator\Desktop\,CHILD\Administrator,"MD5=6F2FDCF651A1650FC7B4FC5A860E4D9D,SHA256=27EDDAC6A2E5A74DF67C534393B0B025B03D61310748BE016DCE348A02D30A22,IMPHASH=9C5CFDDF3336412B8046D54234415205"," {f4ba3e13-d939-6a1f-1401-000000002300}"," 4624",C:\Windows\System32\cmd.exe,"C:\Windows\system32\cmd.exe  /S /D /c"" ( powershell Get-CimInstance -Namespace root/SecurityCenter2 -Classname AntivirusProduct & dir C:\ & dir C:\programdata & dir C:\Users & tasklist & dir ""C:\program files"" & dir ""C:\Users\Administrator\Desktop"" & ipconfig /all & route print & net user & netstat -nao & systeminfo )""",High,0x45940," {f4ba3e13-d610-6a1f-4059-040000000000}"," 1",,,,,,,,,,,,,,,,,,,,,,,Microsoft Corporation,Microsoft® Windows® Operating System,Lists the current running tasks,10.0.14393.0 (rs1_release.160715-1616),tasklist.exe,,,,,,,,,,,,,,-,C.4f04b5de911bf0cd,C.4f04b5de911bf0cd
1780491691025,,,,,,,,,,,2026-06-03 07:35:22.219," {f4ba3e13-d93a-6a1f-1701-000000002300}",5772,C:\Windows\System32\ipconfig.exe,ipconfig  /all ,C:\Users\Administrator\Desktop\,CHILD\Administrator,"MD5=29916DCEA5377C19996B417D9235F42F,SHA256=5EE3FD7CA1AC876D0DE539D469BFC333594FCA3DF9F377CC96C756D9648697F1,IMPHASH=3636F50089F8190E3308E8AEA8F2043A"," {f4ba3e13-d939-6a1f-1401-000000002300}"," 4624",C:\Windows\System32\cmd.exe,"C:\Windows\system32\cmd.exe  /S /D /c"" ( powershell Get-CimInstance -Namespace root/SecurityCenter2 -Classname AntivirusProduct & dir C:\ & dir C:\programdata & dir C:\Users & tasklist & dir ""C:\program files"" & dir ""C:\Users\Administrator\Desktop"" & ipconfig /all & route print & net user & netstat -nao & systeminfo )""",High,0x45940," {f4ba3e13-d610-6a1f-4059-040000000000}"," 1",,,,,,,,,,,,,,,,,,,,,,,Microsoft Corporation,Microsoft® Windows® Operating System,IP Configuration Utility,10.0.14393.0 (rs1_release.160715-1616),ipconfig.exe,,,,,,,,,,,,,,-,C.4f04b5de911bf0cd,C.4f04b5de911bf0cd
1780491691025,,,,,,,,,,,2026-06-03 07:35:22.300," {f4ba3e13-d93a-6a1f-1801-000000002300}",4208,C:\Windows\System32\ROUTE.EXE,route  print ,C:\Users\Administrator\Desktop\,CHILD\Administrator,"MD5=56AA12B243152DF359E79D143F248F1D,SHA256=BFE7A626BF3B9080997401969954AE0376476FD220E80CC52707FF31CE827D53,IMPHASH=B4266771AA756897B5C9C266177A6A5E"," {f4ba3e13-d939-6a1f-1401-000000002300}"," 4624",C:\Windows\System32\cmd.exe,"C:\Windows\system32\cmd.exe  /S /D /c"" ( powershell Get-CimInstance -Namespace root/SecurityCenter2 -Classname AntivirusProduct & dir C:\ & dir C:\programdata & dir C:\Users & tasklist & dir ""C:\program files"" & dir ""C:\Users\Administrator\Desktop"" & ipconfig /all & route print & net user & netstat -nao & systeminfo )""",High,0x45940," {f4ba3e13-d610-6a1f-4059-040000000000}"," 1",,,,,,,,,,,,,,,,,,,,,,,Microsoft Corporation,Microsoft® Windows® Operating System,TCP/IP Route Command,10.0.14393.0 (rs1_release.160715-1616),route.exe,,,,,,,,,,,,,,-,C.4f04b5de911bf0cd,C.4f04b5de911bf0cd
1780491691025,,,,,,,,,,,2026-06-03 07:35:22.329," {f4ba3e13-d93a-6a1f-1901-000000002300}",5784,C:\Windows\System32\net.exe,net  user ,C:\Users\Administrator\Desktop\,CHILD\Administrator,"MD5=9B1E2A711EA151F766EA24389E2D4442,SHA256=7D76325D4092C9C9FE48B36C275C0255E461D8197A7960DF35DFBC270A9C6613,IMPHASH=C41B15F592DE4589047CE5119CE87468"," {f4ba3e13-d939-6a1f-1401-000000002300}"," 4624",C:\Windows\System32\cmd.exe,"C:\Windows\system32\cmd.exe  /S /D /c"" ( powershell Get-CimInstance -Namespace root/SecurityCenter2 -Classname AntivirusProduct & dir C:\ & dir C:\programdata & dir C:\Users & tasklist & dir ""C:\program files"" & dir ""C:\Users\Administrator\Desktop"" & ipconfig /all & route print & net user & netstat -nao & systeminfo )""",High,0x45940," {f4ba3e13-d610-6a1f-4059-040000000000}"," 1",,,,,,,,,,,,,,,,,,,,,,,Microsoft Corporation,Microsoft® Windows® Operating System,Net Command,10.0.14393.0 (rs1_release.160715-1616),net.exe,,,,,,,,,,,,,,-,C.4f04b5de911bf0cd,C.4f04b5de911bf0cd
1780491691025,,,,,,,,,,,2026-06-03 07:35:22.337," {f4ba3e13-d93a-6a1f-1a01-000000002300}",5644,C:\Windows\System32\net1.exe,C:\Windows\system32\net1  user ,C:\Users\Administrator\Desktop\,CHILD\Administrator,"MD5=946383ED00F5CD92DBCB7CDB878ED819,SHA256=E92A2FA67AD2F7367ABA1ABF237D245B5E36291C5A4A9F0FC04B3A0E32FF618E,IMPHASH=E2F26A4CA577CF6DBACE937727934F80"," {f4ba3e13-d93a-6a1f-1901-000000002300}"," 5784",C:\Windows\System32\net.exe,net  user ,High,0x45940," {f4ba3e13-d610-6a1f-4059-040000000000}"," 1",,,,,,,,,,,,,,,,,,,,,,,Microsoft Corporation,Microsoft® Windows® Operating System,Net Command,10.0.14393.0 (rs1_release.160715-1616),net1.exe,,,,,,,,,,,,,,-,C.4f04b5de911bf0cd,C.4f04b5de911bf0cd
1780491691025,,,,,,,,,,,2026-06-03 07:35:22.354," {f4ba3e13-d93a-6a1f-1b01-000000002300}",5648,C:\Windows\System32\NETSTAT.EXE,netstat  -nao ,C:\Users\Administrator\Desktop\,CHILD\Administrator,"MD5=A96209882B0B2B29424E0F637D40A054,SHA256=9F070E1F4AA9AE0A5EA084FEBBD5983293E5748D0A5CC5D46098CB9271D2D508,IMPHASH=1CF0C01BB1C384844DD29F2A64D4E73F"," {f4ba3e13-d939-6a1f-1401-000000002300}"," 4624",C:\Windows\System32\cmd.exe,"C:\Windows\system32\cmd.exe  /S /D /c"" ( powershell Get-CimInstance -Namespace root/SecurityCenter2 -Classname AntivirusProduct & dir C:\ & dir C:\programdata & dir C:\Users & tasklist & dir ""C:\program files"" & dir ""C:\Users\Administrator\Desktop"" & ipconfig /all & route print & net user & netstat -nao & systeminfo )""",High,0x45940," {f4ba3e13-d610-6a1f-4059-040000000000}"," 1",,,,,,,,,,,,,,,,,,,,,,,Microsoft Corporation,Microsoft® Windows® Operating System,TCP/IP Netstat Command,10.0.14393.0 (rs1_release.160715-1616),netstat.exe,,,,,,,,,,,,,,-,C.4f04b5de911bf0cd,C.4f04b5de911bf0cd
